# Authored Vouch farm heightfield. Baked, not generated at runtime.
# L1b / QA plate: sealed (top + skirts + underside), CCW upward winding.
o FarmHills
v -72.0000 0.0800 -60.0000
v -70.0000 0.0829 -60.0000
v -68.0000 0.0800 -60.0000
v -66.0000 0.0800 -60.0000
v -64.0000 0.0800 -60.0000
v -62.0000 0.0800 -60.0000
v -60.0000 0.2462 -60.0000
v -58.0000 0.0800 -60.0000
v -56.0000 0.0800 -60.0000
v -54.0000 0.1156 -60.0000
v -52.0000 0.0956 -60.0000
v -50.0000 0.1532 -60.0000
v -48.0000 0.2284 -60.0000
v -46.0000 0.2322 -60.0000
v -44.0000 0.2442 -60.0000
v -42.0000 0.0800 -60.0000
v -40.0000 0.0800 -60.0000
v -38.0000 0.0800 -60.0000
v -36.0000 0.0800 -60.0000
v -34.0000 0.2541 -60.0000
v -32.0000 0.0800 -60.0000
v -30.0000 0.2223 -60.0000
v -28.0000 0.1475 -60.0000
v -26.0000 0.0996 -60.0000
v -24.0000 0.0800 -60.0000
v -22.0000 0.0800 -60.0000
v -20.0000 0.2072 -60.0000
v -18.0000 0.1206 -60.0000
v -16.0000 0.2312 -60.0000
v -14.0000 0.0875 -60.0000
v -12.0000 0.2098 -60.0000
v -10.0000 0.0800 -60.0000
v -8.0000 0.0800 -60.0000
v -6.0000 0.0800 -60.0000
v -4.0000 0.0813 -60.0000
v -2.0000 0.0800 -60.0000
v 0.0000 0.0800 -60.0000
v 2.0000 0.2491 -60.0000
v 4.0000 0.0800 -60.0000
v 6.0000 0.0800 -60.0000
v 8.0000 0.0910 -60.0000
v 10.0000 0.0800 -60.0000
v 12.0000 0.1806 -60.0000
v 14.0000 0.2002 -60.0000
v 16.0000 0.0800 -60.0000
v 18.0000 0.1364 -60.0000
v 20.0000 0.0800 -60.0000
v 22.0000 0.1439 -60.0000
v 24.0000 0.1032 -60.0000
v 26.0000 0.1586 -60.0000
v 28.0000 0.2219 -60.0000
v 30.0000 0.1848 -60.0000
v 32.0000 0.1573 -60.0000
v 34.0000 0.1817 -60.0000
v 36.0000 0.0800 -60.0000
v 38.0000 0.0800 -60.0000
v 40.0000 0.0800 -60.0000
v 42.0000 0.0800 -60.0000
v 44.0000 0.0800 -60.0000
v 46.0000 0.0800 -60.0000
v 48.0000 0.1693 -60.0000
v 50.0000 0.0800 -60.0000
v 52.0000 0.0800 -60.0000
v 54.0000 0.0800 -60.0000
v 56.0000 0.0800 -60.0000
v 58.0000 0.1739 -60.0000
v 60.0000 0.1353 -60.0000
v 62.0000 0.0967 -60.0000
v 64.0000 0.0800 -60.0000
v 66.0000 0.0800 -60.0000
v 68.0000 0.2309 -60.0000
v 70.0000 0.1789 -60.0000
v 72.0000 0.0800 -60.0000
v -72.0000 0.1750 -58.0000
v -70.0000 0.1380 -58.0000
v -68.0000 0.2496 -58.0000
v -66.0000 0.2057 -58.0000
v -64.0000 0.2170 -58.0000
v -62.0000 0.0800 -58.0000
v -60.0000 0.0800 -58.0000
v -58.0000 0.0800 -58.0000
v -56.0000 0.1974 -58.0000
v -54.0000 0.0800 -58.0000
v -52.0000 0.0983 -58.0000
v -50.0000 0.0800 -58.0000
v -48.0000 0.0967 -58.0000
v -46.0000 0.0800 -58.0000
v -44.0000 0.0800 -58.0000
v -42.0000 0.1014 -58.0000
v -40.0000 0.0800 -58.0000
v -38.0000 0.0954 -58.0000
v -36.0000 0.0800 -58.0000
v -34.0000 0.0800 -58.0000
v -32.0000 0.0800 -58.0000
v -30.0000 0.0821 -58.0000
v -28.0000 0.0800 -58.0000
v -26.0000 0.0800 -58.0000
v -24.0000 0.0800 -58.0000
v -22.0000 0.0800 -58.0000
v -20.0000 0.0800 -58.0000
v -18.0000 0.0800 -58.0000
v -16.0000 0.0800 -58.0000
v -14.0000 0.0800 -58.0000
v -12.0000 0.2278 -58.0000
v -10.0000 0.0800 -58.0000
v -8.0000 0.0849 -58.0000
v -6.0000 0.0800 -58.0000
v -4.0000 0.0800 -58.0000
v -2.0000 0.2470 -58.0000
v 0.0000 0.0800 -58.0000
v 2.0000 0.1414 -58.0000
v 4.0000 0.0800 -58.0000
v 6.0000 0.0800 -58.0000
v 8.0000 0.0800 -58.0000
v 10.0000 0.2442 -58.0000
v 12.0000 0.2115 -58.0000
v 14.0000 0.1244 -58.0000
v 16.0000 0.0800 -58.0000
v 18.0000 0.0800 -58.0000
v 20.0000 0.0800 -58.0000
v 22.0000 0.2128 -58.0000
v 24.0000 0.0800 -58.0000
v 26.0000 0.1113 -58.0000
v 28.0000 0.0800 -58.0000
v 30.0000 0.0811 -58.0000
v 32.0000 0.0800 -58.0000
v 34.0000 0.0800 -58.0000
v 36.0000 0.2315 -58.0000
v 38.0000 0.0865 -58.0000
v 40.0000 0.0800 -58.0000
v 42.0000 0.0800 -58.0000
v 44.0000 0.0800 -58.0000
v 46.0000 0.0800 -58.0000
v 48.0000 0.1978 -58.0000
v 50.0000 0.1906 -58.0000
v 52.0000 0.0800 -58.0000
v 54.0000 0.0899 -58.0000
v 56.0000 0.0800 -58.0000
v 58.0000 0.2497 -58.0000
v 60.0000 0.2005 -58.0000
v 62.0000 0.1094 -58.0000
v 64.0000 0.0800 -58.0000
v 66.0000 0.0889 -58.0000
v 68.0000 0.2157 -58.0000
v 70.0000 0.0800 -58.0000
v 72.0000 0.0800 -58.0000
v -72.0000 0.0929 -56.0000
v -70.0000 0.2157 -56.0000
v -68.0000 0.1241 -56.0000
v -66.0000 0.0800 -56.0000
v -64.0000 0.0800 -56.0000
v -62.0000 0.0800 -56.0000
v -60.0000 0.1543 -56.0000
v -58.0000 0.1110 -56.0000
v -56.0000 0.1700 -56.0000
v -54.0000 0.0800 -56.0000
v -52.0000 0.0800 -56.0000
v -50.0000 0.0800 -56.0000
v -48.0000 0.0822 -56.0000
v -46.0000 0.0800 -56.0000
v -44.0000 0.1025 -56.0000
v -42.0000 0.1791 -56.0000
v -40.0000 0.1447 -56.0000
v -38.0000 0.0800 -56.0000
v -36.0000 0.0800 -56.0000
v -34.0000 0.2499 -56.0000
v -32.0000 0.0800 -56.0000
v -30.0000 0.0800 -56.0000
v -28.0000 0.1436 -56.0000
v -26.0000 0.0800 -56.0000
v -24.0000 0.0800 -56.0000
v -22.0000 0.0800 -56.0000
v -20.0000 0.1716 -56.0000
v -18.0000 0.0800 -56.0000
v -16.0000 0.0800 -56.0000
v -14.0000 0.2559 -56.0000
v -12.0000 0.0800 -56.0000
v -10.0000 0.1416 -56.0000
v -8.0000 0.2236 -56.0000
v -6.0000 0.2435 -56.0000
v -4.0000 0.0800 -56.0000
v -2.0000 0.0800 -56.0000
v 0.0000 0.0800 -56.0000
v 2.0000 0.0944 -56.0000
v 4.0000 0.2483 -56.0000
v 6.0000 0.0800 -56.0000
v 8.0000 0.0800 -56.0000
v 10.0000 0.0800 -56.0000
v 12.0000 0.0800 -56.0000
v 14.0000 0.0800 -56.0000
v 16.0000 0.0800 -56.0000
v 18.0000 0.2537 -56.0000
v 20.0000 0.2062 -56.0000
v 22.0000 0.0800 -56.0000
v 24.0000 0.1183 -56.0000
v 26.0000 0.0800 -56.0000
v 28.0000 0.0800 -56.0000
v 30.0000 0.2079 -56.0000
v 32.0000 0.0800 -56.0000
v 34.0000 0.1914 -56.0000
v 36.0000 0.1525 -56.0000
v 38.0000 0.0800 -56.0000
v 40.0000 0.1067 -56.0000
v 42.0000 0.1940 -56.0000
v 44.0000 0.1912 -56.0000
v 46.0000 0.0800 -56.0000
v 48.0000 0.0800 -56.0000
v 50.0000 0.0800 -56.0000
v 52.0000 0.0800 -56.0000
v 54.0000 0.2149 -56.0000
v 56.0000 0.0800 -56.0000
v 58.0000 0.2236 -56.0000
v 60.0000 0.0800 -56.0000
v 62.0000 0.1185 -56.0000
v 64.0000 0.2172 -56.0000
v 66.0000 0.0868 -56.0000
v 68.0000 0.0800 -56.0000
v 70.0000 0.0800 -56.0000
v 72.0000 0.1314 -56.0000
v -72.0000 0.0972 -54.0000
v -70.0000 0.0800 -54.0000
v -68.0000 0.2358 -54.0000
v -66.0000 0.0800 -54.0000
v -64.0000 0.0800 -54.0000
v -62.0000 0.2323 -54.0000
v -60.0000 0.0911 -54.0000
v -58.0000 0.1232 -54.0000
v -56.0000 0.1545 -54.0000
v -54.0000 0.0800 -54.0000
v -52.0000 0.0800 -54.0000
v -50.0000 0.2050 -54.0000
v -48.0000 0.2129 -54.0000
v -46.0000 0.0817 -54.0000
v -44.0000 0.2504 -54.0000
v -42.0000 0.1856 -54.0000
v -40.0000 0.1800 -54.0000
v -38.0000 0.1194 -54.0000
v -36.0000 0.0800 -54.0000
v -34.0000 0.0800 -54.0000
v -32.0000 0.0888 -54.0000
v -30.0000 0.0800 -54.0000
v -28.0000 0.1958 -54.0000
v -26.0000 0.2038 -54.0000
v -24.0000 0.0800 -54.0000
v -22.0000 0.0800 -54.0000
v -20.0000 0.1852 -54.0000
v -18.0000 0.0800 -54.0000
v -16.0000 0.2560 -54.0000
v -14.0000 0.1899 -54.0000
v -12.0000 0.0800 -54.0000
v -10.0000 0.1915 -54.0000
v -8.0000 0.0800 -54.0000
v -6.0000 0.2045 -54.0000
v -4.0000 0.1466 -54.0000
v -2.0000 0.1669 -54.0000
v 0.0000 0.0800 -54.0000
v 2.0000 0.0800 -54.0000
v 4.0000 0.2118 -54.0000
v 6.0000 0.1379 -54.0000
v 8.0000 0.0800 -54.0000
v 10.0000 0.0800 -54.0000
v 12.0000 0.1440 -54.0000
v 14.0000 0.0800 -54.0000
v 16.0000 0.0800 -54.0000
v 18.0000 0.1469 -54.0000
v 20.0000 0.0800 -54.0000
v 22.0000 0.1626 -54.0000
v 24.0000 0.0800 -54.0000
v 26.0000 0.1126 -54.0000
v 28.0000 0.0800 -54.0000
v 30.0000 0.1158 -54.0000
v 32.0000 0.0800 -54.0000
v 34.0000 0.1895 -54.0000
v 36.0000 0.2524 -54.0000
v 38.0000 0.1237 -54.0000
v 40.0000 0.1524 -54.0000
v 42.0000 0.0800 -54.0000
v 44.0000 0.0800 -54.0000
v 46.0000 0.0800 -54.0000
v 48.0000 0.2278 -54.0000
v 50.0000 0.0800 -54.0000
v 52.0000 0.0800 -54.0000
v 54.0000 0.0915 -54.0000
v 56.0000 0.0800 -54.0000
v 58.0000 0.1645 -54.0000
v 60.0000 0.1706 -54.0000
v 62.0000 0.2394 -54.0000
v 64.0000 0.1709 -54.0000
v 66.0000 0.1998 -54.0000
v 68.0000 0.0800 -54.0000
v 70.0000 0.2232 -54.0000
v 72.0000 0.0800 -54.0000
v -72.0000 0.0800 -52.0000
v -70.0000 0.0800 -52.0000
v -68.0000 0.0800 -52.0000
v -66.0000 0.0800 -52.0000
v -64.0000 0.0800 -52.0000
v -62.0000 0.0800 -52.0000
v -60.0000 0.1901 -52.0000
v -58.0000 0.0800 -52.0000
v -56.0000 0.1949 -52.0000
v -54.0000 0.0800 -52.0000
v -52.0000 0.0976 -52.0000
v -50.0000 0.0800 -52.0000
v -48.0000 0.0800 -52.0000
v -46.0000 0.1318 -52.0000
v -44.0000 0.0800 -52.0000
v -42.0000 0.2101 -52.0000
v -40.0000 0.1881 -52.0000
v -38.0000 0.0800 -52.0000
v -36.0000 0.0800 -52.0000
v -34.0000 0.2489 -52.0000
v -32.0000 0.0800 -52.0000
v -30.0000 0.0800 -52.0000
v -28.0000 0.0800 -52.0000
v -26.0000 0.0800 -52.0000
v -24.0000 0.0800 -52.0000
v -22.0000 0.0800 -52.0000
v -20.0000 0.2137 -52.0000
v -18.0000 0.1568 -52.0000
v -16.0000 0.0800 -52.0000
v -14.0000 0.1276 -52.0000
v -12.0000 0.1080 -52.0000
v -10.0000 0.2179 -52.0000
v -8.0000 0.1442 -52.0000
v -6.0000 0.0800 -52.0000
v -4.0000 0.0800 -52.0000
v -2.0000 0.1927 -52.0000
v 0.0000 0.2040 -52.0000
v 2.0000 0.1012 -52.0000
v 4.0000 0.2495 -52.0000
v 6.0000 0.2531 -52.0000
v 8.0000 0.0800 -52.0000
v 10.0000 0.0800 -52.0000
v 12.0000 0.1487 -52.0000
v 14.0000 0.2310 -52.0000
v 16.0000 0.1352 -52.0000
v 18.0000 0.0910 -52.0000
v 20.0000 0.0800 -52.0000
v 22.0000 0.0800 -52.0000
v 24.0000 0.0800 -52.0000
v 26.0000 0.0800 -52.0000
v 28.0000 0.0800 -52.0000
v 30.0000 0.0800 -52.0000
v 32.0000 0.1981 -52.0000
v 34.0000 0.0800 -52.0000
v 36.0000 0.1921 -52.0000
v 38.0000 0.1168 -52.0000
v 40.0000 0.2381 -52.0000
v 42.0000 0.1496 -52.0000
v 44.0000 0.0800 -52.0000
v 46.0000 0.1212 -52.0000
v 48.0000 0.0800 -52.0000
v 50.0000 0.1430 -52.0000
v 52.0000 0.0800 -52.0000
v 54.0000 0.0800 -52.0000
v 56.0000 0.1901 -52.0000
v 58.0000 0.1764 -52.0000
v 60.0000 0.0800 -52.0000
v 62.0000 0.1803 -52.0000
v 64.0000 0.0833 -52.0000
v 66.0000 0.2020 -52.0000
v 68.0000 0.0800 -52.0000
v 70.0000 0.1417 -52.0000
v 72.0000 0.2091 -52.0000
v -72.0000 0.0800 -50.0000
v -70.0000 0.0800 -50.0000
v -68.0000 0.0800 -50.0000
v -66.0000 0.0800 -50.0000
v -64.0000 0.0800 -50.0000
v -62.0000 0.2445 -50.0000
v -60.0000 0.0800 -50.0000
v -58.0000 0.1548 -50.0000
v -56.0000 0.0800 -50.0000
v -54.0000 0.0800 -50.0000
v -52.0000 0.1302 -50.0000
v -50.0000 0.1332 -50.0000
v -48.0000 0.2534 -50.0000
v -46.0000 0.2536 -50.0000
v -44.0000 0.2101 -50.0000
v -42.0000 0.0800 -50.0000
v -40.0000 0.0800 -50.0000
v -38.0000 0.1683 -50.0000
v -36.0000 0.0800 -50.0000
v -34.0000 0.1074 -50.0000
v -32.0000 0.1198 -50.0000
v -30.0000 0.0800 -50.0000
v -28.0000 0.1668 -50.0000
v -26.0000 0.0800 -50.0000
v -24.0000 0.0800 -50.0000
v -22.0000 0.0800 -50.0000
v -20.0000 0.2372 -50.0000
v -18.0000 0.0800 -50.0000
v -16.0000 0.1763 -50.0000
v -14.0000 0.1029 -50.0000
v -12.0000 0.1372 -50.0000
v -10.0000 0.0800 -50.0000
v -8.0000 0.0800 -50.0000
v -6.0000 0.0800 -50.0000
v -4.0000 0.0800 -50.0000
v -2.0000 0.0800 -50.0000
v 0.0000 0.0800 -50.0000
v 2.0000 0.0926 -50.0000
v 4.0000 0.1941 -50.0000
v 6.0000 0.1405 -50.0000
v 8.0000 0.0800 -50.0000
v 10.0000 0.2131 -50.0000
v 12.0000 0.2081 -50.0000
v 14.0000 0.2374 -50.0000
v 16.0000 0.0800 -50.0000
v 18.0000 0.2300 -50.0000
v 20.0000 0.1319 -50.0000
v 22.0000 0.0800 -50.0000
v 24.0000 0.1337 -50.0000
v 26.0000 0.0800 -50.0000
v 28.0000 0.1928 -50.0000
v 30.0000 0.0800 -50.0000
v 32.0000 0.0800 -50.0000
v 34.0000 0.0800 -50.0000
v 36.0000 0.0800 -50.0000
v 38.0000 0.0800 -50.0000
v 40.0000 0.1787 -50.0000
v 42.0000 0.1027 -50.0000
v 44.0000 0.1382 -50.0000
v 46.0000 0.1408 -50.0000
v 48.0000 0.0800 -50.0000
v 50.0000 0.0800 -50.0000
v 52.0000 0.0800 -50.0000
v 54.0000 0.0800 -50.0000
v 56.0000 0.1080 -50.0000
v 58.0000 0.2340 -50.0000
v 60.0000 0.0800 -50.0000
v 62.0000 0.0800 -50.0000
v 64.0000 0.0800 -50.0000
v 66.0000 0.2060 -50.0000
v 68.0000 0.0800 -50.0000
v 70.0000 0.1368 -50.0000
v 72.0000 0.1443 -50.0000
v -72.0000 0.0800 -48.0000
v -70.0000 0.1523 -48.0000
v -68.0000 0.1448 -48.0000
v -66.0000 0.0800 -48.0000
v -64.0000 0.0800 -48.0000
v -62.0000 0.2374 -48.0000
v -60.0000 0.0856 -48.0000
v -58.0000 0.0800 -48.0000
v -56.0000 0.3608 -48.0000
v -54.0000 0.4909 -48.0000
v -52.0000 0.8674 -48.0000
v -50.0000 0.7374 -48.0000
v -48.0000 0.6242 -48.0000
v -46.0000 0.6852 -48.0000
v -44.0000 0.2527 -48.0000
v -42.0000 0.0800 -48.0000
v -40.0000 0.1570 -48.0000
v -38.0000 0.0800 -48.0000
v -36.0000 0.0800 -48.0000
v -34.0000 0.0800 -48.0000
v -32.0000 0.0800 -48.0000
v -30.0000 0.0800 -48.0000
v -28.0000 0.0800 -48.0000
v -26.0000 0.0800 -48.0000
v -24.0000 0.0800 -48.0000
v -22.0000 0.2424 -48.0000
v -20.0000 0.0800 -48.0000
v -18.0000 0.1146 -48.0000
v -16.0000 0.2505 -48.0000
v -14.0000 0.1278 -48.0000
v -12.0000 0.2124 -48.0000
v -10.0000 0.1557 -48.0000
v -8.0000 0.2010 -48.0000
v -6.0000 0.0800 -48.0000
v -4.0000 0.0800 -48.0000
v -2.0000 0.2243 -48.0000
v 0.0000 0.1514 -48.0000
v 2.0000 0.4925 -48.0000
v 4.0000 0.3503 -48.0000
v 6.0000 0.4062 -48.0000
v 8.0000 0.4266 -48.0000
v 10.0000 0.4662 -48.0000
v 12.0000 0.1183 -48.0000
v 14.0000 0.0800 -48.0000
v 16.0000 0.1345 -48.0000
v 18.0000 0.1374 -48.0000
v 20.0000 0.2556 -48.0000
v 22.0000 0.0800 -48.0000
v 24.0000 0.1558 -48.0000
v 26.0000 0.2180 -48.0000
v 28.0000 0.0800 -48.0000
v 30.0000 0.2126 -48.0000
v 32.0000 0.1063 -48.0000
v 34.0000 0.0800 -48.0000
v 36.0000 0.1357 -48.0000
v 38.0000 0.1600 -48.0000
v 40.0000 0.0800 -48.0000
v 42.0000 0.1017 -48.0000
v 44.0000 0.1295 -48.0000
v 46.0000 0.1242 -48.0000
v 48.0000 0.0984 -48.0000
v 50.0000 0.0800 -48.0000
v 52.0000 0.1259 -48.0000
v 54.0000 0.2430 -48.0000
v 56.0000 0.0800 -48.0000
v 58.0000 0.0800 -48.0000
v 60.0000 0.2569 -48.0000
v 62.0000 0.0800 -48.0000
v 64.0000 0.0800 -48.0000
v 66.0000 0.1179 -48.0000
v 68.0000 0.0800 -48.0000
v 70.0000 0.1003 -48.0000
v 72.0000 0.1102 -48.0000
v -72.0000 0.1212 -46.0000
v -70.0000 0.1824 -46.0000
v -68.0000 0.0800 -46.0000
v -66.0000 0.0800 -46.0000
v -64.0000 0.0800 -46.0000
v -62.0000 0.2307 -46.0000
v -60.0000 0.2405 -46.0000
v -58.0000 0.1562 -46.0000
v -56.0000 0.6810 -46.0000
v -54.0000 1.2733 -46.0000
v -52.0000 1.4168 -46.0000
v -50.0000 1.4595 -46.0000
v -48.0000 1.5515 -46.0000
v -46.0000 1.2174 -46.0000
v -44.0000 0.6688 -46.0000
v -42.0000 0.1865 -46.0000
v -40.0000 0.0800 -46.0000
v -38.0000 0.0800 -46.0000
v -36.0000 0.0800 -46.0000
v -34.0000 0.0800 -46.0000
v -32.0000 0.0800 -46.0000
v -30.0000 0.1138 -46.0000
v -28.0000 0.0814 -46.0000
v -26.0000 0.0886 -46.0000
v -24.0000 0.0800 -46.0000
v -22.0000 0.0908 -46.0000
v -20.0000 0.0800 -46.0000
v -18.0000 0.0800 -46.0000
v -16.0000 0.1338 -46.0000
v -14.0000 0.1152 -46.0000
v -12.0000 0.1789 -46.0000
v -10.0000 0.1874 -46.0000
v -8.0000 0.0800 -46.0000
v -6.0000 0.0800 -46.0000
v -4.0000 0.0800 -46.0000
v -2.0000 0.2233 -46.0000
v 0.0000 0.5334 -46.0000
v 2.0000 1.0252 -46.0000
v 4.0000 1.3162 -46.0000
v 6.0000 1.4599 -46.0000
v 8.0000 1.1554 -46.0000
v 10.0000 1.0761 -46.0000
v 12.0000 0.8007 -46.0000
v 14.0000 0.1244 -46.0000
v 16.0000 0.0852 -46.0000
v 18.0000 0.0800 -46.0000
v 20.0000 0.0869 -46.0000
v 22.0000 0.0800 -46.0000
v 24.0000 0.0800 -46.0000
v 26.0000 0.0800 -46.0000
v 28.0000 0.0800 -46.0000
v 30.0000 0.1139 -46.0000
v 32.0000 0.0800 -46.0000
v 34.0000 0.0800 -46.0000
v 36.0000 0.2137 -46.0000
v 38.0000 0.1114 -46.0000
v 40.0000 0.1093 -46.0000
v 42.0000 0.0800 -46.0000
v 44.0000 0.1429 -46.0000
v 46.0000 0.0800 -46.0000
v 48.0000 0.0800 -46.0000
v 50.0000 0.1248 -46.0000
v 52.0000 0.0819 -46.0000
v 54.0000 0.0800 -46.0000
v 56.0000 0.0800 -46.0000
v 58.0000 0.1433 -46.0000
v 60.0000 0.2473 -46.0000
v 62.0000 0.1208 -46.0000
v 64.0000 0.0938 -46.0000
v 66.0000 0.0800 -46.0000
v 68.0000 0.0800 -46.0000
v 70.0000 0.0800 -46.0000
v 72.0000 0.2453 -46.0000
v -72.0000 0.1717 -44.0000
v -70.0000 0.2183 -44.0000
v -68.0000 0.1838 -44.0000
v -66.0000 0.0954 -44.0000
v -64.0000 0.0800 -44.0000
v -62.0000 0.0800 -44.0000
v -60.0000 0.0800 -44.0000
v -58.0000 0.6859 -44.0000
v -56.0000 1.1341 -44.0000
v -54.0000 1.6332 -44.0000
v -52.0000 1.7933 -44.0000
v -50.0000 1.7071 -44.0000
v -48.0000 1.8332 -44.0000
v -46.0000 1.7492 -44.0000
v -44.0000 1.0228 -44.0000
v -42.0000 0.6420 -44.0000
v -40.0000 0.1448 -44.0000
v -38.0000 0.1024 -44.0000
v -36.0000 0.0800 -44.0000
v -34.0000 0.2558 -44.0000
v -32.0000 0.0800 -44.0000
v -30.0000 0.0852 -44.0000
v -28.0000 0.0931 -44.0000
v -26.0000 0.0800 -44.0000
v -24.0000 0.2206 -44.0000
v -22.0000 0.2534 -44.0000
v -20.0000 0.1046 -44.0000
v -18.0000 0.0800 -44.0000
v -16.0000 0.1112 -44.0000
v -14.0000 0.0982 -44.0000
v -12.0000 0.1700 -44.0000
v -10.0000 0.0806 -44.0000
v -8.0000 0.1190 -44.0000
v -6.0000 0.1553 -44.0000
v -4.0000 0.2382 -44.0000
v -2.0000 0.5324 -44.0000
v 0.0000 0.6602 -44.0000
v 2.0000 0.9910 -44.0000
v 4.0000 1.8782 -44.0000
v 6.0000 2.2353 -44.0000
v 8.0000 2.2207 -44.0000
v 10.0000 1.9120 -44.0000
v 12.0000 1.2979 -44.0000
v 14.0000 0.6825 -44.0000
v 16.0000 0.4582 -44.0000
v 18.0000 0.0800 -44.0000
v 20.0000 0.0800 -44.0000
v 22.0000 0.0800 -44.0000
v 24.0000 0.1149 -44.0000
v 26.0000 0.1080 -44.0000
v 28.0000 0.0800 -44.0000
v 30.0000 0.1254 -44.0000
v 32.0000 0.0800 -44.0000
v 34.0000 0.0800 -44.0000
v 36.0000 0.1685 -44.0000
v 38.0000 0.2488 -44.0000
v 40.0000 0.0800 -44.0000
v 42.0000 0.0800 -44.0000
v 44.0000 0.0800 -44.0000
v 46.0000 0.0800 -44.0000
v 48.0000 0.0800 -44.0000
v 50.0000 0.1454 -44.0000
v 52.0000 0.0800 -44.0000
v 54.0000 0.1457 -44.0000
v 56.0000 0.0800 -44.0000
v 58.0000 0.0800 -44.0000
v 60.0000 0.1180 -44.0000
v 62.0000 0.1700 -44.0000
v 64.0000 0.1295 -44.0000
v 66.0000 0.0985 -44.0000
v 68.0000 0.2402 -44.0000
v 70.0000 0.2313 -44.0000
v 72.0000 0.1578 -44.0000
v -72.0000 0.0805 -42.0000
v -70.0000 0.1724 -42.0000
v -68.0000 0.0800 -42.0000
v -66.0000 0.1069 -42.0000
v -64.0000 0.0800 -42.0000
v -62.0000 0.1056 -42.0000
v -60.0000 0.1201 -42.0000
v -58.0000 0.6640 -42.0000
v -56.0000 1.3700 -42.0000
v -54.0000 1.6679 -42.0000
v -52.0000 1.1783 -42.0000
v -50.0000 0.9558 -42.0000
v -48.0000 1.1629 -42.0000
v -46.0000 1.7391 -42.0000
v -44.0000 1.4380 -42.0000
v -42.0000 0.8662 -42.0000
v -40.0000 0.1407 -42.0000
v -38.0000 0.2434 -42.0000
v -36.0000 0.0800 -42.0000
v -34.0000 0.1024 -42.0000
v -32.0000 0.1514 -42.0000
v -30.0000 0.1124 -42.0000
v -28.0000 0.1874 -42.0000
v -26.0000 0.1413 -42.0000
v -24.0000 0.0800 -42.0000
v -22.0000 0.0800 -42.0000
v -20.0000 0.2073 -42.0000
v -18.0000 0.2411 -42.0000
v -16.0000 0.0800 -42.0000
v -14.0000 0.0800 -42.0000
v -12.0000 0.2402 -42.0000
v -10.0000 0.0800 -42.0000
v -8.0000 0.1269 -42.0000
v -6.0000 0.0800 -42.0000
v -4.0000 0.5970 -42.0000
v -2.0000 0.6219 -42.0000
v 0.0000 0.8957 -42.0000
v 2.0000 1.1188 -42.0000
v 4.0000 2.0428 -42.0000
v 6.0000 3.2151 -42.0000
v 8.0000 3.0448 -42.0000
v 10.0000 2.6945 -42.0000
v 12.0000 2.1489 -42.0000
v 14.0000 1.2616 -42.0000
v 16.0000 0.6257 -42.0000
v 18.0000 0.1777 -42.0000
v 20.0000 0.1287 -42.0000
v 22.0000 0.0800 -42.0000
v 24.0000 0.1606 -42.0000
v 26.0000 0.0800 -42.0000
v 28.0000 0.0975 -42.0000
v 30.0000 0.0852 -42.0000
v 32.0000 0.1679 -42.0000
v 34.0000 0.2398 -42.0000
v 36.0000 0.0800 -42.0000
v 38.0000 0.0800 -42.0000
v 40.0000 0.0800 -42.0000
v 42.0000 0.1740 -42.0000
v 44.0000 0.0800 -42.0000
v 46.0000 0.1988 -42.0000
v 48.0000 0.0800 -42.0000
v 50.0000 0.0945 -42.0000
v 52.0000 0.0800 -42.0000
v 54.0000 0.2038 -42.0000
v 56.0000 0.2213 -42.0000
v 58.0000 0.0800 -42.0000
v 60.0000 0.0800 -42.0000
v 62.0000 0.0800 -42.0000
v 64.0000 0.1293 -42.0000
v 66.0000 0.1255 -42.0000
v 68.0000 0.0800 -42.0000
v 70.0000 0.2178 -42.0000
v 72.0000 0.0800 -42.0000
v -72.0000 0.1447 -40.0000
v -70.0000 0.0800 -40.0000
v -68.0000 0.0800 -40.0000
v -66.0000 0.2361 -40.0000
v -64.0000 0.0800 -40.0000
v -62.0000 0.0800 -40.0000
v -60.0000 0.1323 -40.0000
v -58.0000 0.9803 -40.0000
v -56.0000 1.6392 -40.0000
v -54.0000 1.6950 -40.0000
v -52.0000 0.9306 -40.0000
v -50.0000 0.9158 -40.0000
v -48.0000 0.9297 -40.0000
v -46.0000 1.4964 -40.0000
v -44.0000 1.5524 -40.0000
v -42.0000 0.7369 -40.0000
v -40.0000 0.2572 -40.0000
v -38.0000 0.0800 -40.0000
v -36.0000 0.2399 -40.0000
v -34.0000 0.1901 -40.0000
v -32.0000 0.1311 -40.0000
v -30.0000 0.0800 -40.0000
v -28.0000 0.0800 -40.0000
v -26.0000 0.2359 -40.0000
v -24.0000 0.1204 -40.0000
v -22.0000 0.0800 -40.0000
v -20.0000 0.0800 -40.0000
v -18.0000 0.0800 -40.0000
v -16.0000 0.1699 -40.0000
v -14.0000 0.1401 -40.0000
v -12.0000 0.0800 -40.0000
v -10.0000 0.1928 -40.0000
v -8.0000 0.2291 -40.0000
v -6.0000 0.2379 -40.0000
v -4.0000 0.9752 -40.0000
v -2.0000 0.9743 -40.0000
v 0.0000 1.1282 -40.0000
v 2.0000 1.3100 -40.0000
v 4.0000 1.7396 -40.0000
v 6.0000 3.2439 -40.0000
v 8.0000 3.6127 -40.0000
v 10.0000 3.2637 -40.0000
v 12.0000 2.7215 -40.0000
v 14.0000 1.7985 -40.0000
v 16.0000 0.9965 -40.0000
v 18.0000 0.4820 -40.0000
v 20.0000 0.1445 -40.0000
v 22.0000 0.0800 -40.0000
v 24.0000 0.2264 -40.0000
v 26.0000 0.0800 -40.0000
v 28.0000 0.1509 -40.0000
v 30.0000 0.0800 -40.0000
v 32.0000 0.0800 -40.0000
v 34.0000 0.0800 -40.0000
v 36.0000 0.0800 -40.0000
v 38.0000 0.2104 -40.0000
v 40.0000 0.0955 -40.0000
v 42.0000 0.0800 -40.0000
v 44.0000 0.0800 -40.0000
v 46.0000 0.1115 -40.0000
v 48.0000 0.1223 -40.0000
v 50.0000 0.0800 -40.0000
v 52.0000 0.0800 -40.0000
v 54.0000 0.2194 -40.0000
v 56.0000 0.2269 -40.0000
v 58.0000 0.0800 -40.0000
v 60.0000 0.2134 -40.0000
v 62.0000 0.1076 -40.0000
v 64.0000 0.1580 -40.0000
v 66.0000 0.0800 -40.0000
v 68.0000 0.0800 -40.0000
v 70.0000 0.2102 -40.0000
v 72.0000 0.0800 -40.0000
v -72.0000 0.2310 -38.0000
v -70.0000 0.2359 -38.0000
v -68.0000 0.0800 -38.0000
v -66.0000 0.1178 -38.0000
v -64.0000 0.0800 -38.0000
v -62.0000 0.0800 -38.0000
v -60.0000 0.1416 -38.0000
v -58.0000 0.7222 -38.0000
v -56.0000 1.4620 -38.0000
v -54.0000 1.7087 -38.0000
v -52.0000 1.0759 -38.0000
v -50.0000 0.9377 -38.0000
v -48.0000 0.9635 -38.0000
v -46.0000 1.1874 -38.0000
v -44.0000 1.4434 -38.0000
v -42.0000 0.7050 -38.0000
v -40.0000 0.2840 -38.0000
v -38.0000 0.0800 -38.0000
v -36.0000 0.1730 -38.0000
v -34.0000 0.1548 -38.0000
v -32.0000 0.0800 -38.0000
v -30.0000 0.0800 -38.0000
v -28.0000 0.0800 -38.0000
v -26.0000 0.2226 -38.0000
v -24.0000 0.1906 -38.0000
v -22.0000 0.1048 -38.0000
v -20.0000 0.0800 -38.0000
v -18.0000 0.1874 -38.0000
v -16.0000 0.0800 -38.0000
v -14.0000 0.0800 -38.0000
v -12.0000 0.2247 -38.0000
v -10.0000 0.2427 -38.0000
v -8.0000 0.0800 -38.0000
v -6.0000 0.5849 -38.0000
v -4.0000 1.1679 -38.0000
v -2.0000 1.5052 -38.0000
v 0.0000 1.2292 -38.0000
v 2.0000 1.4397 -38.0000
v 4.0000 1.5012 -38.0000
v 6.0000 2.5634 -38.0000
v 8.0000 3.8087 -38.0000
v 10.0000 3.5871 -38.0000
v 12.0000 3.0287 -38.0000
v 14.0000 2.1685 -38.0000
v 16.0000 1.3092 -38.0000
v 18.0000 0.5472 -38.0000
v 20.0000 0.2421 -38.0000
v 22.0000 0.0800 -38.0000
v 24.0000 0.2100 -38.0000
v 26.0000 0.0800 -38.0000
v 28.0000 0.2328 -38.0000
v 30.0000 0.0800 -38.0000
v 32.0000 0.0800 -38.0000
v 34.0000 0.1705 -38.0000
v 36.0000 0.0800 -38.0000
v 38.0000 0.0800 -38.0000
v 40.0000 0.2092 -38.0000
v 42.0000 0.2419 -38.0000
v 44.0000 0.0800 -38.0000
v 46.0000 0.0800 -38.0000
v 48.0000 0.1838 -38.0000
v 50.0000 0.1147 -38.0000
v 52.0000 0.0800 -38.0000
v 54.0000 0.2525 -38.0000
v 56.0000 0.1396 -38.0000
v 58.0000 0.1153 -38.0000
v 60.0000 0.1330 -38.0000
v 62.0000 0.2344 -38.0000
v 64.0000 0.0800 -38.0000
v 66.0000 0.2160 -38.0000
v 68.0000 0.1631 -38.0000
v 70.0000 0.0800 -38.0000
v 72.0000 0.2543 -38.0000
v -72.0000 0.0800 -36.0000
v -70.0000 0.0800 -36.0000
v -68.0000 0.0800 -36.0000
v -66.0000 0.1208 -36.0000
v -64.0000 0.1376 -36.0000
v -62.0000 0.0800 -36.0000
v -60.0000 0.0800 -36.0000
v -58.0000 0.5074 -36.0000
v -56.0000 1.1099 -36.0000
v -54.0000 1.5640 -36.0000
v -52.0000 1.3268 -36.0000
v -50.0000 0.8797 -36.0000
v -48.0000 0.8665 -36.0000
v -46.0000 0.7737 -36.0000
v -44.0000 0.9082 -36.0000
v -42.0000 0.4174 -36.0000
v -40.0000 0.1743 -36.0000
v -38.0000 0.0800 -36.0000
v -36.0000 0.1651 -36.0000
v -34.0000 0.0987 -36.0000
v -32.0000 0.2423 -36.0000
v -30.0000 0.0800 -36.0000
v -28.0000 0.0995 -36.0000
v -26.0000 0.1235 -36.0000
v -24.0000 0.0800 -36.0000
v -22.0000 0.2453 -36.0000
v -20.0000 0.2453 -36.0000
v -18.0000 0.0800 -36.0000
v -16.0000 0.0800 -36.0000
v -14.0000 0.0868 -36.0000
v -12.0000 0.0800 -36.0000
v -10.0000 0.1548 -36.0000
v -8.0000 0.1621 -36.0000
v -6.0000 0.4977 -36.0000
v -4.0000 1.2278 -36.0000
v -2.0000 1.9924 -36.0000
v 0.0000 1.5569 -36.0000
v 2.0000 1.4781 -36.0000
v 4.0000 1.5070 -36.0000
v 6.0000 1.8422 -36.0000
v 8.0000 3.2045 -36.0000
v 10.0000 3.7354 -36.0000
v 12.0000 3.1323 -36.0000
v 14.0000 2.3616 -36.0000
v 16.0000 1.2250 -36.0000
v 18.0000 0.6253 -36.0000
v 20.0000 0.2281 -36.0000
v 22.0000 0.1149 -36.0000
v 24.0000 0.0800 -36.0000
v 26.0000 0.0800 -36.0000
v 28.0000 0.2276 -36.0000
v 30.0000 0.0800 -36.0000
v 32.0000 0.0800 -36.0000
v 34.0000 0.0800 -36.0000
v 36.0000 0.0800 -36.0000
v 38.0000 0.0800 -36.0000
v 40.0000 0.0800 -36.0000
v 42.0000 0.0800 -36.0000
v 44.0000 0.0800 -36.0000
v 46.0000 0.0800 -36.0000
v 48.0000 0.1607 -36.0000
v 50.0000 0.0800 -36.0000
v 52.0000 0.1526 -36.0000
v 54.0000 0.0800 -36.0000
v 56.0000 0.2569 -36.0000
v 58.0000 0.0800 -36.0000
v 60.0000 0.0800 -36.0000
v 62.0000 0.1344 -36.0000
v 64.0000 0.0800 -36.0000
v 66.0000 0.0800 -36.0000
v 68.0000 0.0800 -36.0000
v 70.0000 0.2172 -36.0000
v 72.0000 0.0800 -36.0000
v -72.0000 0.0976 -34.0000
v -70.0000 0.0800 -34.0000
v -68.0000 0.0800 -34.0000
v -66.0000 0.0800 -34.0000
v -64.0000 0.1196 -34.0000
v -62.0000 0.2337 -34.0000
v -60.0000 0.2058 -34.0000
v -58.0000 0.1297 -34.0000
v -56.0000 0.7716 -34.0000
v -54.0000 1.0126 -34.0000
v -52.0000 1.1451 -34.0000
v -50.0000 0.7596 -34.0000
v -48.0000 0.6735 -34.0000
v -46.0000 0.5924 -34.0000
v -44.0000 0.6037 -34.0000
v -42.0000 0.3849 -34.0000
v -40.0000 0.0873 -34.0000
v -38.0000 0.2562 -34.0000
v -36.0000 0.0800 -34.0000
v -34.0000 0.1648 -34.0000
v -32.0000 0.0800 -34.0000
v -30.0000 0.1717 -34.0000
v -28.0000 0.0800 -34.0000
v -26.0000 0.1858 -34.0000
v -24.0000 0.0800 -34.0000
v -22.0000 0.0800 -34.0000
v -20.0000 0.0800 -34.0000
v -18.0000 0.0800 -34.0000
v -16.0000 0.0800 -34.0000
v -14.0000 0.2154 -34.0000
v -12.0000 0.1369 -34.0000
v -10.0000 0.0800 -34.0000
v -8.0000 0.1843 -34.0000
v -6.0000 0.6183 -34.0000
v -4.0000 1.1496 -34.0000
v -2.0000 2.2833 -34.0000
v 0.0000 2.0421 -34.0000
v 2.0000 1.4450 -34.0000
v 4.0000 1.5048 -34.0000
v 6.0000 1.4984 -34.0000
v 8.0000 2.1670 -34.0000
v 10.0000 3.2823 -34.0000
v 12.0000 3.0369 -34.0000
v 14.0000 2.2774 -34.0000
v 16.0000 1.2436 -34.0000
v 18.0000 0.5247 -34.0000
v 20.0000 0.0800 -34.0000
v 22.0000 0.2185 -34.0000
v 24.0000 0.0800 -34.0000
v 26.0000 0.2410 -34.0000
v 28.0000 0.2443 -34.0000
v 30.0000 0.1590 -34.0000
v 32.0000 0.0800 -34.0000
v 34.0000 0.1216 -34.0000
v 36.0000 0.0800 -34.0000
v 38.0000 0.0800 -34.0000
v 40.0000 0.2071 -34.0000
v 42.0000 0.0800 -34.0000
v 44.0000 0.2015 -34.0000
v 46.0000 0.0967 -34.0000
v 48.0000 0.0858 -34.0000
v 50.0000 0.2135 -34.0000
v 52.0000 0.0800 -34.0000
v 54.0000 0.1294 -34.0000
v 56.0000 0.1018 -34.0000
v 58.0000 0.1951 -34.0000
v 60.0000 0.1308 -34.0000
v 62.0000 0.1214 -34.0000
v 64.0000 0.0800 -34.0000
v 66.0000 0.2411 -34.0000
v 68.0000 0.0834 -34.0000
v 70.0000 0.0800 -34.0000
v 72.0000 0.1484 -34.0000
v -72.0000 0.0800 -32.0000
v -70.0000 0.1456 -32.0000
v -68.0000 0.2128 -32.0000
v -66.0000 0.0800 -32.0000
v -64.0000 0.0800 -32.0000
v -62.0000 0.0800 -32.0000
v -60.0000 0.0800 -32.0000
v -58.0000 0.2111 -32.0000
v -56.0000 0.1847 -32.0000
v -54.0000 0.4223 -32.0000
v -52.0000 0.6263 -32.0000
v -50.0000 0.5279 -32.0000
v -48.0000 0.4176 -32.0000
v -46.0000 0.3838 -32.0000
v -44.0000 0.2386 -32.0000
v -42.0000 0.2097 -32.0000
v -40.0000 0.2511 -32.0000
v -38.0000 0.0800 -32.0000
v -36.0000 0.0800 -32.0000
v -34.0000 0.2001 -32.0000
v -32.0000 0.2469 -32.0000
v -30.0000 0.1797 -32.0000
v -28.0000 0.0800 -32.0000
v -26.0000 0.2435 -32.0000
v -24.0000 0.1552 -32.0000
v -22.0000 0.1752 -32.0000
v -20.0000 0.2047 -32.0000
v -18.0000 0.1003 -32.0000
v -16.0000 0.0800 -32.0000
v -14.0000 0.1733 -32.0000
v -12.0000 0.5321 -32.0000
v -10.0000 0.6529 -32.0000
v -8.0000 0.3956 -32.0000
v -6.0000 0.3785 -32.0000
v -4.0000 0.9522 -32.0000
v -2.0000 1.7672 -32.0000
v 0.0000 2.3686 -32.0000
v 2.0000 1.6617 -32.0000
v 4.0000 1.4598 -32.0000
v 6.0000 1.4838 -32.0000
v 8.0000 1.4590 -32.0000
v 10.0000 2.0943 -32.0000
v 12.0000 2.5625 -32.0000
v 14.0000 1.9353 -32.0000
v 16.0000 0.9487 -32.0000
v 18.0000 0.4175 -32.0000
v 20.0000 0.0800 -32.0000
v 22.0000 0.0800 -32.0000
v 24.0000 0.1880 -32.0000
v 26.0000 0.1245 -32.0000
v 28.0000 0.0800 -32.0000
v 30.0000 0.0800 -32.0000
v 32.0000 0.1189 -32.0000
v 34.0000 0.1313 -32.0000
v 36.0000 0.0800 -32.0000
v 38.0000 0.0813 -32.0000
v 40.0000 0.0800 -32.0000
v 42.0000 0.0800 -32.0000
v 44.0000 0.0800 -32.0000
v 46.0000 0.0800 -32.0000
v 48.0000 0.2126 -32.0000
v 50.0000 0.0800 -32.0000
v 52.0000 0.2295 -32.0000
v 54.0000 0.0800 -32.0000
v 56.0000 0.1482 -32.0000
v 58.0000 0.0800 -32.0000
v 60.0000 0.0800 -32.0000
v 62.0000 0.1314 -32.0000
v 64.0000 0.0800 -32.0000
v 66.0000 0.0800 -32.0000
v 68.0000 0.2216 -32.0000
v 70.0000 0.0800 -32.0000
v 72.0000 0.1882 -32.0000
v -72.0000 0.0800 -30.0000
v -70.0000 0.1321 -30.0000
v -68.0000 0.1589 -30.0000
v -66.0000 0.0800 -30.0000
v -64.0000 0.0800 -30.0000
v -62.0000 0.0909 -30.0000
v -60.0000 0.0979 -30.0000
v -58.0000 0.0800 -30.0000
v -56.0000 0.0800 -30.0000
v -54.0000 0.0800 -30.0000
v -52.0000 0.2778 -30.0000
v -50.0000 0.2165 -30.0000
v -48.0000 0.2760 -30.0000
v -46.0000 0.1448 -30.0000
v -44.0000 0.1200 -30.0000
v -42.0000 0.1198 -30.0000
v -40.0000 0.0800 -30.0000
v -38.0000 0.0800 -30.0000
v -36.0000 0.2057 -30.0000
v -34.0000 0.0800 -30.0000
v -32.0000 0.0800 -30.0000
v -30.0000 0.1519 -30.0000
v -28.0000 0.0800 -30.0000
v -26.0000 0.0800 -30.0000
v -24.0000 0.0800 -30.0000
v -22.0000 0.1806 -30.0000
v -20.0000 0.1687 -30.0000
v -18.0000 0.1565 -30.0000
v -16.0000 0.4919 -30.0000
v -14.0000 0.9553 -30.0000
v -12.0000 1.0942 -30.0000
v -10.0000 1.2142 -30.0000
v -8.0000 1.1611 -30.0000
v -6.0000 0.9551 -30.0000
v -4.0000 0.7592 -30.0000
v -2.0000 1.3999 -30.0000
v 0.0000 2.1241 -30.0000
v 2.0000 2.1261 -30.0000
v 4.0000 1.3755 -30.0000
v 6.0000 1.2923 -30.0000
v 8.0000 1.2451 -30.0000
v 10.0000 1.1173 -30.0000
v 12.0000 1.5539 -30.0000
v 14.0000 1.4425 -30.0000
v 16.0000 0.5880 -30.0000
v 18.0000 0.1889 -30.0000
v 20.0000 0.0800 -30.0000
v 22.0000 0.0800 -30.0000
v 24.0000 0.0877 -30.0000
v 26.0000 0.0921 -30.0000
v 28.0000 0.1873 -30.0000
v 30.0000 0.0800 -30.0000
v 32.0000 0.1574 -30.0000
v 34.0000 0.2278 -30.0000
v 36.0000 0.0824 -30.0000
v 38.0000 0.0800 -30.0000
v 40.0000 0.1279 -30.0000
v 42.0000 0.0800 -30.0000
v 44.0000 0.0800 -30.0000
v 46.0000 0.1723 -30.0000
v 48.0000 0.0800 -30.0000
v 50.0000 0.1495 -30.0000
v 52.0000 0.0800 -30.0000
v 54.0000 0.2010 -30.0000
v 56.0000 0.0866 -30.0000
v 58.0000 0.0861 -30.0000
v 60.0000 0.0800 -30.0000
v 62.0000 0.0800 -30.0000
v 64.0000 0.0800 -30.0000
v 66.0000 0.2341 -30.0000
v 68.0000 0.1900 -30.0000
v 70.0000 0.1390 -30.0000
v 72.0000 0.2186 -30.0000
v -72.0000 0.1914 -28.0000
v -70.0000 0.2548 -28.0000
v -68.0000 0.1795 -28.0000
v -66.0000 0.0800 -28.0000
v -64.0000 0.1105 -28.0000
v -62.0000 0.1485 -28.0000
v -60.0000 0.0800 -28.0000
v -58.0000 0.0800 -28.0000
v -56.0000 0.0800 -28.0000
v -54.0000 0.0800 -28.0000
v -52.0000 0.1871 -28.0000
v -50.0000 0.1299 -28.0000
v -48.0000 0.1191 -28.0000
v -46.0000 0.1200 -28.0000
v -44.0000 0.2402 -28.0000
v -42.0000 0.1700 -28.0000
v -40.0000 0.0800 -28.0000
v -38.0000 0.2227 -28.0000
v -36.0000 0.2157 -28.0000
v -34.0000 0.2063 -28.0000
v -32.0000 0.0800 -28.0000
v -30.0000 0.0800 -28.0000
v -28.0000 0.2347 -28.0000
v -26.0000 0.1405 -28.0000
v -24.0000 0.0800 -28.0000
v -22.0000 0.1321 -28.0000
v -20.0000 0.2053 -28.0000
v -18.0000 0.4385 -28.0000
v -16.0000 0.7230 -28.0000
v -14.0000 1.3452 -28.0000
v -12.0000 1.8521 -28.0000
v -10.0000 1.9772 -28.0000
v -8.0000 1.8281 -28.0000
v -6.0000 1.4472 -28.0000
v -4.0000 0.7977 -28.0000
v -2.0000 0.7551 -28.0000
v 0.0000 1.4399 -28.0000
v 2.0000 1.9025 -28.0000
v 4.0000 1.5190 -28.0000
v 6.0000 1.0163 -28.0000
v 8.0000 0.9166 -28.0000
v 10.0000 0.8424 -28.0000
v 12.0000 0.6815 -28.0000
v 14.0000 0.6201 -28.0000
v 16.0000 0.1461 -28.0000
v 18.0000 0.0800 -28.0000
v 20.0000 0.2379 -28.0000
v 22.0000 0.0800 -28.0000
v 24.0000 0.0800 -28.0000
v 26.0000 0.2429 -28.0000
v 28.0000 0.0800 -28.0000
v 30.0000 0.1737 -28.0000
v 32.0000 0.0800 -28.0000
v 34.0000 0.0800 -28.0000
v 36.0000 0.0800 -28.0000
v 38.0000 0.0800 -28.0000
v 40.0000 0.0800 -28.0000
v 42.0000 0.0800 -28.0000
v 44.0000 0.0800 -28.0000
v 46.0000 0.0800 -28.0000
v 48.0000 0.0800 -28.0000
v 50.0000 0.0800 -28.0000
v 52.0000 0.2515 -28.0000
v 54.0000 0.0800 -28.0000
v 56.0000 0.0800 -28.0000
v 58.0000 0.0800 -28.0000
v 60.0000 0.1586 -28.0000
v 62.0000 0.0800 -28.0000
v 64.0000 0.2528 -28.0000
v 66.0000 0.2279 -28.0000
v 68.0000 0.0800 -28.0000
v 70.0000 0.0800 -28.0000
v 72.0000 0.0800 -28.0000
v -72.0000 0.1826 -26.0000
v -70.0000 0.0800 -26.0000
v -68.0000 0.0800 -26.0000
v -66.0000 0.0800 -26.0000
v -64.0000 0.0932 -26.0000
v -62.0000 0.0800 -26.0000
v -60.0000 0.0870 -26.0000
v -58.0000 0.0800 -26.0000
v -56.0000 0.0800 -26.0000
v -54.0000 0.0800 -26.0000
v -52.0000 0.2447 -26.0000
v -50.0000 0.0823 -26.0000
v -48.0000 0.1091 -26.0000
v -46.0000 0.1200 -26.0000
v -44.0000 0.1200 -26.0000
v -42.0000 0.1158 -26.0000
v -40.0000 0.0890 -26.0000
v -38.0000 0.0800 -26.0000
v -36.0000 0.1881 -26.0000
v -34.0000 0.1510 -26.0000
v -32.0000 0.0800 -26.0000
v -30.0000 0.0998 -26.0000
v -28.0000 0.0927 -26.0000
v -26.0000 0.1253 -26.0000
v -24.0000 0.0800 -26.0000
v -22.0000 0.0800 -26.0000
v -20.0000 0.0800 -26.0000
v -18.0000 0.6069 -26.0000
v -16.0000 1.1880 -26.0000
v -14.0000 1.7209 -26.0000
v -12.0000 2.0978 -26.0000
v -10.0000 2.2919 -26.0000
v -8.0000 2.1771 -26.0000
v -6.0000 1.8361 -26.0000
v -4.0000 1.2279 -26.0000
v -2.0000 0.6149 -26.0000
v 0.0000 0.4950 -26.0000
v 2.0000 0.9389 -26.0000
v 4.0000 1.1267 -26.0000
v 6.0000 0.8715 -26.0000
v 8.0000 0.5834 -26.0000
v 10.0000 0.5171 -26.0000
v 12.0000 0.4304 -26.0000
v 14.0000 0.2355 -26.0000
v 16.0000 0.0924 -26.0000
v 18.0000 0.0800 -26.0000
v 20.0000 0.0893 -26.0000
v 22.0000 0.0800 -26.0000
v 24.0000 0.0800 -26.0000
v 26.0000 0.0800 -26.0000
v 28.0000 0.2468 -26.0000
v 30.0000 0.2300 -26.0000
v 32.0000 0.4516 -26.0000
v 34.0000 1.0763 -26.0000
v 36.0000 1.6465 -26.0000
v 38.0000 2.1785 -26.0000
v 40.0000 2.2591 -26.0000
v 42.0000 2.2868 -26.0000
v 44.0000 1.8303 -26.0000
v 46.0000 0.9710 -26.0000
v 48.0000 0.2053 -26.0000
v 50.0000 0.1726 -26.0000
v 52.0000 0.0870 -26.0000
v 54.0000 0.2153 -26.0000
v 56.0000 0.1815 -26.0000
v 58.0000 0.2023 -26.0000
v 60.0000 0.0807 -26.0000
v 62.0000 0.0933 -26.0000
v 64.0000 0.2209 -26.0000
v 66.0000 0.1844 -26.0000
v 68.0000 0.1923 -26.0000
v 70.0000 0.1509 -26.0000
v 72.0000 0.0800 -26.0000
v -72.0000 0.0800 -24.0000
v -70.0000 0.1377 -24.0000
v -68.0000 0.0876 -24.0000
v -66.0000 0.2160 -24.0000
v -64.0000 0.0800 -24.0000
v -62.0000 0.0800 -24.0000
v -60.0000 0.0800 -24.0000
v -58.0000 0.1044 -24.0000
v -56.0000 0.1668 -24.0000
v -54.0000 0.0800 -24.0000
v -52.0000 0.0800 -24.0000
v -50.0000 0.2367 -24.0000
v -48.0000 0.2155 -24.0000
v -46.0000 0.1719 -24.0000
v -44.0000 0.1310 -24.0000
v -42.0000 0.1674 -24.0000
v -40.0000 0.1015 -24.0000
v -38.0000 0.1017 -24.0000
v -36.0000 0.0800 -24.0000
v -34.0000 0.0800 -24.0000
v -32.0000 0.2480 -24.0000
v -30.0000 0.2134 -24.0000
v -28.0000 0.0800 -24.0000
v -26.0000 0.1179 -24.0000
v -24.0000 0.0800 -24.0000
v -22.0000 0.0800 -24.0000
v -20.0000 0.1874 -24.0000
v -18.0000 0.6402 -24.0000
v -16.0000 1.1795 -24.0000
v -14.0000 1.9722 -24.0000
v -12.0000 2.2908 -24.0000
v -10.0000 2.1724 -24.0000
v -8.0000 2.0995 -24.0000
v -6.0000 1.8472 -24.0000
v -4.0000 1.4049 -24.0000
v -2.0000 0.5814 -24.0000
v 0.0000 0.2435 -24.0000
v 2.0000 0.2512 -24.0000
v 4.0000 0.4516 -24.0000
v 6.0000 0.5346 -24.0000
v 8.0000 0.4196 -24.0000
v 10.0000 0.2746 -24.0000
v 12.0000 0.1200 -24.0000
v 14.0000 0.1200 -24.0000
v 16.0000 0.1196 -24.0000
v 18.0000 0.1972 -24.0000
v 20.0000 0.1306 -24.0000
v 22.0000 0.0800 -24.0000
v 24.0000 0.2497 -24.0000
v 26.0000 0.1395 -24.0000
v 28.0000 0.4729 -24.0000
v 30.0000 1.5312 -24.0000
v 32.0000 2.5784 -24.0000
v 34.0000 3.2329 -24.0000
v 36.0000 3.5439 -24.0000
v 38.0000 3.6513 -24.0000
v 40.0000 3.6714 -24.0000
v 42.0000 3.6509 -24.0000
v 44.0000 3.5506 -24.0000
v 46.0000 3.2211 -24.0000
v 48.0000 2.5918 -24.0000
v 50.0000 1.5432 -24.0000
v 52.0000 0.5860 -24.0000
v 54.0000 0.0904 -24.0000
v 56.0000 0.1017 -24.0000
v 58.0000 0.0800 -24.0000
v 60.0000 0.0800 -24.0000
v 62.0000 0.0946 -24.0000
v 64.0000 0.0800 -24.0000
v 66.0000 0.0800 -24.0000
v 68.0000 0.1267 -24.0000
v 70.0000 0.0800 -24.0000
v 72.0000 0.0800 -24.0000
v -72.0000 0.2378 -22.0000
v -70.0000 0.1608 -22.0000
v -68.0000 0.2193 -22.0000
v -66.0000 0.0800 -22.0000
v -64.0000 0.2505 -22.0000
v -62.0000 0.1696 -22.0000
v -60.0000 0.1157 -22.0000
v -58.0000 0.0800 -22.0000
v -56.0000 0.0800 -22.0000
v -54.0000 0.1278 -22.0000
v -52.0000 0.1030 -22.0000
v -50.0000 0.0800 -22.0000
v -48.0000 0.2220 -22.0000
v -46.0000 0.1142 -22.0000
v -44.0000 0.1200 -22.0000
v -42.0000 0.2101 -22.0000
v -40.0000 0.1142 -22.0000
v -38.0000 0.2283 -22.0000
v -36.0000 0.0800 -22.0000
v -34.0000 0.0800 -22.0000
v -32.0000 0.1081 -22.0000
v -30.0000 0.2368 -22.0000
v -28.0000 0.0800 -22.0000
v -26.0000 0.2279 -22.0000
v -24.0000 0.0800 -22.0000
v -22.0000 0.0800 -22.0000
v -20.0000 0.1231 -22.0000
v -18.0000 0.4171 -22.0000
v -16.0000 1.1719 -22.0000
v -14.0000 1.7375 -22.0000
v -12.0000 2.1554 -22.0000
v -10.0000 2.2960 -22.0000
v -8.0000 2.0652 -22.0000
v -6.0000 1.7355 -22.0000
v -4.0000 1.2721 -22.0000
v -2.0000 0.6072 -22.0000
v 0.0000 0.1462 -22.0000
v 2.0000 0.0800 -22.0000
v 4.0000 0.1448 -22.0000
v 6.0000 0.0800 -22.0000
v 8.0000 0.2068 -22.0000
v 10.0000 0.2445 -22.0000
v 12.0000 0.1619 -22.0000
v 14.0000 0.1200 -22.0000
v 16.0000 0.1200 -22.0000
v 18.0000 0.1126 -22.0000
v 20.0000 0.0924 -22.0000
v 22.0000 0.1181 -22.0000
v 24.0000 0.1276 -22.0000
v 26.0000 4.2244 -22.0000
v 28.0000 4.7200 -22.0000
v 30.0000 4.7200 -22.0000
v 32.0000 4.7200 -22.0000
v 34.0000 4.7200 -22.0000
v 36.0000 4.7200 -22.0000
v 38.0000 4.7200 -22.0000
v 40.0000 4.7200 -22.0000
v 42.0000 4.7200 -22.0000
v 44.0000 4.7200 -22.0000
v 46.0000 4.7200 -22.0000
v 48.0000 4.7200 -22.0000
v 50.0000 4.7200 -22.0000
v 52.0000 4.7200 -22.0000
v 54.0000 4.2231 -22.0000
v 56.0000 0.2160 -22.0000
v 58.0000 0.1286 -22.0000
v 60.0000 0.1332 -22.0000
v 62.0000 0.2286 -22.0000
v 64.0000 0.0800 -22.0000
v 66.0000 0.0800 -22.0000
v 68.0000 0.0800 -22.0000
v 70.0000 0.1651 -22.0000
v 72.0000 0.0800 -22.0000
v -72.0000 0.0800 -20.0000
v -70.0000 0.0800 -20.0000
v -68.0000 0.0800 -20.0000
v -66.0000 0.1030 -20.0000
v -64.0000 0.0800 -20.0000
v -62.0000 0.0800 -20.0000
v -60.0000 0.2083 -20.0000
v -58.0000 0.2440 -20.0000
v -56.0000 0.0800 -20.0000
v -54.0000 0.0800 -20.0000
v -52.0000 0.0800 -20.0000
v -50.0000 0.2373 -20.0000
v -48.0000 0.1424 -20.0000
v -46.0000 0.1015 -20.0000
v -44.0000 0.2092 -20.0000
v -42.0000 0.1200 -20.0000
v -40.0000 0.1200 -20.0000
v -38.0000 0.2055 -20.0000
v -36.0000 0.0800 -20.0000
v -34.0000 0.1097 -20.0000
v -32.0000 0.1679 -20.0000
v -30.0000 0.0800 -20.0000
v -28.0000 0.0800 -20.0000
v -26.0000 0.2036 -20.0000
v -24.0000 0.0800 -20.0000
v -22.0000 0.0800 -20.0000
v -20.0000 0.2085 -20.0000
v -18.0000 0.3941 -20.0000
v -16.0000 0.7246 -20.0000
v -14.0000 1.4042 -20.0000
v -12.0000 1.7546 -20.0000
v -10.0000 1.9177 -20.0000
v -8.0000 1.7165 -20.0000
v -6.0000 1.4699 -20.0000
v -4.0000 0.9614 -20.0000
v -2.0000 0.1799 -20.0000
v 0.0000 0.0800 -20.0000
v 2.0000 0.1470 -20.0000
v 4.0000 0.1231 -20.0000
v 6.0000 0.1601 -20.0000
v 8.0000 0.0800 -20.0000
v 10.0000 0.0924 -20.0000
v 12.0000 0.1126 -20.0000
v 14.0000 0.1200 -20.0000
v 16.0000 0.1200 -20.0000
v 18.0000 0.1384 -20.0000
v 20.0000 0.2078 -20.0000
v 22.0000 0.1620 -20.0000
v 24.0000 4.3255 -20.0000
v 26.0000 4.7200 -20.0000
v 28.0000 4.7200 -20.0000
v 30.0000 4.7200 -20.0000
v 32.0000 4.7200 -20.0000
v 34.0000 4.7200 -20.0000
v 36.0000 4.7200 -20.0000
v 38.0000 4.7200 -20.0000
v 40.0000 4.7200 -20.0000
v 42.0000 4.7200 -20.0000
v 44.0000 4.7200 -20.0000
v 46.0000 4.7200 -20.0000
v 48.0000 4.7200 -20.0000
v 50.0000 4.7200 -20.0000
v 52.0000 4.7200 -20.0000
v 54.0000 4.7200 -20.0000
v 56.0000 4.3439 -20.0000
v 58.0000 0.1817 -20.0000
v 60.0000 0.0800 -20.0000
v 62.0000 0.0800 -20.0000
v 64.0000 0.2239 -20.0000
v 66.0000 0.1582 -20.0000
v 68.0000 0.0800 -20.0000
v 70.0000 0.0800 -20.0000
v 72.0000 0.0800 -20.0000
v -72.0000 0.0800 -18.0000
v -70.0000 0.0800 -18.0000
v -68.0000 0.0800 -18.0000
v -66.0000 0.0800 -18.0000
v -64.0000 0.0800 -18.0000
v -62.0000 0.0800 -18.0000
v -60.0000 0.2516 -18.0000
v -58.0000 0.1652 -18.0000
v -56.0000 0.0800 -18.0000
v -54.0000 0.0800 -18.0000
v -52.0000 0.0800 -18.0000
v -50.0000 0.0800 -18.0000
v -48.0000 0.0800 -18.0000
v -46.0000 0.2476 -18.0000
v -44.0000 0.1156 -18.0000
v -42.0000 0.1200 -18.0000
v -40.0000 0.1200 -18.0000
v -38.0000 0.1144 -18.0000
v -36.0000 0.1896 -18.0000
v -34.0000 0.0800 -18.0000
v -32.0000 0.0800 -18.0000
v -30.0000 0.0800 -18.0000
v -28.0000 0.0800 -18.0000
v -26.0000 0.0800 -18.0000
v -24.0000 0.2093 -18.0000
v -22.0000 0.0800 -18.0000
v -20.0000 0.0800 -18.0000
v -18.0000 0.0800 -18.0000
v -16.0000 0.4683 -18.0000
v -14.0000 0.9592 -18.0000
v -12.0000 1.2179 -18.0000
v -10.0000 1.3258 -18.0000
v -8.0000 1.0627 -18.0000
v -6.0000 0.6765 -18.0000
v -4.0000 0.3410 -18.0000
v -2.0000 0.1185 -18.0000
v 0.0000 0.0800 -18.0000
v 2.0000 0.2327 -18.0000
v 4.0000 0.0800 -18.0000
v 6.0000 0.0800 -18.0000
v 8.0000 0.0800 -18.0000
v 10.0000 0.0838 -18.0000
v 12.0000 0.1043 -18.0000
v 14.0000 0.1988 -18.0000
v 16.0000 0.2183 -18.0000
v 18.0000 0.1200 -18.0000
v 20.0000 0.1325 -18.0000
v 22.0000 4.3304 -18.0000
v 24.0000 4.7200 -18.0000
v 26.0000 4.7200 -18.0000
v 28.0000 4.7200 -18.0000
v 30.0000 4.7200 -18.0000
v 32.0000 4.7200 -18.0000
v 34.0000 4.7200 -18.0000
v 36.0000 4.7200 -18.0000
v 38.0000 4.7200 -18.0000
v 40.0000 4.7200 -18.0000
v 42.0000 4.7200 -18.0000
v 44.0000 4.7200 -18.0000
v 46.0000 4.7200 -18.0000
v 48.0000 4.7200 -18.0000
v 50.0000 4.7200 -18.0000
v 52.0000 4.7200 -18.0000
v 54.0000 4.7200 -18.0000
v 56.0000 4.7200 -18.0000
v 58.0000 4.3263 -18.0000
v 60.0000 0.1172 -18.0000
v 62.0000 0.1659 -18.0000
v 64.0000 0.0800 -18.0000
v 66.0000 0.2542 -18.0000
v 68.0000 0.0800 -18.0000
v 70.0000 0.0800 -18.0000
v 72.0000 0.0949 -18.0000
v -72.0000 0.0800 -16.0000
v -70.0000 0.2152 -16.0000
v -68.0000 0.2079 -16.0000
v -66.0000 0.0800 -16.0000
v -64.0000 0.1121 -16.0000
v -62.0000 0.1674 -16.0000
v -60.0000 0.0905 -16.0000
v -58.0000 0.0800 -16.0000
v -56.0000 0.2072 -16.0000
v -54.0000 0.0800 -16.0000
v -52.0000 0.0811 -16.0000
v -50.0000 0.0873 -16.0000
v -48.0000 0.1474 -16.0000
v -46.0000 0.0800 -16.0000
v -44.0000 0.1015 -16.0000
v -42.0000 0.1200 -16.0000
v -40.0000 0.1200 -16.0000
v -38.0000 0.1200 -16.0000
v -36.0000 0.1176 -16.0000
v -34.0000 0.0880 -16.0000
v -32.0000 0.2096 -16.0000
v -30.0000 0.0880 -16.0000
v -28.0000 0.1272 -16.0000
v -26.0000 0.0800 -16.0000
v -24.0000 0.1581 -16.0000
v -22.0000 0.0800 -16.0000
v -20.0000 0.0800 -16.0000
v -18.0000 0.1085 -16.0000
v -16.0000 0.0800 -16.0000
v -14.0000 0.2600 -16.0000
v -12.0000 0.5062 -16.0000
v -10.0000 0.5671 -16.0000
v -8.0000 0.5696 -16.0000
v -6.0000 0.3211 -16.0000
v -4.0000 0.0800 -16.0000
v -2.0000 0.0800 -16.0000
v 0.0000 0.0889 -16.0000
v 2.0000 0.0800 -16.0000
v 4.0000 0.0800 -16.0000
v 6.0000 0.1129 -16.0000
v 8.0000 0.0800 -16.0000
v 10.0000 0.0800 -16.0000
v 12.0000 0.0800 -16.0000
v 14.0000 0.0924 -16.0000
v 16.0000 0.1198 -16.0000
v 18.0000 0.1895 -16.0000
v 20.0000 4.7200 -16.0000
v 22.0000 4.7200 -16.0000
v 24.0000 4.7200 -16.0000
v 26.0000 4.7200 -16.0000
v 28.0000 4.7628 -16.0000
v 30.0000 3.6843 -16.0000
v 32.0000 3.6843 -16.0000
v 34.0000 3.6843 -16.0000
v 36.0000 3.6843 -16.0000
v 38.0000 3.6843 -16.0000
v 40.0000 3.6843 -16.0000
v 42.0000 3.6843 -16.0000
v 44.0000 3.6843 -16.0000
v 46.0000 3.6843 -16.0000
v 48.0000 3.6843 -16.0000
v 50.0000 3.6843 -16.0000
v 52.0000 4.7628 -16.0000
v 54.0000 4.7200 -16.0000
v 56.0000 4.7200 -16.0000
v 58.0000 4.7200 -16.0000
v 60.0000 4.2592 -16.0000
v 62.0000 0.1924 -16.0000
v 64.0000 0.0800 -16.0000
v 66.0000 0.0880 -16.0000
v 68.0000 0.1488 -16.0000
v 70.0000 0.2235 -16.0000
v 72.0000 0.0800 -16.0000
v -72.0000 0.0800 -14.0000
v -70.0000 0.1156 -14.0000
v -68.0000 0.1511 -14.0000
v -66.0000 0.1254 -14.0000
v -64.0000 0.1092 -14.0000
v -62.0000 0.1236 -14.0000
v -60.0000 0.0800 -14.0000
v -58.0000 0.0868 -14.0000
v -56.0000 0.0800 -14.0000
v -54.0000 0.0800 -14.0000
v -52.0000 0.2470 -14.0000
v -50.0000 0.1955 -14.0000
v -48.0000 0.1836 -14.0000
v -46.0000 0.1738 -14.0000
v -44.0000 0.0887 -14.0000
v -42.0000 0.1142 -14.0000
v -40.0000 0.1200 -14.0000
v -38.0000 0.2009 -14.0000
v -36.0000 0.1556 -14.0000
v -34.0000 0.1147 -14.0000
v -32.0000 0.2293 -14.0000
v -30.0000 0.2043 -14.0000
v -28.0000 0.0993 -14.0000
v -26.0000 0.0942 -14.0000
v -24.0000 0.0891 -14.0000
v -22.0000 0.0840 -14.0000
v -20.0000 0.2211 -14.0000
v -18.0000 0.0800 -14.0000
v -16.0000 0.0800 -14.0000
v -14.0000 0.0800 -14.0000
v -12.0000 0.2151 -14.0000
v -10.0000 0.0800 -14.0000
v -8.0000 0.0800 -14.0000
v -6.0000 0.1633 -14.0000
v -4.0000 0.1251 -14.0000
v -2.0000 0.0800 -14.0000
v 0.0000 0.1816 -14.0000
v 2.0000 0.0800 -14.0000
v 4.0000 0.0961 -14.0000
v 6.0000 0.0836 -14.0000
v 8.0000 0.0800 -14.0000
v 10.0000 0.0857 -14.0000
v 12.0000 0.0800 -14.0000
v 14.0000 0.0800 -14.0000
v 16.0000 0.1838 -14.0000
v 18.0000 0.4327 -14.0000
v 20.0000 4.7200 -14.0000
v 22.0000 4.7200 -14.0000
v 24.0000 4.7200 -14.0000
v 26.0000 4.7628 -14.0000
v 28.0000 3.9503 -14.0000
v 30.0000 5.0000 -14.0000
v 32.0000 5.0000 -14.0000
v 34.0000 5.0000 -14.0000
v 36.0000 5.0000 -14.0000
v 38.0000 5.0000 -14.0000
v 40.0000 5.0000 -14.0000
v 42.0000 5.0000 -14.0000
v 44.0000 5.0000 -14.0000
v 46.0000 5.0000 -14.0000
v 48.0000 5.0000 -14.0000
v 50.0000 5.0000 -14.0000
v 52.0000 3.9503 -14.0000
v 54.0000 4.7628 -14.0000
v 56.0000 4.7200 -14.0000
v 58.0000 4.7200 -14.0000
v 60.0000 4.7200 -14.0000
v 62.0000 0.4246 -14.0000
v 64.0000 0.1085 -14.0000
v 66.0000 0.2354 -14.0000
v 68.0000 0.2420 -14.0000
v 70.0000 0.1359 -14.0000
v 72.0000 0.1818 -14.0000
v -72.0000 0.0800 -12.0000
v -70.0000 0.2272 -12.0000
v -68.0000 0.0800 -12.0000
v -66.0000 0.1774 -12.0000
v -64.0000 0.0800 -12.0000
v -62.0000 0.0800 -12.0000
v -60.0000 0.0896 -12.0000
v -58.0000 0.0800 -12.0000
v -56.0000 0.0800 -12.0000
v -54.0000 0.0800 -12.0000
v -52.0000 0.2125 -12.0000
v -50.0000 0.0800 -12.0000
v -48.0000 0.0800 -12.0000
v -46.0000 0.0800 -12.0000
v -44.0000 0.0800 -12.0000
v -42.0000 0.1015 -12.0000
v -40.0000 0.1731 -12.0000
v -38.0000 0.1200 -12.0000
v -36.0000 0.2526 -12.0000
v -34.0000 0.1200 -12.0000
v -32.0000 0.1200 -12.0000
v -30.0000 0.1200 -12.0000
v -28.0000 0.1200 -12.0000
v -26.0000 0.1200 -12.0000
v -24.0000 0.1287 -12.0000
v -22.0000 0.2192 -12.0000
v -20.0000 0.1339 -12.0000
v -18.0000 0.1019 -12.0000
v -16.0000 0.1760 -12.0000
v -14.0000 0.0897 -12.0000
v -12.0000 0.1152 -12.0000
v -10.0000 0.0800 -12.0000
v -8.0000 0.0800 -12.0000
v -6.0000 0.0800 -12.0000
v -4.0000 0.1034 -12.0000
v -2.0000 0.0800 -12.0000
v 0.0000 0.1782 -12.0000
v 2.0000 0.2180 -12.0000
v 4.0000 0.0800 -12.0000
v 6.0000 0.2279 -12.0000
v 8.0000 0.2343 -12.0000
v 10.0000 0.1325 -12.0000
v 12.0000 0.0921 -12.0000
v 14.0000 0.0800 -12.0000
v 16.0000 0.0800 -12.0000
v 18.0000 1.5122 -12.0000
v 20.0000 4.7200 -12.0000
v 22.0000 4.7200 -12.0000
v 24.0000 4.7200 -12.0000
v 26.0000 3.6843 -12.0000
v 28.0000 5.0000 -12.0000
v 30.0000 5.0000 -12.0000
v 32.0000 5.0000 -12.0000
v 34.0000 5.0000 -12.0000
v 36.0000 5.0000 -12.0000
v 38.0000 5.0000 -12.0000
v 40.0000 5.0000 -12.0000
v 42.0000 5.0000 -12.0000
v 44.0000 5.0000 -12.0000
v 46.0000 5.0000 -12.0000
v 48.0000 5.0000 -12.0000
v 50.0000 5.0000 -12.0000
v 52.0000 5.0000 -12.0000
v 54.0000 3.6843 -12.0000
v 56.0000 4.7200 -12.0000
v 58.0000 4.7200 -12.0000
v 60.0000 4.7200 -12.0000
v 62.0000 1.5269 -12.0000
v 64.0000 0.0800 -12.0000
v 66.0000 0.2019 -12.0000
v 68.0000 0.2409 -12.0000
v 70.0000 0.0800 -12.0000
v 72.0000 0.0800 -12.0000
v -72.0000 0.0841 -10.0000
v -70.0000 0.2531 -10.0000
v -68.0000 0.0800 -10.0000
v -66.0000 0.2185 -10.0000
v -64.0000 0.1477 -10.0000
v -62.0000 0.0800 -10.0000
v -60.0000 0.0800 -10.0000
v -58.0000 0.1032 -10.0000
v -56.0000 0.2105 -10.0000
v -54.0000 0.1372 -10.0000
v -52.0000 0.1325 -10.0000
v -50.0000 0.0800 -10.0000
v -48.0000 0.2312 -10.0000
v -46.0000 0.0800 -10.0000
v -44.0000 0.0800 -10.0000
v -42.0000 0.1032 -10.0000
v -40.0000 0.1126 -10.0000
v -38.0000 0.2299 -10.0000
v -36.0000 0.1200 -10.0000
v -34.0000 0.2197 -10.0000
v -32.0000 0.1285 -10.0000
v -30.0000 0.1926 -10.0000
v -28.0000 0.1200 -10.0000
v -26.0000 0.1200 -10.0000
v -24.0000 0.1200 -10.0000
v -22.0000 0.1293 -10.0000
v -20.0000 0.1200 -10.0000
v -18.0000 0.2102 -10.0000
v -16.0000 0.2163 -10.0000
v -14.0000 0.1531 -10.0000
v -12.0000 0.1150 -10.0000
v -10.0000 0.1505 -10.0000
v -8.0000 0.1177 -10.0000
v -6.0000 0.0800 -10.0000
v -4.0000 0.0800 -10.0000
v -2.0000 0.1293 -10.0000
v 0.0000 0.2265 -10.0000
v 2.0000 0.2109 -10.0000
v 4.0000 0.0800 -10.0000
v 6.0000 0.1673 -10.0000
v 8.0000 0.2517 -10.0000
v 10.0000 0.0800 -10.0000
v 12.0000 0.0800 -10.0000
v 14.0000 0.0800 -10.0000
v 16.0000 0.4926 -10.0000
v 18.0000 2.5540 -10.0000
v 20.0000 4.7200 -10.0000
v 22.0000 4.7200 -10.0000
v 24.0000 4.7200 -10.0000
v 26.0000 3.6843 -10.0000
v 28.0000 5.0000 -10.0000
v 30.0000 5.0000 -10.0000
v 32.0000 5.0000 -10.0000
v 34.0000 5.0000 -10.0000
v 36.0000 5.0000 -10.0000
v 38.0000 5.0000 -10.0000
v 40.0000 5.0000 -10.0000
v 42.0000 5.0000 -10.0000
v 44.0000 5.0000 -10.0000
v 46.0000 5.0000 -10.0000
v 48.0000 5.0000 -10.0000
v 50.0000 5.0000 -10.0000
v 52.0000 5.0000 -10.0000
v 54.0000 3.6843 -10.0000
v 56.0000 4.7200 -10.0000
v 58.0000 4.7200 -10.0000
v 60.0000 4.7200 -10.0000
v 62.0000 2.5625 -10.0000
v 64.0000 0.4305 -10.0000
v 66.0000 0.1614 -10.0000
v 68.0000 0.2051 -10.0000
v 70.0000 0.0800 -10.0000
v 72.0000 0.0800 -10.0000
v -72.0000 0.0800 -8.0000
v -70.0000 0.2024 -8.0000
v -68.0000 0.1541 -8.0000
v -66.0000 0.2494 -8.0000
v -64.0000 0.2490 -8.0000
v -62.0000 0.0800 -8.0000
v -60.0000 0.0800 -8.0000
v -58.0000 0.0800 -8.0000
v -56.0000 0.0873 -8.0000
v -54.0000 0.0800 -8.0000
v -52.0000 0.0800 -8.0000
v -50.0000 0.0800 -8.0000
v -48.0000 0.2526 -8.0000
v -46.0000 0.0856 -8.0000
v -44.0000 0.0800 -8.0000
v -42.0000 0.0942 -8.0000
v -40.0000 0.1176 -8.0000
v -38.0000 0.0968 -8.0000
v -36.0000 0.1019 -8.0000
v -34.0000 0.1515 -8.0000
v -32.0000 0.1121 -8.0000
v -30.0000 0.1172 -8.0000
v -28.0000 0.1383 -8.0000
v -26.0000 0.1200 -8.0000
v -24.0000 0.1200 -8.0000
v -22.0000 0.1200 -8.0000
v -20.0000 0.1200 -8.0000
v -18.0000 0.1200 -8.0000
v -16.0000 0.1200 -8.0000
v -14.0000 0.1200 -8.0000
v -12.0000 0.2051 -8.0000
v -10.0000 0.1197 -8.0000
v -8.0000 0.1084 -8.0000
v -6.0000 0.0972 -8.0000
v -4.0000 0.0859 -8.0000
v -2.0000 0.0800 -8.0000
v 0.0000 0.1096 -8.0000
v 2.0000 0.2025 -8.0000
v 4.0000 0.0800 -8.0000
v 6.0000 0.0800 -8.0000
v 8.0000 0.1224 -8.0000
v 10.0000 0.1773 -8.0000
v 12.0000 0.1846 -8.0000
v 14.0000 0.2014 -8.0000
v 16.0000 1.0230 -8.0000
v 18.0000 3.2423 -8.0000
v 20.0000 4.7200 -8.0000
v 22.0000 4.7200 -8.0000
v 24.0000 4.7200 -8.0000
v 26.0000 3.6843 -8.0000
v 28.0000 5.0000 -8.0000
v 30.0000 5.0000 -8.0000
v 32.0000 5.0000 -8.0000
v 34.0000 5.0000 -8.0000
v 36.0000 5.0000 -8.0000
v 38.0000 5.0000 -8.0000
v 40.0000 5.0000 -8.0000
v 42.0000 5.0000 -8.0000
v 44.0000 5.0000 -8.0000
v 46.0000 5.0000 -8.0000
v 48.0000 5.0000 -8.0000
v 50.0000 5.0000 -8.0000
v 52.0000 5.0000 -8.0000
v 54.0000 3.6843 -8.0000
v 56.0000 4.7200 -8.0000
v 58.0000 4.7200 -8.0000
v 60.0000 4.7200 -8.0000
v 62.0000 3.2375 -8.0000
v 64.0000 1.0529 -8.0000
v 66.0000 0.0800 -8.0000
v 68.0000 0.0800 -8.0000
v 70.0000 0.2325 -8.0000
v 72.0000 0.0800 -8.0000
v -72.0000 0.2422 -6.0000
v -70.0000 0.0930 -6.0000
v -68.0000 0.1781 -6.0000
v -66.0000 0.0800 -6.0000
v -64.0000 0.0800 -6.0000
v -62.0000 0.0800 -6.0000
v -60.0000 0.0800 -6.0000
v -58.0000 0.0800 -6.0000
v -56.0000 0.0800 -6.0000
v -54.0000 0.0800 -6.0000
v -52.0000 0.0800 -6.0000
v -50.0000 0.2535 -6.0000
v -48.0000 0.0800 -6.0000
v -46.0000 0.0800 -6.0000
v -44.0000 0.0800 -6.0000
v -42.0000 0.0800 -6.0000
v -40.0000 0.0980 -6.0000
v -38.0000 0.2205 -6.0000
v -36.0000 0.1506 -6.0000
v -34.0000 0.0800 -6.0000
v -32.0000 0.0840 -6.0000
v -30.0000 0.0891 -6.0000
v -28.0000 0.0942 -6.0000
v -26.0000 0.1172 -6.0000
v -24.0000 0.1044 -6.0000
v -22.0000 0.1096 -6.0000
v -20.0000 0.1663 -6.0000
v -18.0000 0.1258 -6.0000
v -16.0000 0.1200 -6.0000
v -14.0000 0.2029 -6.0000
v -12.0000 0.1200 -6.0000
v -10.0000 0.1200 -6.0000
v -8.0000 0.1860 -6.0000
v -6.0000 0.1200 -6.0000
v -4.0000 0.1185 -6.0000
v -2.0000 0.1009 -6.0000
v 0.0000 0.0902 -6.0000
v 2.0000 0.2159 -6.0000
v 4.0000 0.1242 -6.0000
v 6.0000 0.0800 -6.0000
v 8.0000 0.0800 -6.0000
v 10.0000 0.2248 -6.0000
v 12.0000 0.1779 -6.0000
v 14.0000 0.2478 -6.0000
v 16.0000 1.7814 -6.0000
v 18.0000 3.5487 -6.0000
v 20.0000 4.7200 -6.0000
v 22.0000 4.7200 -6.0000
v 24.0000 4.7200 -6.0000
v 26.0000 3.6843 -6.0000
v 28.0000 5.0000 -6.0000
v 30.0000 5.0000 -6.0000
v 32.0000 5.0000 -6.0000
v 34.0000 5.0000 -6.0000
v 36.0000 5.0000 -6.0000
v 38.0000 5.0000 -6.0000
v 40.0000 5.0000 -6.0000
v 42.0000 5.0000 -6.0000
v 44.0000 5.0000 -6.0000
v 46.0000 5.0000 -6.0000
v 48.0000 5.0000 -6.0000
v 50.0000 5.0000 -6.0000
v 52.0000 5.0000 -6.0000
v 54.0000 3.6843 -6.0000
v 56.0000 4.7200 -6.0000
v 58.0000 4.7200 -6.0000
v 60.0000 4.7200 -6.0000
v 62.0000 3.5419 -6.0000
v 64.0000 1.7400 -6.0000
v 66.0000 0.0800 -6.0000
v 68.0000 0.0979 -6.0000
v 70.0000 0.0800 -6.0000
v 72.0000 0.2170 -6.0000
v -72.0000 0.1729 -4.0000
v -70.0000 0.0800 -4.0000
v -68.0000 0.0800 -4.0000
v -66.0000 0.0800 -4.0000
v -64.0000 0.1685 -4.0000
v -62.0000 0.0800 -4.0000
v -60.0000 0.0800 -4.0000
v -58.0000 0.0800 -4.0000
v -56.0000 0.0800 -4.0000
v -54.0000 0.1728 -4.0000
v -52.0000 0.0800 -4.0000
v -50.0000 0.0800 -4.0000
v -48.0000 0.0800 -4.0000
v -46.0000 0.0800 -4.0000
v -44.0000 0.0800 -4.0000
v -42.0000 0.1366 -4.0000
v -40.0000 0.0800 -4.0000
v -38.0000 0.0801 -4.0000
v -36.0000 0.0800 -4.0000
v -34.0000 0.0800 -4.0000
v -32.0000 0.0800 -4.0000
v -30.0000 0.0800 -4.0000
v -28.0000 0.0800 -4.0000
v -26.0000 0.0800 -4.0000
v -24.0000 0.1653 -4.0000
v -22.0000 0.1223 -4.0000
v -20.0000 0.0866 -4.0000
v -18.0000 0.0917 -4.0000
v -16.0000 0.2569 -4.0000
v -14.0000 0.1124 -4.0000
v -12.0000 0.1623 -4.0000
v -10.0000 0.1200 -4.0000
v -8.0000 0.1200 -4.0000
v -6.0000 0.1819 -4.0000
v -4.0000 0.1200 -4.0000
v -2.0000 0.1200 -4.0000
v 0.0000 0.1173 -4.0000
v 2.0000 0.1083 -4.0000
v 4.0000 0.1362 -4.0000
v 6.0000 0.2476 -4.0000
v 8.0000 0.0811 -4.0000
v 10.0000 0.2525 -4.0000
v 12.0000 0.2073 -4.0000
v 14.0000 0.1298 -4.0000
v 16.0000 2.0008 -4.0000
v 18.0000 3.6511 -4.0000
v 20.0000 4.7200 -4.0000
v 22.0000 4.7200 -4.0000
v 24.0000 4.7200 -4.0000
v 26.0000 3.6843 -4.0000
v 28.0000 5.0000 -4.0000
v 30.0000 5.0000 -4.0000
v 32.0000 5.0000 -4.0000
v 34.0000 5.0000 -4.0000
v 36.0000 5.0000 -4.0000
v 38.0000 5.0000 -4.0000
v 40.0000 5.0000 -4.0000
v 42.0000 5.0000 -4.0000
v 44.0000 5.0000 -4.0000
v 46.0000 5.0000 -4.0000
v 48.0000 5.0000 -4.0000
v 50.0000 5.0000 -4.0000
v 52.0000 5.0000 -4.0000
v 54.0000 3.6843 -4.0000
v 56.0000 4.7200 -4.0000
v 58.0000 4.7200 -4.0000
v 60.0000 4.7200 -4.0000
v 62.0000 3.6524 -4.0000
v 64.0000 2.2196 -4.0000
v 66.0000 0.0800 -4.0000
v 68.0000 0.0800 -4.0000
v 70.0000 0.0800 -4.0000
v 72.0000 0.0800 -4.0000
v -72.0000 0.0836 -2.0000
v -70.0000 0.0800 -2.0000
v -68.0000 0.0800 -2.0000
v -66.0000 0.0800 -2.0000
v -64.0000 0.0800 -2.0000
v -62.0000 0.0909 -2.0000
v -60.0000 0.0800 -2.0000
v -58.0000 0.1054 -2.0000
v -56.0000 0.0800 -2.0000
v -54.0000 0.1897 -2.0000
v -52.0000 0.0800 -2.0000
v -50.0000 0.3380 -2.0000
v -48.0000 0.1287 -2.0000
v -46.0000 0.2949 -2.0000
v -44.0000 0.0800 -2.0000
v -42.0000 0.0800 -2.0000
v -40.0000 0.2498 -2.0000
v -38.0000 0.0800 -2.0000
v -36.0000 0.0800 -2.0000
v -34.0000 0.0800 -2.0000
v -32.0000 0.0800 -2.0000
v -30.0000 0.0800 -2.0000
v -28.0000 0.0988 -2.0000
v -26.0000 0.0849 -2.0000
v -24.0000 0.1786 -2.0000
v -22.0000 0.2493 -2.0000
v -20.0000 0.0800 -2.0000
v -18.0000 0.1426 -2.0000
v -16.0000 0.2560 -2.0000
v -14.0000 0.1469 -2.0000
v -12.0000 0.0972 -2.0000
v -10.0000 0.1678 -2.0000
v -8.0000 0.1197 -2.0000
v -6.0000 0.2525 -2.0000
v -4.0000 0.1287 -2.0000
v -2.0000 0.1200 -2.0000
v 0.0000 0.2051 -2.0000
v 2.0000 0.1200 -2.0000
v 4.0000 0.1200 -2.0000
v 6.0000 0.1199 -2.0000
v 8.0000 0.1083 -2.0000
v 10.0000 0.1550 -2.0000
v 12.0000 0.1193 -2.0000
v 14.0000 0.2172 -2.0000
v 16.0000 1.2803 -2.0000
v 18.0000 2.1427 -2.0000
v 20.0000 4.7200 -2.0000
v 22.0000 4.7200 -2.0000
v 24.0000 4.7200 -2.0000
v 26.0000 3.6843 -2.0000
v 28.0000 5.0000 -2.0000
v 30.0000 5.0000 -2.0000
v 32.0000 5.0000 -2.0000
v 34.0000 5.0000 -2.0000
v 36.0000 5.0000 -2.0000
v 38.0000 5.0000 -2.0000
v 40.0000 5.0000 -2.0000
v 42.0000 5.0000 -2.0000
v 44.0000 5.0000 -2.0000
v 46.0000 5.0000 -2.0000
v 48.0000 5.0000 -2.0000
v 50.0000 5.0000 -2.0000
v 52.0000 5.0000 -2.0000
v 54.0000 3.6843 -2.0000
v 56.0000 4.7200 -2.0000
v 58.0000 4.7200 -2.0000
v 60.0000 4.7200 -2.0000
v 62.0000 3.6714 -2.0000
v 64.0000 2.4044 -2.0000
v 66.0000 0.1966 -2.0000
v 68.0000 0.0800 -2.0000
v 70.0000 0.0800 -2.0000
v 72.0000 0.2145 -2.0000
v -72.0000 0.0800 0.0000
v -70.0000 0.2177 0.0000
v -68.0000 0.0800 0.0000
v -66.0000 0.1624 0.0000
v -64.0000 0.1589 0.0000
v -62.0000 0.0800 0.0000
v -60.0000 0.0800 0.0000
v -58.0000 0.0800 0.0000
v -56.0000 0.0800 0.0000
v -54.0000 0.2405 0.0000
v -52.0000 0.3535 0.0000
v -50.0000 0.6189 0.0000
v -48.0000 0.7005 0.0000
v -46.0000 0.7307 0.0000
v -44.0000 0.3653 0.0000
v -42.0000 0.2887 0.0000
v -40.0000 0.0800 0.0000
v -38.0000 0.1028 0.0000
v -36.0000 0.0800 0.0000
v -34.0000 0.1615 0.0000
v -32.0000 0.1772 0.0000
v -30.0000 0.0800 0.0000
v -28.0000 0.0800 0.0000
v -26.0000 0.0800 0.0000
v -24.0000 0.0800 0.0000
v -22.0000 0.2468 0.0000
v -20.0000 0.0800 0.0000
v -18.0000 0.0800 0.0000
v -16.0000 0.2401 0.0000
v -14.0000 0.1338 0.0000
v -12.0000 0.0941 0.0000
v -10.0000 0.1117 0.0000
v -8.0000 0.1084 0.0000
v -6.0000 0.2472 0.0000
v -4.0000 0.1974 0.0000
v -2.0000 0.2482 0.0000
v 0.0000 0.2524 0.0000
v 2.0000 0.1200 0.0000
v 4.0000 0.1200 0.0000
v 6.0000 0.1200 0.0000
v 8.0000 0.1200 0.0000
v 10.0000 0.1200 0.0000
v 12.0000 0.1200 0.0000
v 14.0000 0.1200 0.0000
v 16.0000 0.9289 0.0000
v 18.0000 1.9146 0.0000
v 20.0000 4.7200 0.0000
v 22.0000 4.7200 0.0000
v 24.0000 4.7200 0.0000
v 26.0000 3.6514 0.0000
v 28.0000 5.0000 0.0000
v 30.0000 5.0000 0.0000
v 32.0000 5.0000 0.0000
v 34.0000 5.0000 0.0000
v 36.0000 5.0000 0.0000
v 38.0000 5.0000 0.0000
v 40.0000 5.0000 0.0000
v 42.0000 5.0000 0.0000
v 44.0000 5.0000 0.0000
v 46.0000 5.0000 0.0000
v 48.0000 5.0000 0.0000
v 50.0000 5.0000 0.0000
v 52.0000 5.0000 0.0000
v 54.0000 3.6843 0.0000
v 56.0000 4.7200 0.0000
v 58.0000 4.7200 0.0000
v 60.0000 4.7200 0.0000
v 62.0000 3.6526 0.0000
v 64.0000 2.2329 0.0000
v 66.0000 0.8285 0.0000
v 68.0000 0.5990 0.0000
v 70.0000 0.0975 0.0000
v 72.0000 0.1675 0.0000
v -72.0000 0.0800 2.0000
v -70.0000 0.0813 2.0000
v -68.0000 0.0925 2.0000
v -66.0000 0.2524 2.0000
v -64.0000 0.1454 2.0000
v -62.0000 0.1885 2.0000
v -60.0000 0.0800 2.0000
v -58.0000 0.0800 2.0000
v -56.0000 0.4603 2.0000
v -54.0000 0.6688 2.0000
v -52.0000 1.0604 2.0000
v -50.0000 1.3016 2.0000
v -48.0000 1.3946 2.0000
v -46.0000 1.2270 2.0000
v -44.0000 1.0633 2.0000
v -42.0000 0.6660 2.0000
v -40.0000 0.3622 2.0000
v -38.0000 0.0800 2.0000
v -36.0000 0.1408 2.0000
v -34.0000 0.1938 2.0000
v -32.0000 0.0800 2.0000
v -30.0000 0.2501 2.0000
v -28.0000 0.0800 2.0000
v -26.0000 0.1207 2.0000
v -24.0000 0.1590 2.0000
v -22.0000 0.0800 2.0000
v -20.0000 0.1390 2.0000
v -18.0000 0.0800 2.0000
v -16.0000 0.0800 2.0000
v -14.0000 0.0800 2.0000
v -12.0000 0.0800 2.0000
v -10.0000 0.0800 2.0000
v -8.0000 0.0800 2.0000
v -6.0000 0.0800 2.0000
v -4.0000 0.1341 2.0000
v -2.0000 0.0992 2.0000
v 0.0000 0.1231 2.0000
v 2.0000 0.1195 2.0000
v 4.0000 0.1200 2.0000
v 6.0000 0.1200 2.0000
v 8.0000 0.1200 2.0000
v 10.0000 0.1335 2.0000
v 12.0000 0.1200 2.0000
v 14.0000 0.2144 2.0000
v 16.0000 0.7840 2.0000
v 18.0000 1.8653 2.0000
v 20.0000 4.7200 2.0000
v 22.0000 4.7200 2.0000
v 24.0000 4.7200 2.0000
v 26.0000 3.6843 2.0000
v 28.0000 5.0000 2.0000
v 30.0000 5.0000 2.0000
v 32.0000 5.0000 2.0000
v 34.0000 5.0000 2.0000
v 36.0000 5.0000 2.0000
v 38.0000 5.0000 2.0000
v 40.0000 5.0000 2.0000
v 42.0000 5.0000 2.0000
v 44.0000 5.0000 2.0000
v 46.0000 5.0000 2.0000
v 48.0000 5.0000 2.0000
v 50.0000 5.0000 2.0000
v 52.0000 5.0000 2.0000
v 54.0000 3.6843 2.0000
v 56.0000 4.7200 2.0000
v 58.0000 4.7200 2.0000
v 60.0000 4.7200 2.0000
v 62.0000 3.5453 2.0000
v 64.0000 1.7820 2.0000
v 66.0000 1.5052 2.0000
v 68.0000 1.2712 2.0000
v 70.0000 0.5612 2.0000
v 72.0000 0.0800 2.0000
v -72.0000 0.2307 4.0000
v -70.0000 0.1302 4.0000
v -68.0000 0.0800 4.0000
v -66.0000 0.0800 4.0000
v -64.0000 0.1087 4.0000
v -62.0000 0.1280 4.0000
v -60.0000 0.2046 4.0000
v -58.0000 0.2186 4.0000
v -56.0000 0.7225 4.0000
v -54.0000 1.3107 4.0000
v -52.0000 1.7751 4.0000
v -50.0000 1.9877 4.0000
v -48.0000 2.2140 4.0000
v -46.0000 2.0280 4.0000
v -44.0000 1.6376 4.0000
v -42.0000 1.2930 4.0000
v -40.0000 0.7862 4.0000
v -38.0000 0.1603 4.0000
v -36.0000 0.2318 4.0000
v -34.0000 0.0834 4.0000
v -32.0000 0.2221 4.0000
v -30.0000 0.1276 4.0000
v -28.0000 0.0800 4.0000
v -26.0000 0.0800 4.0000
v -24.0000 0.2227 4.0000
v -22.0000 0.2238 4.0000
v -20.0000 0.0800 4.0000
v -18.0000 0.0800 4.0000
v -16.0000 0.0800 4.0000
v -14.0000 0.1490 4.0000
v -12.0000 0.0800 4.0000
v -10.0000 0.2029 4.0000
v -8.0000 0.0889 4.0000
v -6.0000 0.2250 4.0000
v -4.0000 0.0800 4.0000
v -2.0000 0.2165 4.0000
v 0.0000 0.0811 4.0000
v 2.0000 0.1833 4.0000
v 4.0000 0.1554 4.0000
v 6.0000 0.2019 4.0000
v 8.0000 0.1909 4.0000
v 10.0000 0.1200 4.0000
v 12.0000 0.1200 4.0000
v 14.0000 0.2430 4.0000
v 16.0000 0.5986 4.0000
v 18.0000 2.5170 4.0000
v 20.0000 4.7200 4.0000
v 22.0000 4.7200 4.0000
v 24.0000 4.7200 4.0000
v 26.0000 3.6843 4.0000
v 28.0000 5.0000 4.0000
v 30.0000 5.0000 4.0000
v 32.0000 5.0000 4.0000
v 34.0000 5.0000 4.0000
v 36.0000 5.0000 4.0000
v 38.0000 5.0000 4.0000
v 40.0000 5.0000 4.0000
v 42.0000 5.0000 4.0000
v 44.0000 5.0000 4.0000
v 46.0000 5.0000 4.0000
v 48.0000 5.0000 4.0000
v 50.0000 5.0000 4.0000
v 52.0000 5.0000 4.0000
v 54.0000 3.6843 4.0000
v 56.0000 4.7200 4.0000
v 58.0000 4.7200 4.0000
v 60.0000 4.7200 4.0000
v 62.0000 3.2418 4.0000
v 64.0000 1.9145 4.0000
v 66.0000 1.9725 4.0000
v 68.0000 1.6400 4.0000
v 70.0000 0.7793 4.0000
v 72.0000 0.2848 4.0000
v -72.0000 0.0800 6.0000
v -70.0000 0.1632 6.0000
v -68.0000 0.0800 6.0000
v -66.0000 0.1523 6.0000
v -64.0000 0.2217 6.0000
v -62.0000 0.0800 6.0000
v -60.0000 0.0982 6.0000
v -58.0000 0.4047 6.0000
v -56.0000 1.1733 6.0000
v -54.0000 1.6946 6.0000
v -52.0000 2.1969 6.0000
v -50.0000 2.6081 6.0000
v -48.0000 2.6740 6.0000
v -46.0000 2.4759 6.0000
v -44.0000 2.3494 6.0000
v -42.0000 1.6616 6.0000
v -40.0000 1.2072 6.0000
v -38.0000 0.6121 6.0000
v -36.0000 0.1523 6.0000
v -34.0000 0.1806 6.0000
v -32.0000 0.2273 6.0000
v -30.0000 0.1642 6.0000
v -28.0000 0.1910 6.0000
v -26.0000 0.1939 6.0000
v -24.0000 0.0800 6.0000
v -22.0000 0.0800 6.0000
v -20.0000 0.1107 6.0000
v -18.0000 0.1939 6.0000
v -16.0000 0.0800 6.0000
v -14.0000 0.0800 6.0000
v -12.0000 0.0800 6.0000
v -10.0000 0.0800 6.0000
v -8.0000 0.0800 6.0000
v -6.0000 0.1671 6.0000
v -4.0000 0.1533 6.0000
v -2.0000 0.1779 6.0000
v 0.0000 0.0891 6.0000
v 2.0000 0.1577 6.0000
v 4.0000 0.1200 6.0000
v 6.0000 0.1200 6.0000
v 8.0000 0.2126 6.0000
v 10.0000 0.1200 6.0000
v 12.0000 0.1103 6.0000
v 14.0000 0.0959 6.0000
v 16.0000 0.3678 6.0000
v 18.0000 2.5459 6.0000
v 20.0000 4.7200 6.0000
v 22.0000 4.7200 6.0000
v 24.0000 4.7200 6.0000
v 26.0000 3.6843 6.0000
v 28.0000 5.0000 6.0000
v 30.0000 5.0000 6.0000
v 32.0000 5.0000 6.0000
v 34.0000 5.0000 6.0000
v 36.0000 5.0000 6.0000
v 38.0000 5.0000 6.0000
v 40.0000 5.0000 6.0000
v 42.0000 5.0000 6.0000
v 44.0000 5.0000 6.0000
v 46.0000 5.0000 6.0000
v 48.0000 5.0000 6.0000
v 50.0000 5.0000 6.0000
v 52.0000 5.0000 6.0000
v 54.0000 3.6843 6.0000
v 56.0000 4.7200 6.0000
v 58.0000 4.7200 6.0000
v 60.0000 4.7200 6.0000
v 62.0000 2.5868 6.0000
v 64.0000 2.0068 6.0000
v 66.0000 2.0303 6.0000
v 68.0000 1.7453 6.0000
v 70.0000 0.9111 6.0000
v 72.0000 0.3340 6.0000
v -72.0000 0.2201 8.0000
v -70.0000 0.2415 8.0000
v -68.0000 0.2317 8.0000
v -66.0000 0.0800 8.0000
v -64.0000 0.0988 8.0000
v -62.0000 0.0841 8.0000
v -60.0000 0.3141 8.0000
v -58.0000 0.5561 8.0000
v -56.0000 1.3139 8.0000
v -54.0000 2.0024 8.0000
v -52.0000 2.6459 8.0000
v -50.0000 2.8225 8.0000
v -48.0000 2.7270 8.0000
v -46.0000 2.7356 8.0000
v -44.0000 2.5619 8.0000
v -42.0000 2.0984 8.0000
v -40.0000 1.4682 8.0000
v -38.0000 0.7681 8.0000
v -36.0000 0.2294 8.0000
v -34.0000 0.2391 8.0000
v -32.0000 0.2392 8.0000
v -30.0000 0.0800 8.0000
v -28.0000 0.0800 8.0000
v -26.0000 0.2533 8.0000
v -24.0000 0.1846 8.0000
v -22.0000 0.0800 8.0000
v -20.0000 0.1653 8.0000
v -18.0000 0.0800 8.0000
v -16.0000 0.0891 8.0000
v -14.0000 0.1775 8.0000
v -12.0000 0.2056 8.0000
v -10.0000 0.0800 8.0000
v -8.0000 0.0800 8.0000
v -6.0000 0.0800 8.0000
v -4.0000 0.0869 8.0000
v -2.0000 0.2043 8.0000
v 0.0000 0.1195 8.0000
v 2.0000 0.1351 8.0000
v 4.0000 0.1499 8.0000
v 6.0000 0.2556 8.0000
v 8.0000 0.1200 8.0000
v 10.0000 0.1267 8.0000
v 12.0000 0.1200 8.0000
v 14.0000 0.1200 8.0000
v 16.0000 0.1200 8.0000
v 18.0000 0.8740 8.0000
v 20.0000 4.7200 8.0000
v 22.0000 4.7200 8.0000
v 24.0000 4.7200 8.0000
v 26.0000 3.6843 8.0000
v 28.0000 5.0000 8.0000
v 30.0000 5.0000 8.0000
v 32.0000 5.0000 8.0000
v 34.0000 5.0000 8.0000
v 36.0000 5.0000 8.0000
v 38.0000 5.0000 8.0000
v 40.0000 5.0000 8.0000
v 42.0000 5.0000 8.0000
v 44.0000 5.0000 8.0000
v 46.0000 5.0000 8.0000
v 48.0000 5.0000 8.0000
v 50.0000 5.0000 8.0000
v 52.0000 5.0000 8.0000
v 54.0000 3.6843 8.0000
v 56.0000 4.7200 8.0000
v 58.0000 4.7200 8.0000
v 60.0000 4.7200 8.0000
v 62.0000 1.5490 8.0000
v 64.0000 1.9888 8.0000
v 66.0000 1.8462 8.0000
v 68.0000 1.6680 8.0000
v 70.0000 0.7305 8.0000
v 72.0000 0.1688 8.0000
v -72.0000 0.1683 10.0000
v -70.0000 0.0800 10.0000
v -68.0000 0.0800 10.0000
v -66.0000 0.0800 10.0000
v -64.0000 0.2092 10.0000
v -62.0000 0.0916 10.0000
v -60.0000 0.1380 10.0000
v -58.0000 0.8493 10.0000
v -56.0000 1.3960 10.0000
v -54.0000 2.2402 10.0000
v -52.0000 2.6312 10.0000
v -50.0000 2.7723 10.0000
v -48.0000 2.8464 10.0000
v -46.0000 2.7901 10.0000
v -44.0000 2.5862 10.0000
v -42.0000 2.1992 10.0000
v -40.0000 1.5247 10.0000
v -38.0000 0.7651 10.0000
v -36.0000 0.3457 10.0000
v -34.0000 0.0800 10.0000
v -32.0000 0.2412 10.0000
v -30.0000 0.0800 10.0000
v -28.0000 0.0800 10.0000
v -26.0000 0.0935 10.0000
v -24.0000 0.0800 10.0000
v -22.0000 0.0800 10.0000
v -20.0000 0.0800 10.0000
v -18.0000 0.0892 10.0000
v -16.0000 0.2510 10.0000
v -14.0000 0.2438 10.0000
v -12.0000 0.0800 10.0000
v -10.0000 0.0800 10.0000
v -8.0000 0.1056 10.0000
v -6.0000 0.0800 10.0000
v -4.0000 0.0800 10.0000
v -2.0000 0.2089 10.0000
v 0.0000 0.1871 10.0000
v 2.0000 0.2288 10.0000
v 4.0000 0.1200 10.0000
v 6.0000 0.2511 10.0000
v 8.0000 0.1200 10.0000
v 10.0000 0.2499 10.0000
v 12.0000 0.1200 10.0000
v 14.0000 0.2097 10.0000
v 16.0000 0.1200 10.0000
v 18.0000 0.4437 10.0000
v 20.0000 4.7200 10.0000
v 22.0000 4.7200 10.0000
v 24.0000 4.7200 10.0000
v 26.0000 4.7628 10.0000
v 28.0000 3.9503 10.0000
v 30.0000 5.0000 10.0000
v 32.0000 5.0000 10.0000
v 34.0000 5.0000 10.0000
v 36.0000 5.0000 10.0000
v 38.0000 5.0000 10.0000
v 40.0000 5.0000 10.0000
v 42.0000 5.0000 10.0000
v 44.0000 5.0000 10.0000
v 46.0000 5.0000 10.0000
v 48.0000 5.0000 10.0000
v 50.0000 5.0000 10.0000
v 52.0000 3.9503 10.0000
v 54.0000 4.7628 10.0000
v 56.0000 4.7200 10.0000
v 58.0000 4.7200 10.0000
v 60.0000 4.7200 10.0000
v 62.0000 1.2391 10.0000
v 64.0000 1.6688 10.0000
v 66.0000 1.5071 10.0000
v 68.0000 1.0067 10.0000
v 70.0000 0.6409 10.0000
v 72.0000 0.0800 10.0000
v -72.0000 0.0800 12.0000
v -70.0000 0.2056 12.0000
v -68.0000 0.1165 12.0000
v -66.0000 0.0800 12.0000
v -64.0000 0.0800 12.0000
v -62.0000 0.0800 12.0000
v -60.0000 0.2580 12.0000
v -58.0000 0.5148 12.0000
v -56.0000 1.4703 12.0000
v -54.0000 1.9754 12.0000
v -52.0000 2.4862 12.0000
v -50.0000 2.8443 12.0000
v -48.0000 2.7454 12.0000
v -46.0000 2.7119 12.0000
v -44.0000 2.5469 12.0000
v -42.0000 2.0864 12.0000
v -40.0000 1.3502 12.0000
v -38.0000 0.6786 12.0000
v -36.0000 0.1340 12.0000
v -34.0000 0.2304 12.0000
v -32.0000 0.1034 12.0000
v -30.0000 0.2209 12.0000
v -28.0000 0.0800 12.0000
v -26.0000 0.0800 12.0000
v -24.0000 0.1669 12.0000
v -22.0000 0.1051 12.0000
v -20.0000 0.0936 12.0000
v -18.0000 0.0800 12.0000
v -16.0000 0.1101 12.0000
v -14.0000 0.0800 12.0000
v -12.0000 0.1827 12.0000
v -10.0000 0.1367 12.0000
v -8.0000 0.1068 12.0000
v -6.0000 0.1156 12.0000
v -4.0000 0.0800 12.0000
v -2.0000 0.2513 12.0000
v 0.0000 0.1200 12.0000
v 2.0000 0.1503 12.0000
v 4.0000 0.1200 12.0000
v 6.0000 0.1200 12.0000
v 8.0000 0.2457 12.0000
v 10.0000 0.1508 12.0000
v 12.0000 0.1627 12.0000
v 14.0000 0.1200 12.0000
v 16.0000 0.1200 12.0000
v 18.0000 0.1572 12.0000
v 20.0000 4.7200 12.0000
v 22.0000 4.7200 12.0000
v 24.0000 4.7200 12.0000
v 26.0000 4.7200 12.0000
v 28.0000 4.7628 12.0000
v 30.0000 3.6843 12.0000
v 32.0000 3.6843 12.0000
v 34.0000 3.6843 12.0000
v 36.0000 3.6843 12.0000
v 38.0000 3.6843 12.0000
v 40.0000 3.6843 12.0000
v 42.0000 3.6843 12.0000
v 44.0000 3.6843 12.0000
v 46.0000 3.6843 12.0000
v 48.0000 3.6843 12.0000
v 50.0000 3.6843 12.0000
v 52.0000 4.7628 12.0000
v 54.0000 4.7200 12.0000
v 56.0000 4.7200 12.0000
v 58.0000 4.7200 12.0000
v 60.0000 4.2294 12.0000
v 62.0000 0.8482 12.0000
v 64.0000 1.1161 12.0000
v 66.0000 1.0088 12.0000
v 68.0000 0.5503 12.0000
v 70.0000 0.0800 12.0000
v 72.0000 0.1841 12.0000
v -72.0000 0.0874 14.0000
v -70.0000 0.2331 14.0000
v -68.0000 0.1950 14.0000
v -66.0000 0.0800 14.0000
v -64.0000 0.1957 14.0000
v -62.0000 0.1930 14.0000
v -60.0000 0.1575 14.0000
v -58.0000 0.3363 14.0000
v -56.0000 0.9692 14.0000
v -54.0000 1.8088 14.0000
v -52.0000 2.1733 14.0000
v -50.0000 2.6178 14.0000
v -48.0000 2.7024 14.0000
v -46.0000 2.5061 14.0000
v -44.0000 2.3040 14.0000
v -42.0000 1.7361 14.0000
v -40.0000 1.1581 14.0000
v -38.0000 0.6448 14.0000
v -36.0000 0.0800 14.0000
v -34.0000 0.2219 14.0000
v -32.0000 0.0800 14.0000
v -30.0000 0.0800 14.0000
v -28.0000 0.0800 14.0000
v -26.0000 0.2146 14.0000
v -24.0000 0.0800 14.0000
v -22.0000 0.0800 14.0000
v -20.0000 0.0800 14.0000
v -18.0000 0.0889 14.0000
v -16.0000 0.0800 14.0000
v -14.0000 0.2261 14.0000
v -12.0000 0.0800 14.0000
v -10.0000 0.0800 14.0000
v -8.0000 0.1642 14.0000
v -6.0000 0.0893 14.0000
v -4.0000 0.1674 14.0000
v -2.0000 0.1473 14.0000
v 0.0000 0.1441 14.0000
v 2.0000 0.1200 14.0000
v 4.0000 0.2320 14.0000
v 6.0000 0.1200 14.0000
v 8.0000 0.1200 14.0000
v 10.0000 0.1130 14.0000
v 12.0000 0.0959 14.0000
v 14.0000 0.0959 14.0000
v 16.0000 0.1166 14.0000
v 18.0000 0.0959 14.0000
v 20.0000 0.1428 14.0000
v 22.0000 4.3422 14.0000
v 24.0000 4.7200 14.0000
v 26.0000 4.7200 14.0000
v 28.0000 4.7200 14.0000
v 30.0000 4.7200 14.0000
v 32.0000 4.7200 14.0000
v 34.0000 4.7200 14.0000
v 36.0000 4.7200 14.0000
v 38.0000 4.7200 14.0000
v 40.0000 4.7200 14.0000
v 42.0000 4.7200 14.0000
v 44.0000 4.7200 14.0000
v 46.0000 4.7200 14.0000
v 48.0000 4.7200 14.0000
v 50.0000 4.7200 14.0000
v 52.0000 4.7200 14.0000
v 54.0000 4.7200 14.0000
v 56.0000 4.7200 14.0000
v 58.0000 4.3416 14.0000
v 60.0000 0.2038 14.0000
v 62.0000 0.3867 14.0000
v 64.0000 0.4255 14.0000
v 66.0000 0.2006 14.0000
v 68.0000 0.0800 14.0000
v 70.0000 0.1376 14.0000
v 72.0000 0.2221 14.0000
v -72.0000 0.0800 16.0000
v -70.0000 0.1635 16.0000
v -68.0000 0.1695 16.0000
v -66.0000 0.1152 16.0000
v -64.0000 0.1816 16.0000
v -62.0000 0.0800 16.0000
v -60.0000 0.0800 16.0000
v -58.0000 0.2900 16.0000
v -56.0000 0.6520 16.0000
v -54.0000 1.3945 16.0000
v -52.0000 1.8077 16.0000
v -50.0000 2.0412 16.0000
v -48.0000 2.0900 16.0000
v -46.0000 2.0722 16.0000
v -44.0000 1.8155 16.0000
v -42.0000 1.2988 16.0000
v -40.0000 0.7339 16.0000
v -38.0000 0.2345 16.0000
v -36.0000 0.2253 16.0000
v -34.0000 0.2154 16.0000
v -32.0000 0.0800 16.0000
v -30.0000 0.0834 16.0000
v -28.0000 0.1264 16.0000
v -26.0000 0.1291 16.0000
v -24.0000 0.0800 16.0000
v -22.0000 0.1378 16.0000
v -20.0000 0.1422 16.0000
v -18.0000 0.0800 16.0000
v -16.0000 0.0800 16.0000
v -14.0000 0.0800 16.0000
v -12.0000 0.1632 16.0000
v -10.0000 0.0800 16.0000
v -8.0000 0.2326 16.0000
v -6.0000 0.2341 16.0000
v -4.0000 0.0971 16.0000
v -2.0000 0.1935 16.0000
v 0.0000 0.1200 16.0000
v 2.0000 0.1200 16.0000
v 4.0000 0.1200 16.0000
v 6.0000 0.1385 16.0000
v 8.0000 0.1200 16.0000
v 10.0000 0.0985 16.0000
v 12.0000 0.0800 16.0000
v 14.0000 0.0800 16.0000
v 16.0000 0.0800 16.0000
v 18.0000 0.0895 16.0000
v 20.0000 0.2055 16.0000
v 22.0000 0.3030 16.0000
v 24.0000 4.7200 16.0000
v 26.0000 4.7200 16.0000
v 28.0000 4.7200 16.0000
v 30.0000 4.7200 16.0000
v 32.0000 4.7200 16.0000
v 34.0000 4.7200 16.0000
v 36.0000 4.7200 16.0000
v 38.0000 4.7200 16.0000
v 40.0000 4.7200 16.0000
v 42.0000 4.7200 16.0000
v 44.0000 4.7200 16.0000
v 46.0000 4.7200 16.0000
v 48.0000 4.7200 16.0000
v 50.0000 4.7200 16.0000
v 52.0000 4.7200 16.0000
v 54.0000 4.7200 16.0000
v 56.0000 4.3231 16.0000
v 58.0000 0.1105 16.0000
v 60.0000 0.1361 16.0000
v 62.0000 0.0800 16.0000
v 64.0000 0.0800 16.0000
v 66.0000 0.0800 16.0000
v 68.0000 0.2044 16.0000
v 70.0000 0.0800 16.0000
v 72.0000 0.0800 16.0000
v -72.0000 0.0800 18.0000
v -70.0000 0.0800 18.0000
v -68.0000 0.0862 18.0000
v -66.0000 0.0800 18.0000
v -64.0000 0.0800 18.0000
v -62.0000 0.0800 18.0000
v -60.0000 0.0800 18.0000
v -58.0000 0.1305 18.0000
v -56.0000 0.4257 18.0000
v -54.0000 0.6509 18.0000
v -52.0000 1.1523 18.0000
v -50.0000 1.4687 18.0000
v -48.0000 1.5204 18.0000
v -46.0000 1.4588 18.0000
v -44.0000 1.0955 18.0000
v -42.0000 0.5941 18.0000
v -40.0000 0.5471 18.0000
v -38.0000 0.6249 18.0000
v -36.0000 0.9105 18.0000
v -34.0000 0.8615 18.0000
v -32.0000 0.6334 18.0000
v -30.0000 0.2122 18.0000
v -28.0000 0.2200 18.0000
v -26.0000 0.0800 18.0000
v -24.0000 0.0800 18.0000
v -22.0000 0.0800 18.0000
v -20.0000 0.1383 18.0000
v -18.0000 0.0800 18.0000
v -16.0000 0.2504 18.0000
v -14.0000 0.0800 18.0000
v -12.0000 0.1826 18.0000
v -10.0000 0.0817 18.0000
v -8.0000 0.2459 18.0000
v -6.0000 0.2353 18.0000
v -4.0000 0.0935 18.0000
v -2.0000 0.1815 18.0000
v 0.0000 0.1200 18.0000
v 2.0000 0.1285 18.0000
v 4.0000 0.1240 18.0000
v 6.0000 0.1200 18.0000
v 8.0000 0.1200 18.0000
v 10.0000 0.2092 18.0000
v 12.0000 0.1435 18.0000
v 14.0000 0.2087 18.0000
v 16.0000 0.1649 18.0000
v 18.0000 0.2151 18.0000
v 20.0000 0.1200 18.0000
v 22.0000 0.1722 18.0000
v 24.0000 0.1752 18.0000
v 26.0000 4.7200 18.0000
v 28.0000 4.7200 18.0000
v 30.0000 4.7200 18.0000
v 32.0000 4.7200 18.0000
v 34.0000 4.7200 18.0000
v 36.0000 4.7200 18.0000
v 38.0000 4.7200 18.0000
v 40.0000 4.7200 18.0000
v 42.0000 4.7200 18.0000
v 44.0000 4.7200 18.0000
v 46.0000 4.7200 18.0000
v 48.0000 4.7200 18.0000
v 50.0000 4.7200 18.0000
v 52.0000 4.7200 18.0000
v 54.0000 4.2287 18.0000
v 56.0000 0.0937 18.0000
v 58.0000 0.0982 18.0000
v 60.0000 0.0800 18.0000
v 62.0000 0.0800 18.0000
v 64.0000 0.1806 18.0000
v 66.0000 0.1863 18.0000
v 68.0000 0.2062 18.0000
v 70.0000 0.0800 18.0000
v 72.0000 0.2013 18.0000
v -72.0000 0.0800 20.0000
v -70.0000 0.1796 20.0000
v -68.0000 0.2252 20.0000
v -66.0000 0.0800 20.0000
v -64.0000 0.0800 20.0000
v -62.0000 0.0800 20.0000
v -60.0000 0.0800 20.0000
v -58.0000 0.2269 20.0000
v -56.0000 0.0800 20.0000
v -54.0000 0.3447 20.0000
v -52.0000 0.4428 20.0000
v -50.0000 0.7289 20.0000
v -48.0000 0.8011 20.0000
v -46.0000 0.5309 20.0000
v -44.0000 0.3932 20.0000
v -42.0000 0.7150 20.0000
v -40.0000 1.2353 20.0000
v -38.0000 1.4351 20.0000
v -36.0000 1.6090 20.0000
v -34.0000 1.5461 20.0000
v -32.0000 1.1445 20.0000
v -30.0000 0.6951 20.0000
v -28.0000 0.2649 20.0000
v -26.0000 0.0800 20.0000
v -24.0000 0.1329 20.0000
v -22.0000 0.0800 20.0000
v -20.0000 0.1928 20.0000
v -18.0000 0.0800 20.0000
v -16.0000 0.1614 20.0000
v -14.0000 0.0800 20.0000
v -12.0000 0.1828 20.0000
v -10.0000 0.1333 20.0000
v -8.0000 0.0800 20.0000
v -6.0000 0.0800 20.0000
v -4.0000 0.1470 20.0000
v -2.0000 0.1670 20.0000
v 0.0000 0.1200 20.0000
v 2.0000 0.1602 20.0000
v 4.0000 0.1200 20.0000
v 6.0000 0.1200 20.0000
v 8.0000 0.1906 20.0000
v 10.0000 0.1383 20.0000
v 12.0000 0.0963 20.0000
v 14.0000 0.1655 20.0000
v 16.0000 0.1200 20.0000
v 18.0000 0.1200 20.0000
v 20.0000 0.2551 20.0000
v 22.0000 0.1200 20.0000
v 24.0000 0.1200 20.0000
v 26.0000 0.2085 20.0000
v 28.0000 0.4233 20.0000
v 30.0000 1.5286 20.0000
v 32.0000 2.5773 20.0000
v 34.0000 3.2213 20.0000
v 36.0000 3.5489 20.0000
v 38.0000 3.6521 20.0000
v 40.0000 3.6712 20.0000
v 42.0000 3.6518 20.0000
v 44.0000 3.5436 20.0000
v 46.0000 3.2353 20.0000
v 48.0000 2.5614 20.0000
v 50.0000 1.4750 20.0000
v 52.0000 0.5878 20.0000
v 54.0000 0.2104 20.0000
v 56.0000 0.0800 20.0000
v 58.0000 0.0800 20.0000
v 60.0000 0.1524 20.0000
v 62.0000 0.0800 20.0000
v 64.0000 0.2206 20.0000
v 66.0000 0.0800 20.0000
v 68.0000 0.0800 20.0000
v 70.0000 0.0800 20.0000
v 72.0000 0.1495 20.0000
v -72.0000 0.1845 22.0000
v -70.0000 0.1789 22.0000
v -68.0000 0.1099 22.0000
v -66.0000 0.2386 22.0000
v -64.0000 0.0800 22.0000
v -62.0000 0.0800 22.0000
v -60.0000 0.0800 22.0000
v -58.0000 0.1233 22.0000
v -56.0000 0.0800 22.0000
v -54.0000 0.0800 22.0000
v -52.0000 0.0862 22.0000
v -50.0000 0.3017 22.0000
v -48.0000 0.1746 22.0000
v -46.0000 0.4377 22.0000
v -44.0000 0.6880 22.0000
v -42.0000 1.3379 22.0000
v -40.0000 1.9718 22.0000
v -38.0000 2.2129 22.0000
v -36.0000 2.3232 22.0000
v -34.0000 2.1477 22.0000
v -32.0000 1.9259 22.0000
v -30.0000 1.4794 22.0000
v -28.0000 0.8529 22.0000
v -26.0000 0.2147 22.0000
v -24.0000 0.0800 22.0000
v -22.0000 0.1213 22.0000
v -20.0000 0.0800 22.0000
v -18.0000 0.1968 22.0000
v -16.0000 0.2483 22.0000
v -14.0000 0.1478 22.0000
v -12.0000 0.0800 22.0000
v -10.0000 0.1146 22.0000
v -8.0000 0.0800 22.0000
v -6.0000 0.0800 22.0000
v -4.0000 0.1932 22.0000
v -2.0000 0.1721 22.0000
v 0.0000 0.2556 22.0000
v 2.0000 0.2051 22.0000
v 4.0000 0.1200 22.0000
v 6.0000 0.1794 22.0000
v 8.0000 0.1200 22.0000
v 10.0000 0.1193 22.0000
v 12.0000 0.1194 22.0000
v 14.0000 0.1341 22.0000
v 16.0000 0.1200 22.0000
v 18.0000 0.1200 22.0000
v 20.0000 0.1200 22.0000
v 22.0000 0.1151 22.0000
v 24.0000 0.1023 22.0000
v 26.0000 0.0895 22.0000
v 28.0000 0.1727 22.0000
v 30.0000 0.1685 22.0000
v 32.0000 0.3815 22.0000
v 34.0000 1.1575 22.0000
v 36.0000 1.8085 22.0000
v 38.0000 2.1192 22.0000
v 40.0000 2.3130 22.0000
v 42.0000 2.1225 22.0000
v 44.0000 1.7083 22.0000
v 46.0000 0.9698 22.0000
v 48.0000 0.4752 22.0000
v 50.0000 0.1275 22.0000
v 52.0000 0.1441 22.0000
v 54.0000 0.0800 22.0000
v 56.0000 0.0800 22.0000
v 58.0000 0.0800 22.0000
v 60.0000 0.0800 22.0000
v 62.0000 0.1039 22.0000
v 64.0000 0.0906 22.0000
v 66.0000 0.0800 22.0000
v 68.0000 0.1226 22.0000
v 70.0000 0.0800 22.0000
v 72.0000 0.1280 22.0000
v -72.0000 0.2468 24.0000
v -70.0000 0.1451 24.0000
v -68.0000 0.0828 24.0000
v -66.0000 0.0802 24.0000
v -64.0000 0.0800 24.0000
v -62.0000 0.0800 24.0000
v -60.0000 0.1624 24.0000
v -58.0000 0.2301 24.0000
v -56.0000 0.0800 24.0000
v -54.0000 0.1918 24.0000
v -52.0000 0.2401 24.0000
v -50.0000 0.1379 24.0000
v -48.0000 0.0800 24.0000
v -46.0000 0.6302 24.0000
v -44.0000 1.1617 24.0000
v -42.0000 1.7654 24.0000
v -40.0000 2.3911 24.0000
v -38.0000 2.7908 24.0000
v -36.0000 2.8026 24.0000
v -34.0000 2.7366 24.0000
v -32.0000 2.4048 24.0000
v -30.0000 1.8919 24.0000
v -28.0000 1.2275 24.0000
v -26.0000 0.4477 24.0000
v -24.0000 0.1764 24.0000
v -22.0000 0.0800 24.0000
v -20.0000 0.2380 24.0000
v -18.0000 0.1476 24.0000
v -16.0000 0.0800 24.0000
v -14.0000 0.0800 24.0000
v -12.0000 0.2569 24.0000
v -10.0000 0.0800 24.0000
v -8.0000 0.0800 24.0000
v -6.0000 0.1116 24.0000
v -4.0000 0.2528 24.0000
v -2.0000 0.1087 24.0000
v 0.0000 0.2340 24.0000
v 2.0000 0.2133 24.0000
v 4.0000 0.1200 24.0000
v 6.0000 0.1200 24.0000
v 8.0000 0.1200 24.0000
v 10.0000 0.1200 24.0000
v 12.0000 0.1925 24.0000
v 14.0000 0.2301 24.0000
v 16.0000 0.1200 24.0000
v 18.0000 0.1198 24.0000
v 20.0000 0.1023 24.0000
v 22.0000 0.0895 24.0000
v 24.0000 0.1614 24.0000
v 26.0000 0.1216 24.0000
v 28.0000 0.0800 24.0000
v 30.0000 0.0800 24.0000
v 32.0000 0.1389 24.0000
v 34.0000 0.0900 24.0000
v 36.0000 0.2464 24.0000
v 38.0000 0.2472 24.0000
v 40.0000 0.0800 24.0000
v 42.0000 0.0800 24.0000
v 44.0000 0.2223 24.0000
v 46.0000 0.0800 24.0000
v 48.0000 0.1409 24.0000
v 50.0000 0.1654 24.0000
v 52.0000 0.1044 24.0000
v 54.0000 0.0800 24.0000
v 56.0000 0.0800 24.0000
v 58.0000 0.1979 24.0000
v 60.0000 0.0800 24.0000
v 62.0000 0.0800 24.0000
v 64.0000 0.2456 24.0000
v 66.0000 0.0800 24.0000
v 68.0000 0.0850 24.0000
v 70.0000 0.0800 24.0000
v 72.0000 0.0800 24.0000
v -72.0000 0.0800 26.0000
v -70.0000 0.0800 26.0000
v -68.0000 0.0800 26.0000
v -66.0000 0.1660 26.0000
v -64.0000 0.1471 26.0000
v -62.0000 0.0800 26.0000
v -60.0000 0.0800 26.0000
v -58.0000 0.0800 26.0000
v -56.0000 0.0800 26.0000
v -54.0000 0.0800 26.0000
v -52.0000 0.1733 26.0000
v -50.0000 0.0800 26.0000
v -48.0000 0.1563 26.0000
v -46.0000 0.7216 26.0000
v -44.0000 1.4869 26.0000
v -42.0000 2.2389 26.0000
v -40.0000 2.8035 26.0000
v -38.0000 2.9872 26.0000
v -36.0000 2.9754 26.0000
v -34.0000 3.0133 26.0000
v -32.0000 2.7865 26.0000
v -30.0000 2.1543 26.0000
v -28.0000 1.5180 26.0000
v -26.0000 0.6449 26.0000
v -24.0000 0.3146 26.0000
v -22.0000 0.1337 26.0000
v -20.0000 0.1955 26.0000
v -18.0000 0.1130 26.0000
v -16.0000 0.0800 26.0000
v -14.0000 0.0800 26.0000
v -12.0000 0.0800 26.0000
v -10.0000 0.1794 26.0000
v -8.0000 0.0800 26.0000
v -6.0000 0.0800 26.0000
v -4.0000 0.2414 26.0000
v -2.0000 0.1788 26.0000
v 0.0000 0.1321 26.0000
v 2.0000 0.2397 26.0000
v 4.0000 0.2421 26.0000
v 6.0000 0.1200 26.0000
v 8.0000 0.1200 26.0000
v 10.0000 0.2060 26.0000
v 12.0000 0.1824 26.0000
v 14.0000 0.1200 26.0000
v 16.0000 0.1320 26.0000
v 18.0000 0.1560 26.0000
v 20.0000 0.0800 26.0000
v 22.0000 0.2009 26.0000
v 24.0000 0.0800 26.0000
v 26.0000 0.2346 26.0000
v 28.0000 0.2197 26.0000
v 30.0000 0.0800 26.0000
v 32.0000 0.0800 26.0000
v 34.0000 0.0800 26.0000
v 36.0000 0.1156 26.0000
v 38.0000 0.0800 26.0000
v 40.0000 0.0970 26.0000
v 42.0000 0.0800 26.0000
v 44.0000 0.1729 26.0000
v 46.0000 0.1379 26.0000
v 48.0000 0.1308 26.0000
v 50.0000 0.0960 26.0000
v 52.0000 0.1208 26.0000
v 54.0000 0.2569 26.0000
v 56.0000 0.0800 26.0000
v 58.0000 0.1375 26.0000
v 60.0000 0.0800 26.0000
v 62.0000 0.2007 26.0000
v 64.0000 0.2217 26.0000
v 66.0000 0.0800 26.0000
v 68.0000 0.0800 26.0000
v 70.0000 0.0800 26.0000
v 72.0000 0.0800 26.0000
v -72.0000 0.0999 28.0000
v -70.0000 0.0800 28.0000
v -68.0000 0.0800 28.0000
v -66.0000 0.1724 28.0000
v -64.0000 0.1656 28.0000
v -62.0000 0.1085 28.0000
v -60.0000 0.1413 28.0000
v -58.0000 0.0800 28.0000
v -56.0000 0.0800 28.0000
v -54.0000 0.2536 28.0000
v -52.0000 0.1759 28.0000
v -50.0000 0.1714 28.0000
v -48.0000 0.0800 28.0000
v -46.0000 0.7318 28.0000
v -44.0000 1.4240 28.0000
v -42.0000 2.3097 28.0000
v -40.0000 2.7617 28.0000
v -38.0000 2.9875 28.0000
v -36.0000 3.0684 28.0000
v -34.0000 3.0646 28.0000
v -32.0000 2.7604 28.0000
v -30.0000 2.2905 28.0000
v -28.0000 1.4341 28.0000
v -26.0000 0.8071 28.0000
v -24.0000 0.2702 28.0000
v -22.0000 0.2359 28.0000
v -20.0000 0.1482 28.0000
v -18.0000 0.0800 28.0000
v -16.0000 0.0800 28.0000
v -14.0000 0.1713 28.0000
v -12.0000 0.0800 28.0000
v -10.0000 0.1990 28.0000
v -8.0000 0.2322 28.0000
v -6.0000 0.1384 28.0000
v -4.0000 0.0800 28.0000
v -2.0000 0.1171 28.0000
v 0.0000 0.1200 28.0000
v 2.0000 0.1200 28.0000
v 4.0000 0.1200 28.0000
v 6.0000 0.2097 28.0000
v 8.0000 0.1622 28.0000
v 10.0000 0.1769 28.0000
v 12.0000 0.1191 28.0000
v 14.0000 0.1263 28.0000
v 16.0000 0.1177 28.0000
v 18.0000 0.3160 28.0000
v 20.0000 0.3425 28.0000
v 22.0000 0.4104 28.0000
v 24.0000 0.3741 28.0000
v 26.0000 0.3699 28.0000
v 28.0000 0.0800 28.0000
v 30.0000 0.1978 28.0000
v 32.0000 0.0800 28.0000
v 34.0000 0.1293 28.0000
v 36.0000 0.0800 28.0000
v 38.0000 0.1764 28.0000
v 40.0000 0.0800 28.0000
v 42.0000 0.2152 28.0000
v 44.0000 0.0800 28.0000
v 46.0000 0.1127 28.0000
v 48.0000 0.0902 28.0000
v 50.0000 0.1879 28.0000
v 52.0000 0.0800 28.0000
v 54.0000 0.0800 28.0000
v 56.0000 0.1229 28.0000
v 58.0000 0.0800 28.0000
v 60.0000 0.1140 28.0000
v 62.0000 0.1983 28.0000
v 64.0000 0.2029 28.0000
v 66.0000 0.1551 28.0000
v 68.0000 0.1373 28.0000
v 70.0000 0.0800 28.0000
v 72.0000 0.0800 28.0000
v -72.0000 0.0800 30.0000
v -70.0000 0.0800 30.0000
v -68.0000 0.2188 30.0000
v -66.0000 0.0800 30.0000
v -64.0000 0.2010 30.0000
v -62.0000 0.0800 30.0000
v -60.0000 0.0800 30.0000
v -58.0000 0.0800 30.0000
v -56.0000 0.0931 30.0000
v -54.0000 0.1976 30.0000
v -52.0000 0.2555 30.0000
v -50.0000 0.1614 30.0000
v -48.0000 0.3132 30.0000
v -46.0000 0.6249 30.0000
v -44.0000 1.4449 30.0000
v -42.0000 2.2329 30.0000
v -40.0000 2.7292 30.0000
v -38.0000 2.9708 30.0000
v -36.0000 3.0338 30.0000
v -34.0000 3.0277 30.0000
v -32.0000 2.7283 30.0000
v -30.0000 2.1879 30.0000
v -28.0000 1.4942 30.0000
v -26.0000 0.6063 30.0000
v -24.0000 0.0800 30.0000
v -22.0000 0.2200 30.0000
v -20.0000 0.0800 30.0000
v -18.0000 0.0800 30.0000
v -16.0000 0.2473 30.0000
v -14.0000 0.0800 30.0000
v -12.0000 0.2057 30.0000
v -10.0000 0.0800 30.0000
v -8.0000 0.1357 30.0000
v -6.0000 0.2173 30.0000
v -4.0000 0.2379 30.0000
v -2.0000 0.0956 30.0000
v 0.0000 0.2177 30.0000
v 2.0000 0.1886 30.0000
v 4.0000 0.1200 30.0000
v 6.0000 0.1200 30.0000
v 8.0000 0.2260 30.0000
v 10.0000 0.1331 30.0000
v 12.0000 0.1811 30.0000
v 14.0000 0.1087 30.0000
v 16.0000 0.3484 30.0000
v 18.0000 0.6374 30.0000
v 20.0000 1.0748 30.0000
v 22.0000 1.2512 30.0000
v 24.0000 1.1250 30.0000
v 26.0000 0.7089 30.0000
v 28.0000 0.3837 30.0000
v 30.0000 0.0800 30.0000
v 32.0000 0.0800 30.0000
v 34.0000 0.1575 30.0000
v 36.0000 0.2308 30.0000
v 38.0000 0.1946 30.0000
v 40.0000 0.2359 30.0000
v 42.0000 0.1559 30.0000
v 44.0000 0.0800 30.0000
v 46.0000 0.0800 30.0000
v 48.0000 0.0800 30.0000
v 50.0000 0.1173 30.0000
v 52.0000 0.0810 30.0000
v 54.0000 0.0800 30.0000
v 56.0000 0.2350 30.0000
v 58.0000 0.0800 30.0000
v 60.0000 0.0800 30.0000
v 62.0000 0.0800 30.0000
v 64.0000 0.0800 30.0000
v 66.0000 0.1822 30.0000
v 68.0000 0.0800 30.0000
v 70.0000 0.0800 30.0000
v 72.0000 0.2505 30.0000
v -72.0000 0.0800 32.0000
v -70.0000 0.1500 32.0000
v -68.0000 0.0800 32.0000
v -66.0000 0.1776 32.0000
v -64.0000 0.1433 32.0000
v -62.0000 0.0800 32.0000
v -60.0000 0.0918 32.0000
v -58.0000 0.1359 32.0000
v -56.0000 0.0800 32.0000
v -54.0000 0.2197 32.0000
v -52.0000 0.0800 32.0000
v -50.0000 0.1776 32.0000
v -48.0000 0.0800 32.0000
v -46.0000 0.3746 32.0000
v -44.0000 1.1268 32.0000
v -42.0000 1.9672 32.0000
v -40.0000 2.4845 32.0000
v -38.0000 2.6716 32.0000
v -36.0000 2.8158 32.0000
v -34.0000 2.6754 32.0000
v -32.0000 2.4997 32.0000
v -30.0000 1.8022 32.0000
v -28.0000 1.2907 32.0000
v -26.0000 0.4154 32.0000
v -24.0000 0.2246 32.0000
v -22.0000 0.2395 32.0000
v -20.0000 0.0837 32.0000
v -18.0000 0.1445 32.0000
v -16.0000 0.0881 32.0000
v -14.0000 0.0800 32.0000
v -12.0000 0.1187 32.0000
v -10.0000 0.0800 32.0000
v -8.0000 0.1802 32.0000
v -6.0000 0.1594 32.0000
v -4.0000 0.1447 32.0000
v -2.0000 0.1810 32.0000
v 0.0000 0.1195 32.0000
v 2.0000 0.1200 32.0000
v 4.0000 0.1200 32.0000
v 6.0000 0.1200 32.0000
v 8.0000 0.1130 32.0000
v 10.0000 0.1578 32.0000
v 12.0000 0.1664 32.0000
v 14.0000 0.4508 32.0000
v 16.0000 0.9709 32.0000
v 18.0000 1.3358 32.0000
v 20.0000 1.6424 32.0000
v 22.0000 1.7928 32.0000
v 24.0000 1.7664 32.0000
v 26.0000 1.4383 32.0000
v 28.0000 0.8783 32.0000
v 30.0000 0.6173 32.0000
v 32.0000 0.1930 32.0000
v 34.0000 0.1440 32.0000
v 36.0000 0.0800 32.0000
v 38.0000 0.1612 32.0000
v 40.0000 0.2469 32.0000
v 42.0000 0.0800 32.0000
v 44.0000 0.1988 32.0000
v 46.0000 0.0800 32.0000
v 48.0000 0.1731 32.0000
v 50.0000 0.1943 32.0000
v 52.0000 0.0800 32.0000
v 54.0000 0.1909 32.0000
v 56.0000 0.0981 32.0000
v 58.0000 0.2171 32.0000
v 60.0000 0.1746 32.0000
v 62.0000 0.1390 32.0000
v 64.0000 0.0800 32.0000
v 66.0000 0.1158 32.0000
v 68.0000 0.0800 32.0000
v 70.0000 0.0800 32.0000
v 72.0000 0.2043 32.0000
v -72.0000 0.1828 34.0000
v -70.0000 0.0800 34.0000
v -68.0000 0.0800 34.0000
v -66.0000 0.1789 34.0000
v -64.0000 0.1279 34.0000
v -62.0000 0.1680 34.0000
v -60.0000 0.0800 34.0000
v -58.0000 0.1522 34.0000
v -56.0000 0.1471 34.0000
v -54.0000 0.0800 34.0000
v -52.0000 0.0800 34.0000
v -50.0000 0.0800 34.0000
v -48.0000 0.0800 34.0000
v -46.0000 0.3432 34.0000
v -44.0000 0.6913 34.0000
v -42.0000 1.4611 34.0000
v -40.0000 1.8414 34.0000
v -38.0000 2.2587 34.0000
v -36.0000 2.3509 34.0000
v -34.0000 2.1014 34.0000
v -32.0000 1.9316 34.0000
v -30.0000 1.2584 34.0000
v -28.0000 0.6524 34.0000
v -26.0000 0.3458 34.0000
v -24.0000 0.0800 34.0000
v -22.0000 0.0800 34.0000
v -20.0000 0.0800 34.0000
v -18.0000 0.0800 34.0000
v -16.0000 0.1813 34.0000
v -14.0000 0.0800 34.0000
v -12.0000 0.2286 34.0000
v -10.0000 0.2018 34.0000
v -8.0000 0.0962 34.0000
v -6.0000 0.0800 34.0000
v -4.0000 0.1948 34.0000
v -2.0000 0.0869 34.0000
v 0.0000 0.1632 34.0000
v 2.0000 0.1361 34.0000
v 4.0000 0.1200 34.0000
v 6.0000 0.1519 34.0000
v 8.0000 0.0895 34.0000
v 10.0000 0.0886 34.0000
v 12.0000 0.3215 34.0000
v 14.0000 0.8531 34.0000
v 16.0000 1.3410 34.0000
v 18.0000 1.9114 34.0000
v 20.0000 2.2159 34.0000
v 22.0000 2.3301 34.0000
v 24.0000 2.3536 34.0000
v 26.0000 1.9586 34.0000
v 28.0000 1.4678 34.0000
v 30.0000 0.9080 34.0000
v 32.0000 0.4287 34.0000
v 34.0000 0.0800 34.0000
v 36.0000 0.2200 34.0000
v 38.0000 0.0800 34.0000
v 40.0000 0.2252 34.0000
v 42.0000 0.0800 34.0000
v 44.0000 0.0800 34.0000
v 46.0000 0.0800 34.0000
v 48.0000 0.1017 34.0000
v 50.0000 0.2092 34.0000
v 52.0000 0.0800 34.0000
v 54.0000 0.0800 34.0000
v 56.0000 0.0800 34.0000
v 58.0000 0.1348 34.0000
v 60.0000 0.1992 34.0000
v 62.0000 0.0800 34.0000
v 64.0000 0.0800 34.0000
v 66.0000 0.0800 34.0000
v 68.0000 0.0800 34.0000
v 70.0000 0.0800 34.0000
v 72.0000 0.0800 34.0000
v -72.0000 0.1570 36.0000
v -70.0000 0.2555 36.0000
v -68.0000 0.0800 36.0000
v -66.0000 0.0800 36.0000
v -64.0000 0.0800 36.0000
v -62.0000 0.0800 36.0000
v -60.0000 0.1045 36.0000
v -58.0000 0.1105 36.0000
v -56.0000 0.0800 36.0000
v -54.0000 0.0800 36.0000
v -52.0000 0.1025 36.0000
v -50.0000 0.1261 36.0000
v -48.0000 0.0800 36.0000
v -46.0000 0.0800 36.0000
v -44.0000 0.3304 36.0000
v -42.0000 0.7055 36.0000
v -40.0000 1.2140 36.0000
v -38.0000 1.5211 36.0000
v -36.0000 1.5671 36.0000
v -34.0000 1.5205 36.0000
v -32.0000 1.0416 36.0000
v -30.0000 0.8896 36.0000
v -28.0000 0.3054 36.0000
v -26.0000 0.0800 36.0000
v -24.0000 0.0800 36.0000
v -22.0000 0.0800 36.0000
v -20.0000 0.0800 36.0000
v -18.0000 0.0800 36.0000
v -16.0000 0.1137 36.0000
v -14.0000 0.0800 36.0000
v -12.0000 0.1425 36.0000
v -10.0000 0.1716 36.0000
v -8.0000 0.0890 36.0000
v -6.0000 0.1920 36.0000
v -4.0000 0.0800 36.0000
v -2.0000 0.1460 36.0000
v 0.0000 0.1108 36.0000
v 2.0000 0.1200 36.0000
v 4.0000 0.1200 36.0000
v 6.0000 0.1195 36.0000
v 8.0000 0.0848 36.0000
v 10.0000 0.1171 36.0000
v 12.0000 0.4154 36.0000
v 14.0000 1.0039 36.0000
v 16.0000 1.6905 36.0000
v 18.0000 2.2396 36.0000
v 20.0000 2.6175 36.0000
v 22.0000 2.6327 36.0000
v 24.0000 2.5272 36.0000
v 26.0000 2.3056 36.0000
v 28.0000 1.8079 36.0000
v 30.0000 0.9021 36.0000
v 32.0000 0.4335 36.0000
v 34.0000 0.1417 36.0000
v 36.0000 0.1927 36.0000
v 38.0000 0.2460 36.0000
v 40.0000 0.0948 36.0000
v 42.0000 0.2100 36.0000
v 44.0000 0.0939 36.0000
v 46.0000 0.0800 36.0000
v 48.0000 0.0800 36.0000
v 50.0000 0.2005 36.0000
v 52.0000 0.1784 36.0000
v 54.0000 0.2054 36.0000
v 56.0000 0.2382 36.0000
v 58.0000 0.0922 36.0000
v 60.0000 0.0800 36.0000
v 62.0000 0.2437 36.0000
v 64.0000 0.0800 36.0000
v 66.0000 0.0800 36.0000
v 68.0000 0.0800 36.0000
v 70.0000 0.2485 36.0000
v 72.0000 0.0924 36.0000
v -72.0000 0.2423 38.0000
v -70.0000 0.0800 38.0000
v -68.0000 0.0800 38.0000
v -66.0000 0.1285 38.0000
v -64.0000 0.2485 38.0000
v -62.0000 0.0800 38.0000
v -60.0000 0.0800 38.0000
v -58.0000 0.1076 38.0000
v -56.0000 0.1566 38.0000
v -54.0000 0.0800 38.0000
v -52.0000 0.2396 38.0000
v -50.0000 0.2545 38.0000
v -48.0000 0.0800 38.0000
v -46.0000 0.1519 38.0000
v -44.0000 0.1070 38.0000
v -42.0000 0.2652 38.0000
v -40.0000 0.6119 38.0000
v -38.0000 0.7308 38.0000
v -36.0000 0.9256 38.0000
v -34.0000 0.7447 38.0000
v -32.0000 0.3815 38.0000
v -30.0000 0.3124 38.0000
v -28.0000 0.1804 38.0000
v -26.0000 0.0864 38.0000
v -24.0000 0.1299 38.0000
v -22.0000 0.1781 38.0000
v -20.0000 0.1483 38.0000
v -18.0000 0.2001 38.0000
v -16.0000 0.2176 38.0000
v -14.0000 0.1483 38.0000
v -12.0000 0.2231 38.0000
v -10.0000 0.0800 38.0000
v -8.0000 0.0800 38.0000
v -6.0000 0.0800 38.0000
v -4.0000 0.0800 38.0000
v -2.0000 0.2370 38.0000
v 0.0000 0.1111 38.0000
v 2.0000 0.1200 38.0000
v 4.0000 0.1200 38.0000
v 6.0000 0.1174 38.0000
v 8.0000 0.1374 38.0000
v 10.0000 0.0800 38.0000
v 12.0000 0.4350 38.0000
v 14.0000 1.2401 38.0000
v 16.0000 1.8638 38.0000
v 18.0000 2.4591 38.0000
v 20.0000 2.5692 38.0000
v 22.0000 2.6661 38.0000
v 24.0000 2.5251 38.0000
v 26.0000 2.4461 38.0000
v 28.0000 1.9187 38.0000
v 30.0000 1.2482 38.0000
v 32.0000 0.4817 38.0000
v 34.0000 0.0800 38.0000
v 36.0000 0.2225 38.0000
v 38.0000 0.0800 38.0000
v 40.0000 0.0800 38.0000
v 42.0000 0.2278 38.0000
v 44.0000 0.2135 38.0000
v 46.0000 0.0800 38.0000
v 48.0000 0.0800 38.0000
v 50.0000 0.0800 38.0000
v 52.0000 0.1549 38.0000
v 54.0000 0.0800 38.0000
v 56.0000 0.0821 38.0000
v 58.0000 0.0800 38.0000
v 60.0000 0.0800 38.0000
v 62.0000 0.2082 38.0000
v 64.0000 0.2142 38.0000
v 66.0000 0.1618 38.0000
v 68.0000 0.1055 38.0000
v 70.0000 0.0800 38.0000
v 72.0000 0.0800 38.0000
v -72.0000 0.0800 40.0000
v -70.0000 0.0800 40.0000
v -68.0000 0.0800 40.0000
v -66.0000 0.2520 40.0000
v -64.0000 0.1411 40.0000
v -62.0000 0.0800 40.0000
v -60.0000 0.1798 40.0000
v -58.0000 0.2278 40.0000
v -56.0000 0.1434 40.0000
v -54.0000 0.0800 40.0000
v -52.0000 0.0800 40.0000
v -50.0000 0.1857 40.0000
v -48.0000 0.0800 40.0000
v -46.0000 0.0800 40.0000
v -44.0000 0.0800 40.0000
v -42.0000 0.0800 40.0000
v -40.0000 0.0800 40.0000
v -38.0000 0.2415 40.0000
v -36.0000 0.2436 40.0000
v -34.0000 0.1780 40.0000
v -32.0000 0.0800 40.0000
v -30.0000 0.0800 40.0000
v -28.0000 0.0800 40.0000
v -26.0000 0.2207 40.0000
v -24.0000 0.0800 40.0000
v -22.0000 0.0800 40.0000
v -20.0000 0.2094 40.0000
v -18.0000 0.0800 40.0000
v -16.0000 0.1017 40.0000
v -14.0000 0.1383 40.0000
v -12.0000 0.0800 40.0000
v -10.0000 0.2061 40.0000
v -8.0000 0.1148 40.0000
v -6.0000 0.2279 40.0000
v -4.0000 0.0800 40.0000
v -2.0000 0.0800 40.0000
v 0.0000 0.1022 40.0000
v 2.0000 0.1815 40.0000
v 4.0000 0.1754 40.0000
v 6.0000 0.1200 40.0000
v 8.0000 0.1146 40.0000
v 10.0000 0.1704 40.0000
v 12.0000 0.5497 40.0000
v 14.0000 1.0562 40.0000
v 16.0000 1.7013 40.0000
v 18.0000 2.3557 40.0000
v 20.0000 2.6561 40.0000
v 22.0000 2.6266 40.0000
v 24.0000 2.5878 40.0000
v 26.0000 2.3555 40.0000
v 28.0000 1.7630 40.0000
v 30.0000 0.9474 40.0000
v 32.0000 0.4693 40.0000
v 34.0000 0.2139 40.0000
v 36.0000 0.1633 40.0000
v 38.0000 0.2401 40.0000
v 40.0000 0.1755 40.0000
v 42.0000 0.1294 40.0000
v 44.0000 0.1542 40.0000
v 46.0000 0.2073 40.0000
v 48.0000 0.0800 40.0000
v 50.0000 0.0800 40.0000
v 52.0000 0.0800 40.0000
v 54.0000 0.2562 40.0000
v 56.0000 0.0800 40.0000
v 58.0000 0.0800 40.0000
v 60.0000 0.0800 40.0000
v 62.0000 0.1131 40.0000
v 64.0000 0.0800 40.0000
v 66.0000 0.0800 40.0000
v 68.0000 0.0800 40.0000
v 70.0000 0.0800 40.0000
v 72.0000 0.1959 40.0000
v -72.0000 0.1297 42.0000
v -70.0000 0.0800 42.0000
v -68.0000 0.0800 42.0000
v -66.0000 0.1686 42.0000
v -64.0000 0.1175 42.0000
v -62.0000 0.0800 42.0000
v -60.0000 0.0800 42.0000
v -58.0000 0.0800 42.0000
v -56.0000 0.0800 42.0000
v -54.0000 0.0800 42.0000
v -52.0000 0.1377 42.0000
v -50.0000 0.0800 42.0000
v -48.0000 0.1314 42.0000
v -46.0000 0.0800 42.0000
v -44.0000 0.2423 42.0000
v -42.0000 0.0800 42.0000
v -40.0000 0.0800 42.0000
v -38.0000 0.0919 42.0000
v -36.0000 0.1105 42.0000
v -34.0000 0.1089 42.0000
v -32.0000 0.2500 42.0000
v -30.0000 0.0800 42.0000
v -28.0000 0.2180 42.0000
v -26.0000 0.0800 42.0000
v -24.0000 0.0800 42.0000
v -22.0000 0.0800 42.0000
v -20.0000 0.2215 42.0000
v -18.0000 0.2526 42.0000
v -16.0000 0.0800 42.0000
v -14.0000 0.1315 42.0000
v -12.0000 0.0800 42.0000
v -10.0000 0.0800 42.0000
v -8.0000 0.0800 42.0000
v -6.0000 0.0800 42.0000
v -4.0000 0.0800 42.0000
v -2.0000 0.0800 42.0000
v 0.0000 0.1684 42.0000
v 2.0000 0.1339 42.0000
v 4.0000 0.1200 42.0000
v 6.0000 0.1200 42.0000
v 8.0000 0.0971 42.0000
v 10.0000 0.0800 42.0000
v 12.0000 0.3986 42.0000
v 14.0000 0.8804 42.0000
v 16.0000 1.3586 42.0000
v 18.0000 2.0102 42.0000
v 20.0000 2.2294 42.0000
v 22.0000 2.3996 42.0000
v 24.0000 2.3061 42.0000
v 26.0000 1.8660 42.0000
v 28.0000 1.4984 42.0000
v 30.0000 0.7993 42.0000
v 32.0000 0.2425 42.0000
v 34.0000 0.0800 42.0000
v 36.0000 0.2360 42.0000
v 38.0000 0.1835 42.0000
v 40.0000 0.1176 42.0000
v 42.0000 0.0800 42.0000
v 44.0000 0.2181 42.0000
v 46.0000 0.0800 42.0000
v 48.0000 0.0800 42.0000
v 50.0000 0.1500 42.0000
v 52.0000 0.0800 42.0000
v 54.0000 0.2010 42.0000
v 56.0000 0.0809 42.0000
v 58.0000 0.2453 42.0000
v 60.0000 0.2207 42.0000
v 62.0000 0.0800 42.0000
v 64.0000 0.1632 42.0000
v 66.0000 0.0800 42.0000
v 68.0000 0.1281 42.0000
v 70.0000 0.0800 42.0000
v 72.0000 0.1013 42.0000
v -72.0000 0.1833 44.0000
v -70.0000 0.2361 44.0000
v -68.0000 0.1478 44.0000
v -66.0000 0.1537 44.0000
v -64.0000 0.1562 44.0000
v -62.0000 0.1356 44.0000
v -60.0000 0.0800 44.0000
v -58.0000 0.1627 44.0000
v -56.0000 0.2409 44.0000
v -54.0000 0.1579 44.0000
v -52.0000 0.0800 44.0000
v -50.0000 0.2484 44.0000
v -48.0000 0.1741 44.0000
v -46.0000 0.0800 44.0000
v -44.0000 0.2243 44.0000
v -42.0000 0.0800 44.0000
v -40.0000 0.0800 44.0000
v -38.0000 0.0800 44.0000
v -36.0000 0.2430 44.0000
v -34.0000 0.0800 44.0000
v -32.0000 0.0800 44.0000
v -30.0000 0.0800 44.0000
v -28.0000 0.2145 44.0000
v -26.0000 0.1206 44.0000
v -24.0000 0.0800 44.0000
v -22.0000 0.0800 44.0000
v -20.0000 0.0800 44.0000
v -18.0000 0.0800 44.0000
v -16.0000 0.1471 44.0000
v -14.0000 0.1024 44.0000
v -12.0000 0.0800 44.0000
v -10.0000 0.0800 44.0000
v -8.0000 0.0819 44.0000
v -6.0000 0.1928 44.0000
v -4.0000 0.1746 44.0000
v -2.0000 0.0800 44.0000
v 0.0000 0.1916 44.0000
v 2.0000 0.1181 44.0000
v 4.0000 0.1578 44.0000
v 6.0000 0.1292 44.0000
v 8.0000 0.1045 44.0000
v 10.0000 0.2533 44.0000
v 12.0000 0.0800 44.0000
v 14.0000 0.2986 44.0000
v 16.0000 0.8953 44.0000
v 18.0000 1.4872 44.0000
v 20.0000 1.7054 44.0000
v 22.0000 1.9571 44.0000
v 24.0000 1.7452 44.0000
v 26.0000 1.3250 44.0000
v 28.0000 0.8820 44.0000
v 30.0000 0.4764 44.0000
v 32.0000 0.0800 44.0000
v 34.0000 0.0800 44.0000
v 36.0000 0.0800 44.0000
v 38.0000 0.0800 44.0000
v 40.0000 0.0800 44.0000
v 42.0000 0.2415 44.0000
v 44.0000 0.0800 44.0000
v 46.0000 0.0800 44.0000
v 48.0000 0.1600 44.0000
v 50.0000 0.0800 44.0000
v 52.0000 0.0838 44.0000
v 54.0000 0.2270 44.0000
v 56.0000 0.0800 44.0000
v 58.0000 0.1011 44.0000
v 60.0000 0.0800 44.0000
v 62.0000 0.0800 44.0000
v 64.0000 0.0954 44.0000
v 66.0000 0.0800 44.0000
v 68.0000 0.0800 44.0000
v 70.0000 0.0800 44.0000
v 72.0000 0.0800 44.0000
v -72.0000 0.1867 46.0000
v -70.0000 0.2396 46.0000
v -68.0000 0.2208 46.0000
v -66.0000 0.1639 46.0000
v -64.0000 0.1085 46.0000
v -62.0000 0.0800 46.0000
v -60.0000 0.1069 46.0000
v -58.0000 0.1662 46.0000
v -56.0000 0.0800 46.0000
v -54.0000 0.0800 46.0000
v -52.0000 0.0800 46.0000
v -50.0000 0.0997 46.0000
v -48.0000 0.1030 46.0000
v -46.0000 0.1607 46.0000
v -44.0000 0.0800 46.0000
v -42.0000 0.0800 46.0000
v -40.0000 0.0800 46.0000
v -38.0000 0.1807 46.0000
v -36.0000 0.1415 46.0000
v -34.0000 0.0800 46.0000
v -32.0000 0.0800 46.0000
v -30.0000 0.0833 46.0000
v -28.0000 0.0800 46.0000
v -26.0000 0.1332 46.0000
v -24.0000 0.0800 46.0000
v -22.0000 0.1933 46.0000
v -20.0000 0.0800 46.0000
v -18.0000 0.1564 46.0000
v -16.0000 0.0800 46.0000
v -14.0000 0.0800 46.0000
v -12.0000 0.0939 46.0000
v -10.0000 0.0800 46.0000
v -8.0000 0.2174 46.0000
v -6.0000 0.0800 46.0000
v -4.0000 0.1624 46.0000
v -2.0000 0.2124 46.0000
v 0.0000 0.1431 46.0000
v 2.0000 0.2063 46.0000
v 4.0000 0.0971 46.0000
v 6.0000 0.1136 46.0000
v 8.0000 0.1339 46.0000
v 10.0000 0.2430 46.0000
v 12.0000 0.0800 46.0000
v 14.0000 0.1948 46.0000
v 16.0000 0.3832 46.0000
v 18.0000 0.8310 46.0000
v 20.0000 1.1668 46.0000
v 22.0000 1.2391 46.0000
v 24.0000 0.9157 46.0000
v 26.0000 0.8970 46.0000
v 28.0000 0.6127 46.0000
v 30.0000 0.0847 46.0000
v 32.0000 0.0800 46.0000
v 34.0000 0.0800 46.0000
v 36.0000 0.2517 46.0000
v 38.0000 0.1355 46.0000
v 40.0000 0.1825 46.0000
v 42.0000 0.0800 46.0000
v 44.0000 0.0800 46.0000
v 46.0000 0.0800 46.0000
v 48.0000 0.0800 46.0000
v 50.0000 0.2442 46.0000
v 52.0000 0.0800 46.0000
v 54.0000 0.2396 46.0000
v 56.0000 0.0800 46.0000
v 58.0000 0.0800 46.0000
v 60.0000 0.0800 46.0000
v 62.0000 0.2519 46.0000
v 64.0000 0.0800 46.0000
v 66.0000 0.0800 46.0000
v 68.0000 0.0800 46.0000
v 70.0000 0.0800 46.0000
v 72.0000 0.0800 46.0000
v -72.0000 0.2273 48.0000
v -70.0000 0.2471 48.0000
v -68.0000 0.0800 48.0000
v -66.0000 0.0800 48.0000
v -64.0000 0.2042 48.0000
v -62.0000 0.0800 48.0000
v -60.0000 0.1843 48.0000
v -58.0000 0.0800 48.0000
v -56.0000 0.0800 48.0000
v -54.0000 0.2113 48.0000
v -52.0000 0.2415 48.0000
v -50.0000 0.0800 48.0000
v -48.0000 0.1715 48.0000
v -46.0000 0.1282 48.0000
v -44.0000 0.0800 48.0000
v -42.0000 0.1258 48.0000
v -40.0000 0.0855 48.0000
v -38.0000 0.2392 48.0000
v -36.0000 0.2061 48.0000
v -34.0000 0.0800 48.0000
v -32.0000 0.0800 48.0000
v -30.0000 0.0800 48.0000
v -28.0000 0.2500 48.0000
v -26.0000 0.2063 48.0000
v -24.0000 0.0987 48.0000
v -22.0000 0.0800 48.0000
v -20.0000 0.0800 48.0000
v -18.0000 0.1028 48.0000
v -16.0000 0.2164 48.0000
v -14.0000 0.2355 48.0000
v -12.0000 0.1107 48.0000
v -10.0000 0.1042 48.0000
v -8.0000 0.0800 48.0000
v -6.0000 0.2116 48.0000
v -4.0000 0.0800 48.0000
v -2.0000 0.0800 48.0000
v 0.0000 0.1560 48.0000
v 2.0000 0.1268 48.0000
v 4.0000 0.0800 48.0000
v 6.0000 0.0800 48.0000
v 8.0000 0.2160 48.0000
v 10.0000 0.1018 48.0000
v 12.0000 0.2176 48.0000
v 14.0000 0.0800 48.0000
v 16.0000 0.1115 48.0000
v 18.0000 0.3056 48.0000
v 20.0000 0.3972 48.0000
v 22.0000 0.4278 48.0000
v 24.0000 0.3684 48.0000
v 26.0000 0.0897 48.0000
v 28.0000 0.1647 48.0000
v 30.0000 0.1983 48.0000
v 32.0000 0.1806 48.0000
v 34.0000 0.0800 48.0000
v 36.0000 0.1064 48.0000
v 38.0000 0.1261 48.0000
v 40.0000 0.1399 48.0000
v 42.0000 0.1211 48.0000
v 44.0000 0.1419 48.0000
v 46.0000 0.0800 48.0000
v 48.0000 0.2001 48.0000
v 50.0000 0.0800 48.0000
v 52.0000 0.2185 48.0000
v 54.0000 0.0800 48.0000
v 56.0000 0.1218 48.0000
v 58.0000 0.0800 48.0000
v 60.0000 0.0834 48.0000
v 62.0000 0.0903 48.0000
v 64.0000 0.0800 48.0000
v 66.0000 0.0800 48.0000
v 68.0000 0.0958 48.0000
v 70.0000 0.1997 48.0000
v 72.0000 0.1466 48.0000
v -72.0000 0.0800 50.0000
v -70.0000 0.0800 50.0000
v -68.0000 0.0800 50.0000
v -66.0000 0.0800 50.0000
v -64.0000 0.2005 50.0000
v -62.0000 0.1508 50.0000
v -60.0000 0.0800 50.0000
v -58.0000 0.1561 50.0000
v -56.0000 0.0950 50.0000
v -54.0000 0.0800 50.0000
v -52.0000 0.0800 50.0000
v -50.0000 0.0800 50.0000
v -48.0000 0.0800 50.0000
v -46.0000 0.2189 50.0000
v -44.0000 0.0800 50.0000
v -42.0000 0.0800 50.0000
v -40.0000 0.1731 50.0000
v -38.0000 0.0800 50.0000
v -36.0000 0.0800 50.0000
v -34.0000 0.0800 50.0000
v -32.0000 0.0800 50.0000
v -30.0000 0.0893 50.0000
v -28.0000 0.0800 50.0000
v -26.0000 0.0800 50.0000
v -24.0000 0.0800 50.0000
v -22.0000 0.1956 50.0000
v -20.0000 0.1697 50.0000
v -18.0000 0.0800 50.0000
v -16.0000 0.0800 50.0000
v -14.0000 0.0800 50.0000
v -12.0000 0.0800 50.0000
v -10.0000 0.0800 50.0000
v -8.0000 0.0800 50.0000
v -6.0000 0.2533 50.0000
v -4.0000 0.0835 50.0000
v -2.0000 0.0800 50.0000
v 0.0000 0.0800 50.0000
v 2.0000 0.1194 50.0000
v 4.0000 0.2279 50.0000
v 6.0000 0.1863 50.0000
v 8.0000 0.0800 50.0000
v 10.0000 0.2424 50.0000
v 12.0000 0.0800 50.0000
v 14.0000 0.1888 50.0000
v 16.0000 0.0800 50.0000
v 18.0000 0.0800 50.0000
v 20.0000 0.0800 50.0000
v 22.0000 0.0800 50.0000
v 24.0000 0.1847 50.0000
v 26.0000 0.0800 50.0000
v 28.0000 0.0800 50.0000
v 30.0000 0.1838 50.0000
v 32.0000 0.0800 50.0000
v 34.0000 0.1661 50.0000
v 36.0000 0.1804 50.0000
v 38.0000 0.0800 50.0000
v 40.0000 0.0800 50.0000
v 42.0000 0.1495 50.0000
v 44.0000 0.2187 50.0000
v 46.0000 0.0800 50.0000
v 48.0000 0.2391 50.0000
v 50.0000 0.0800 50.0000
v 52.0000 0.0800 50.0000
v 54.0000 0.0800 50.0000
v 56.0000 0.0800 50.0000
v 58.0000 0.2309 50.0000
v 60.0000 0.1579 50.0000
v 62.0000 0.0800 50.0000
v 64.0000 0.0800 50.0000
v 66.0000 0.0800 50.0000
v 68.0000 0.0800 50.0000
v 70.0000 0.1180 50.0000
v 72.0000 0.2147 50.0000
v -72.0000 0.1938 52.0000
v -70.0000 0.1541 52.0000
v -68.0000 0.2365 52.0000
v -66.0000 0.0986 52.0000
v -64.0000 0.1584 52.0000
v -62.0000 0.1073 52.0000
v -60.0000 0.2226 52.0000
v -58.0000 0.1806 52.0000
v -56.0000 0.1919 52.0000
v -54.0000 0.0800 52.0000
v -52.0000 0.1459 52.0000
v -50.0000 0.0800 52.0000
v -48.0000 0.0800 52.0000
v -46.0000 0.0800 52.0000
v -44.0000 0.1565 52.0000
v -42.0000 0.0800 52.0000
v -40.0000 0.0800 52.0000
v -38.0000 0.0800 52.0000
v -36.0000 0.1936 52.0000
v -34.0000 0.0800 52.0000
v -32.0000 0.2485 52.0000
v -30.0000 0.0800 52.0000
v -28.0000 0.0800 52.0000
v -26.0000 0.1595 52.0000
v -24.0000 0.1938 52.0000
v -22.0000 0.1304 52.0000
v -20.0000 0.1362 52.0000
v -18.0000 0.2520 52.0000
v -16.0000 0.0800 52.0000
v -14.0000 0.1114 52.0000
v -12.0000 0.0800 52.0000
v -10.0000 0.1620 52.0000
v -8.0000 0.0800 52.0000
v -6.0000 0.1955 52.0000
v -4.0000 0.0800 52.0000
v -2.0000 0.0800 52.0000
v 0.0000 0.1185 52.0000
v 2.0000 0.1168 52.0000
v 4.0000 0.0800 52.0000
v 6.0000 0.0800 52.0000
v 8.0000 0.2444 52.0000
v 10.0000 0.0800 52.0000
v 12.0000 0.0800 52.0000
v 14.0000 0.0800 52.0000
v 16.0000 0.0800 52.0000
v 18.0000 0.1272 52.0000
v 20.0000 0.0823 52.0000
v 22.0000 0.0873 52.0000
v 24.0000 0.1787 52.0000
v 26.0000 0.1663 52.0000
v 28.0000 0.0995 52.0000
v 30.0000 0.0800 52.0000
v 32.0000 0.1413 52.0000
v 34.0000 0.0800 52.0000
v 36.0000 0.0800 52.0000
v 38.0000 0.0800 52.0000
v 40.0000 0.0800 52.0000
v 42.0000 0.1947 52.0000
v 44.0000 0.0800 52.0000
v 46.0000 0.0800 52.0000
v 48.0000 0.1794 52.0000
v 50.0000 0.0800 52.0000
v 52.0000 0.0800 52.0000
v 54.0000 0.0800 52.0000
v 56.0000 0.1026 52.0000
v 58.0000 0.1147 52.0000
v 60.0000 0.2118 52.0000
v 62.0000 0.0800 52.0000
v 64.0000 0.1960 52.0000
v 66.0000 0.0800 52.0000
v 68.0000 0.1095 52.0000
v 70.0000 0.0985 52.0000
v 72.0000 0.2502 52.0000
v -72.0000 0.0980 54.0000
v -70.0000 0.0800 54.0000
v -68.0000 0.2404 54.0000
v -66.0000 0.0800 54.0000
v -64.0000 0.0800 54.0000
v -62.0000 0.1216 54.0000
v -60.0000 0.0800 54.0000
v -58.0000 0.0800 54.0000
v -56.0000 0.1201 54.0000
v -54.0000 0.1350 54.0000
v -52.0000 0.2266 54.0000
v -50.0000 0.0817 54.0000
v -48.0000 0.0800 54.0000
v -46.0000 0.0800 54.0000
v -44.0000 0.1582 54.0000
v -42.0000 0.0800 54.0000
v -40.0000 0.1741 54.0000
v -38.0000 0.1077 54.0000
v -36.0000 0.0979 54.0000
v -34.0000 0.1755 54.0000
v -32.0000 0.0800 54.0000
v -30.0000 0.0800 54.0000
v -28.0000 0.0800 54.0000
v -26.0000 0.0800 54.0000
v -24.0000 0.0800 54.0000
v -22.0000 0.0800 54.0000
v -20.0000 0.0800 54.0000
v -18.0000 0.2237 54.0000
v -16.0000 0.2007 54.0000
v -14.0000 0.1014 54.0000
v -12.0000 0.1341 54.0000
v -10.0000 0.0800 54.0000
v -8.0000 0.0993 54.0000
v -6.0000 0.0800 54.0000
v -4.0000 0.1010 54.0000
v -2.0000 0.0800 54.0000
v 0.0000 0.0800 54.0000
v 2.0000 0.0800 54.0000
v 4.0000 0.2405 54.0000
v 6.0000 0.0800 54.0000
v 8.0000 0.1784 54.0000
v 10.0000 0.2022 54.0000
v 12.0000 0.0800 54.0000
v 14.0000 0.0800 54.0000
v 16.0000 0.0800 54.0000
v 18.0000 0.1212 54.0000
v 20.0000 0.1394 54.0000
v 22.0000 0.0800 54.0000
v 24.0000 0.0800 54.0000
v 26.0000 0.1151 54.0000
v 28.0000 0.1958 54.0000
v 30.0000 0.0800 54.0000
v 32.0000 0.0917 54.0000
v 34.0000 0.2417 54.0000
v 36.0000 0.0800 54.0000
v 38.0000 0.1695 54.0000
v 40.0000 0.0800 54.0000
v 42.0000 0.1141 54.0000
v 44.0000 0.0800 54.0000
v 46.0000 0.1945 54.0000
v 48.0000 0.0800 54.0000
v 50.0000 0.0800 54.0000
v 52.0000 0.1942 54.0000
v 54.0000 0.0800 54.0000
v 56.0000 0.0800 54.0000
v 58.0000 0.0800 54.0000
v 60.0000 0.1387 54.0000
v 62.0000 0.0800 54.0000
v 64.0000 0.2308 54.0000
v 66.0000 0.1642 54.0000
v 68.0000 0.0800 54.0000
v 70.0000 0.0800 54.0000
v 72.0000 0.0800 54.0000
v -72.0000 0.0800 56.0000
v -70.0000 0.0800 56.0000
v -68.0000 0.0800 56.0000
v -66.0000 0.2399 56.0000
v -64.0000 0.0800 56.0000
v -62.0000 0.0800 56.0000
v -60.0000 0.0800 56.0000
v -58.0000 0.0800 56.0000
v -56.0000 0.0800 56.0000
v -54.0000 0.1232 56.0000
v -52.0000 0.0800 56.0000
v -50.0000 0.1770 56.0000
v -48.0000 0.0800 56.0000
v -46.0000 0.1309 56.0000
v -44.0000 0.0800 56.0000
v -42.0000 0.0812 56.0000
v -40.0000 0.0800 56.0000
v -38.0000 0.2508 56.0000
v -36.0000 0.1222 56.0000
v -34.0000 0.1610 56.0000
v -32.0000 0.1408 56.0000
v -30.0000 0.1492 56.0000
v -28.0000 0.0800 56.0000
v -26.0000 0.0800 56.0000
v -24.0000 0.1281 56.0000
v -22.0000 0.0800 56.0000
v -20.0000 0.1746 56.0000
v -18.0000 0.0800 56.0000
v -16.0000 0.2395 56.0000
v -14.0000 0.0800 56.0000
v -12.0000 0.0800 56.0000
v -10.0000 0.2245 56.0000
v -8.0000 0.0800 56.0000
v -6.0000 0.1345 56.0000
v -4.0000 0.0800 56.0000
v -2.0000 0.0849 56.0000
v 0.0000 0.2062 56.0000
v 2.0000 0.0800 56.0000
v 4.0000 0.0800 56.0000
v 6.0000 0.0800 56.0000
v 8.0000 0.0800 56.0000
v 10.0000 0.0800 56.0000
v 12.0000 0.1172 56.0000
v 14.0000 0.0800 56.0000
v 16.0000 0.0800 56.0000
v 18.0000 0.1075 56.0000
v 20.0000 0.0800 56.0000
v 22.0000 0.1165 56.0000
v 24.0000 0.2120 56.0000
v 26.0000 0.1937 56.0000
v 28.0000 0.2346 56.0000
v 30.0000 0.0800 56.0000
v 32.0000 0.1263 56.0000
v 34.0000 0.0800 56.0000
v 36.0000 0.1400 56.0000
v 38.0000 0.1874 56.0000
v 40.0000 0.0800 56.0000
v 42.0000 0.1839 56.0000
v 44.0000 0.0800 56.0000
v 46.0000 0.0800 56.0000
v 48.0000 0.1566 56.0000
v 50.0000 0.1487 56.0000
v 52.0000 0.1836 56.0000
v 54.0000 0.0800 56.0000
v 56.0000 0.0800 56.0000
v 58.0000 0.0800 56.0000
v 60.0000 0.2478 56.0000
v 62.0000 0.1599 56.0000
v 64.0000 0.0800 56.0000
v 66.0000 0.0811 56.0000
v 68.0000 0.0806 56.0000
v 70.0000 0.0800 56.0000
v 72.0000 0.2514 56.0000
v -72.0000 0.1396 58.0000
v -70.0000 0.2486 58.0000
v -68.0000 0.0800 58.0000
v -66.0000 0.1496 58.0000
v -64.0000 0.0800 58.0000
v -62.0000 0.2030 58.0000
v -60.0000 0.1134 58.0000
v -58.0000 0.1671 58.0000
v -56.0000 0.2488 58.0000
v -54.0000 0.0800 58.0000
v -52.0000 0.1982 58.0000
v -50.0000 0.2218 58.0000
v -48.0000 0.0800 58.0000
v -46.0000 0.1121 58.0000
v -44.0000 0.1290 58.0000
v -42.0000 0.0800 58.0000
v -40.0000 0.0800 58.0000
v -38.0000 0.0800 58.0000
v -36.0000 0.0800 58.0000
v -34.0000 0.1322 58.0000
v -32.0000 0.0800 58.0000
v -30.0000 0.1070 58.0000
v -28.0000 0.1183 58.0000
v -26.0000 0.0801 58.0000
v -24.0000 0.0800 58.0000
v -22.0000 0.0800 58.0000
v -20.0000 0.2494 58.0000
v -18.0000 0.1136 58.0000
v -16.0000 0.0800 58.0000
v -14.0000 0.1588 58.0000
v -12.0000 0.1345 58.0000
v -10.0000 0.0800 58.0000
v -8.0000 0.1090 58.0000
v -6.0000 0.1215 58.0000
v -4.0000 0.0800 58.0000
v -2.0000 0.0800 58.0000
v 0.0000 0.2063 58.0000
v 2.0000 0.1467 58.0000
v 4.0000 0.0800 58.0000
v 6.0000 0.0800 58.0000
v 8.0000 0.0800 58.0000
v 10.0000 0.0800 58.0000
v 12.0000 0.1620 58.0000
v 14.0000 0.1625 58.0000
v 16.0000 0.0800 58.0000
v 18.0000 0.1828 58.0000
v 20.0000 0.1806 58.0000
v 22.0000 0.1471 58.0000
v 24.0000 0.1863 58.0000
v 26.0000 0.0800 58.0000
v 28.0000 0.2077 58.0000
v 30.0000 0.1895 58.0000
v 32.0000 0.0800 58.0000
v 34.0000 0.1631 58.0000
v 36.0000 0.1087 58.0000
v 38.0000 0.0800 58.0000
v 40.0000 0.1654 58.0000
v 42.0000 0.0800 58.0000
v 44.0000 0.1153 58.0000
v 46.0000 0.0800 58.0000
v 48.0000 0.0800 58.0000
v 50.0000 0.1855 58.0000
v 52.0000 0.1808 58.0000
v 54.0000 0.0800 58.0000
v 56.0000 0.1546 58.0000
v 58.0000 0.0812 58.0000
v 60.0000 0.0800 58.0000
v 62.0000 0.0800 58.0000
v 64.0000 0.1350 58.0000
v 66.0000 0.0800 58.0000
v 68.0000 0.0800 58.0000
v 70.0000 0.0800 58.0000
v 72.0000 0.0800 58.0000
v -72.0000 0.1478 60.0000
v -70.0000 0.2396 60.0000
v -68.0000 0.0800 60.0000
v -66.0000 0.0800 60.0000
v -64.0000 0.2233 60.0000
v -62.0000 0.0800 60.0000
v -60.0000 0.0800 60.0000
v -58.0000 0.0800 60.0000
v -56.0000 0.0800 60.0000
v -54.0000 0.0800 60.0000
v -52.0000 0.0800 60.0000
v -50.0000 0.2207 60.0000
v -48.0000 0.2131 60.0000
v -46.0000 0.0800 60.0000
v -44.0000 0.1076 60.0000
v -42.0000 0.0800 60.0000
v -40.0000 0.1456 60.0000
v -38.0000 0.0800 60.0000
v -36.0000 0.0800 60.0000
v -34.0000 0.0800 60.0000
v -32.0000 0.0800 60.0000
v -30.0000 0.1141 60.0000
v -28.0000 0.1660 60.0000
v -26.0000 0.0800 60.0000
v -24.0000 0.2052 60.0000
v -22.0000 0.0800 60.0000
v -20.0000 0.1566 60.0000
v -18.0000 0.1101 60.0000
v -16.0000 0.0843 60.0000
v -14.0000 0.2491 60.0000
v -12.0000 0.0800 60.0000
v -10.0000 0.0800 60.0000
v -8.0000 0.0800 60.0000
v -6.0000 0.0800 60.0000
v -4.0000 0.0800 60.0000
v -2.0000 0.2055 60.0000
v 0.0000 0.1997 60.0000
v 2.0000 0.1417 60.0000
v 4.0000 0.0800 60.0000
v 6.0000 0.0800 60.0000
v 8.0000 0.0973 60.0000
v 10.0000 0.0800 60.0000
v 12.0000 0.0800 60.0000
v 14.0000 0.1811 60.0000
v 16.0000 0.1332 60.0000
v 18.0000 0.1834 60.0000
v 20.0000 0.2507 60.0000
v 22.0000 0.0800 60.0000
v 24.0000 0.2272 60.0000
v 26.0000 0.0800 60.0000
v 28.0000 0.2433 60.0000
v 30.0000 0.0800 60.0000
v 32.0000 0.2250 60.0000
v 34.0000 0.0800 60.0000
v 36.0000 0.0800 60.0000
v 38.0000 0.2525 60.0000
v 40.0000 0.2230 60.0000
v 42.0000 0.2107 60.0000
v 44.0000 0.0800 60.0000
v 46.0000 0.0800 60.0000
v 48.0000 0.0800 60.0000
v 50.0000 0.0800 60.0000
v 52.0000 0.0800 60.0000
v 54.0000 0.0800 60.0000
v 56.0000 0.0800 60.0000
v 58.0000 0.0800 60.0000
v 60.0000 0.2303 60.0000
v 62.0000 0.2245 60.0000
v 64.0000 0.2358 60.0000
v 66.0000 0.0926 60.0000
v 68.0000 0.0800 60.0000
v 70.0000 0.0800 60.0000
v 72.0000 0.2546 60.0000
v -72.0000 -0.8000 -60.0000
v -70.0000 -0.8000 -60.0000
v -68.0000 -0.8000 -60.0000
v -66.0000 -0.8000 -60.0000
v -64.0000 -0.8000 -60.0000
v -62.0000 -0.8000 -60.0000
v -60.0000 -0.8000 -60.0000
v -58.0000 -0.8000 -60.0000
v -56.0000 -0.8000 -60.0000
v -54.0000 -0.8000 -60.0000
v -52.0000 -0.8000 -60.0000
v -50.0000 -0.8000 -60.0000
v -48.0000 -0.8000 -60.0000
v -46.0000 -0.8000 -60.0000
v -44.0000 -0.8000 -60.0000
v -42.0000 -0.8000 -60.0000
v -40.0000 -0.8000 -60.0000
v -38.0000 -0.8000 -60.0000
v -36.0000 -0.8000 -60.0000
v -34.0000 -0.8000 -60.0000
v -32.0000 -0.8000 -60.0000
v -30.0000 -0.8000 -60.0000
v -28.0000 -0.8000 -60.0000
v -26.0000 -0.8000 -60.0000
v -24.0000 -0.8000 -60.0000
v -22.0000 -0.8000 -60.0000
v -20.0000 -0.8000 -60.0000
v -18.0000 -0.8000 -60.0000
v -16.0000 -0.8000 -60.0000
v -14.0000 -0.8000 -60.0000
v -12.0000 -0.8000 -60.0000
v -10.0000 -0.8000 -60.0000
v -8.0000 -0.8000 -60.0000
v -6.0000 -0.8000 -60.0000
v -4.0000 -0.8000 -60.0000
v -2.0000 -0.8000 -60.0000
v 0.0000 -0.8000 -60.0000
v 2.0000 -0.8000 -60.0000
v 4.0000 -0.8000 -60.0000
v 6.0000 -0.8000 -60.0000
v 8.0000 -0.8000 -60.0000
v 10.0000 -0.8000 -60.0000
v 12.0000 -0.8000 -60.0000
v 14.0000 -0.8000 -60.0000
v 16.0000 -0.8000 -60.0000
v 18.0000 -0.8000 -60.0000
v 20.0000 -0.8000 -60.0000
v 22.0000 -0.8000 -60.0000
v 24.0000 -0.8000 -60.0000
v 26.0000 -0.8000 -60.0000
v 28.0000 -0.8000 -60.0000
v 30.0000 -0.8000 -60.0000
v 32.0000 -0.8000 -60.0000
v 34.0000 -0.8000 -60.0000
v 36.0000 -0.8000 -60.0000
v 38.0000 -0.8000 -60.0000
v 40.0000 -0.8000 -60.0000
v 42.0000 -0.8000 -60.0000
v 44.0000 -0.8000 -60.0000
v 46.0000 -0.8000 -60.0000
v 48.0000 -0.8000 -60.0000
v 50.0000 -0.8000 -60.0000
v 52.0000 -0.8000 -60.0000
v 54.0000 -0.8000 -60.0000
v 56.0000 -0.8000 -60.0000
v 58.0000 -0.8000 -60.0000
v 60.0000 -0.8000 -60.0000
v 62.0000 -0.8000 -60.0000
v 64.0000 -0.8000 -60.0000
v 66.0000 -0.8000 -60.0000
v 68.0000 -0.8000 -60.0000
v 70.0000 -0.8000 -60.0000
v 72.0000 -0.8000 -60.0000
v -72.0000 -0.8000 -58.0000
v -70.0000 -0.8000 -58.0000
v -68.0000 -0.8000 -58.0000
v -66.0000 -0.8000 -58.0000
v -64.0000 -0.8000 -58.0000
v -62.0000 -0.8000 -58.0000
v -60.0000 -0.8000 -58.0000
v -58.0000 -0.8000 -58.0000
v -56.0000 -0.8000 -58.0000
v -54.0000 -0.8000 -58.0000
v -52.0000 -0.8000 -58.0000
v -50.0000 -0.8000 -58.0000
v -48.0000 -0.8000 -58.0000
v -46.0000 -0.8000 -58.0000
v -44.0000 -0.8000 -58.0000
v -42.0000 -0.8000 -58.0000
v -40.0000 -0.8000 -58.0000
v -38.0000 -0.8000 -58.0000
v -36.0000 -0.8000 -58.0000
v -34.0000 -0.8000 -58.0000
v -32.0000 -0.8000 -58.0000
v -30.0000 -0.8000 -58.0000
v -28.0000 -0.8000 -58.0000
v -26.0000 -0.8000 -58.0000
v -24.0000 -0.8000 -58.0000
v -22.0000 -0.8000 -58.0000
v -20.0000 -0.8000 -58.0000
v -18.0000 -0.8000 -58.0000
v -16.0000 -0.8000 -58.0000
v -14.0000 -0.8000 -58.0000
v -12.0000 -0.8000 -58.0000
v -10.0000 -0.8000 -58.0000
v -8.0000 -0.8000 -58.0000
v -6.0000 -0.8000 -58.0000
v -4.0000 -0.8000 -58.0000
v -2.0000 -0.8000 -58.0000
v 0.0000 -0.8000 -58.0000
v 2.0000 -0.8000 -58.0000
v 4.0000 -0.8000 -58.0000
v 6.0000 -0.8000 -58.0000
v 8.0000 -0.8000 -58.0000
v 10.0000 -0.8000 -58.0000
v 12.0000 -0.8000 -58.0000
v 14.0000 -0.8000 -58.0000
v 16.0000 -0.8000 -58.0000
v 18.0000 -0.8000 -58.0000
v 20.0000 -0.8000 -58.0000
v 22.0000 -0.8000 -58.0000
v 24.0000 -0.8000 -58.0000
v 26.0000 -0.8000 -58.0000
v 28.0000 -0.8000 -58.0000
v 30.0000 -0.8000 -58.0000
v 32.0000 -0.8000 -58.0000
v 34.0000 -0.8000 -58.0000
v 36.0000 -0.8000 -58.0000
v 38.0000 -0.8000 -58.0000
v 40.0000 -0.8000 -58.0000
v 42.0000 -0.8000 -58.0000
v 44.0000 -0.8000 -58.0000
v 46.0000 -0.8000 -58.0000
v 48.0000 -0.8000 -58.0000
v 50.0000 -0.8000 -58.0000
v 52.0000 -0.8000 -58.0000
v 54.0000 -0.8000 -58.0000
v 56.0000 -0.8000 -58.0000
v 58.0000 -0.8000 -58.0000
v 60.0000 -0.8000 -58.0000
v 62.0000 -0.8000 -58.0000
v 64.0000 -0.8000 -58.0000
v 66.0000 -0.8000 -58.0000
v 68.0000 -0.8000 -58.0000
v 70.0000 -0.8000 -58.0000
v 72.0000 -0.8000 -58.0000
v -72.0000 -0.8000 -56.0000
v -70.0000 -0.8000 -56.0000
v -68.0000 -0.8000 -56.0000
v -66.0000 -0.8000 -56.0000
v -64.0000 -0.8000 -56.0000
v -62.0000 -0.8000 -56.0000
v -60.0000 -0.8000 -56.0000
v -58.0000 -0.8000 -56.0000
v -56.0000 -0.8000 -56.0000
v -54.0000 -0.8000 -56.0000
v -52.0000 -0.8000 -56.0000
v -50.0000 -0.8000 -56.0000
v -48.0000 -0.8000 -56.0000
v -46.0000 -0.8000 -56.0000
v -44.0000 -0.8000 -56.0000
v -42.0000 -0.8000 -56.0000
v -40.0000 -0.8000 -56.0000
v -38.0000 -0.8000 -56.0000
v -36.0000 -0.8000 -56.0000
v -34.0000 -0.8000 -56.0000
v -32.0000 -0.8000 -56.0000
v -30.0000 -0.8000 -56.0000
v -28.0000 -0.8000 -56.0000
v -26.0000 -0.8000 -56.0000
v -24.0000 -0.8000 -56.0000
v -22.0000 -0.8000 -56.0000
v -20.0000 -0.8000 -56.0000
v -18.0000 -0.8000 -56.0000
v -16.0000 -0.8000 -56.0000
v -14.0000 -0.8000 -56.0000
v -12.0000 -0.8000 -56.0000
v -10.0000 -0.8000 -56.0000
v -8.0000 -0.8000 -56.0000
v -6.0000 -0.8000 -56.0000
v -4.0000 -0.8000 -56.0000
v -2.0000 -0.8000 -56.0000
v 0.0000 -0.8000 -56.0000
v 2.0000 -0.8000 -56.0000
v 4.0000 -0.8000 -56.0000
v 6.0000 -0.8000 -56.0000
v 8.0000 -0.8000 -56.0000
v 10.0000 -0.8000 -56.0000
v 12.0000 -0.8000 -56.0000
v 14.0000 -0.8000 -56.0000
v 16.0000 -0.8000 -56.0000
v 18.0000 -0.8000 -56.0000
v 20.0000 -0.8000 -56.0000
v 22.0000 -0.8000 -56.0000
v 24.0000 -0.8000 -56.0000
v 26.0000 -0.8000 -56.0000
v 28.0000 -0.8000 -56.0000
v 30.0000 -0.8000 -56.0000
v 32.0000 -0.8000 -56.0000
v 34.0000 -0.8000 -56.0000
v 36.0000 -0.8000 -56.0000
v 38.0000 -0.8000 -56.0000
v 40.0000 -0.8000 -56.0000
v 42.0000 -0.8000 -56.0000
v 44.0000 -0.8000 -56.0000
v 46.0000 -0.8000 -56.0000
v 48.0000 -0.8000 -56.0000
v 50.0000 -0.8000 -56.0000
v 52.0000 -0.8000 -56.0000
v 54.0000 -0.8000 -56.0000
v 56.0000 -0.8000 -56.0000
v 58.0000 -0.8000 -56.0000
v 60.0000 -0.8000 -56.0000
v 62.0000 -0.8000 -56.0000
v 64.0000 -0.8000 -56.0000
v 66.0000 -0.8000 -56.0000
v 68.0000 -0.8000 -56.0000
v 70.0000 -0.8000 -56.0000
v 72.0000 -0.8000 -56.0000
v -72.0000 -0.8000 -54.0000
v -70.0000 -0.8000 -54.0000
v -68.0000 -0.8000 -54.0000
v -66.0000 -0.8000 -54.0000
v -64.0000 -0.8000 -54.0000
v -62.0000 -0.8000 -54.0000
v -60.0000 -0.8000 -54.0000
v -58.0000 -0.8000 -54.0000
v -56.0000 -0.8000 -54.0000
v -54.0000 -0.8000 -54.0000
v -52.0000 -0.8000 -54.0000
v -50.0000 -0.8000 -54.0000
v -48.0000 -0.8000 -54.0000
v -46.0000 -0.8000 -54.0000
v -44.0000 -0.8000 -54.0000
v -42.0000 -0.8000 -54.0000
v -40.0000 -0.8000 -54.0000
v -38.0000 -0.8000 -54.0000
v -36.0000 -0.8000 -54.0000
v -34.0000 -0.8000 -54.0000
v -32.0000 -0.8000 -54.0000
v -30.0000 -0.8000 -54.0000
v -28.0000 -0.8000 -54.0000
v -26.0000 -0.8000 -54.0000
v -24.0000 -0.8000 -54.0000
v -22.0000 -0.8000 -54.0000
v -20.0000 -0.8000 -54.0000
v -18.0000 -0.8000 -54.0000
v -16.0000 -0.8000 -54.0000
v -14.0000 -0.8000 -54.0000
v -12.0000 -0.8000 -54.0000
v -10.0000 -0.8000 -54.0000
v -8.0000 -0.8000 -54.0000
v -6.0000 -0.8000 -54.0000
v -4.0000 -0.8000 -54.0000
v -2.0000 -0.8000 -54.0000
v 0.0000 -0.8000 -54.0000
v 2.0000 -0.8000 -54.0000
v 4.0000 -0.8000 -54.0000
v 6.0000 -0.8000 -54.0000
v 8.0000 -0.8000 -54.0000
v 10.0000 -0.8000 -54.0000
v 12.0000 -0.8000 -54.0000
v 14.0000 -0.8000 -54.0000
v 16.0000 -0.8000 -54.0000
v 18.0000 -0.8000 -54.0000
v 20.0000 -0.8000 -54.0000
v 22.0000 -0.8000 -54.0000
v 24.0000 -0.8000 -54.0000
v 26.0000 -0.8000 -54.0000
v 28.0000 -0.8000 -54.0000
v 30.0000 -0.8000 -54.0000
v 32.0000 -0.8000 -54.0000
v 34.0000 -0.8000 -54.0000
v 36.0000 -0.8000 -54.0000
v 38.0000 -0.8000 -54.0000
v 40.0000 -0.8000 -54.0000
v 42.0000 -0.8000 -54.0000
v 44.0000 -0.8000 -54.0000
v 46.0000 -0.8000 -54.0000
v 48.0000 -0.8000 -54.0000
v 50.0000 -0.8000 -54.0000
v 52.0000 -0.8000 -54.0000
v 54.0000 -0.8000 -54.0000
v 56.0000 -0.8000 -54.0000
v 58.0000 -0.8000 -54.0000
v 60.0000 -0.8000 -54.0000
v 62.0000 -0.8000 -54.0000
v 64.0000 -0.8000 -54.0000
v 66.0000 -0.8000 -54.0000
v 68.0000 -0.8000 -54.0000
v 70.0000 -0.8000 -54.0000
v 72.0000 -0.8000 -54.0000
v -72.0000 -0.8000 -52.0000
v -70.0000 -0.8000 -52.0000
v -68.0000 -0.8000 -52.0000
v -66.0000 -0.8000 -52.0000
v -64.0000 -0.8000 -52.0000
v -62.0000 -0.8000 -52.0000
v -60.0000 -0.8000 -52.0000
v -58.0000 -0.8000 -52.0000
v -56.0000 -0.8000 -52.0000
v -54.0000 -0.8000 -52.0000
v -52.0000 -0.8000 -52.0000
v -50.0000 -0.8000 -52.0000
v -48.0000 -0.8000 -52.0000
v -46.0000 -0.8000 -52.0000
v -44.0000 -0.8000 -52.0000
v -42.0000 -0.8000 -52.0000
v -40.0000 -0.8000 -52.0000
v -38.0000 -0.8000 -52.0000
v -36.0000 -0.8000 -52.0000
v -34.0000 -0.8000 -52.0000
v -32.0000 -0.8000 -52.0000
v -30.0000 -0.8000 -52.0000
v -28.0000 -0.8000 -52.0000
v -26.0000 -0.8000 -52.0000
v -24.0000 -0.8000 -52.0000
v -22.0000 -0.8000 -52.0000
v -20.0000 -0.8000 -52.0000
v -18.0000 -0.8000 -52.0000
v -16.0000 -0.8000 -52.0000
v -14.0000 -0.8000 -52.0000
v -12.0000 -0.8000 -52.0000
v -10.0000 -0.8000 -52.0000
v -8.0000 -0.8000 -52.0000
v -6.0000 -0.8000 -52.0000
v -4.0000 -0.8000 -52.0000
v -2.0000 -0.8000 -52.0000
v 0.0000 -0.8000 -52.0000
v 2.0000 -0.8000 -52.0000
v 4.0000 -0.8000 -52.0000
v 6.0000 -0.8000 -52.0000
v 8.0000 -0.8000 -52.0000
v 10.0000 -0.8000 -52.0000
v 12.0000 -0.8000 -52.0000
v 14.0000 -0.8000 -52.0000
v 16.0000 -0.8000 -52.0000
v 18.0000 -0.8000 -52.0000
v 20.0000 -0.8000 -52.0000
v 22.0000 -0.8000 -52.0000
v 24.0000 -0.8000 -52.0000
v 26.0000 -0.8000 -52.0000
v 28.0000 -0.8000 -52.0000
v 30.0000 -0.8000 -52.0000
v 32.0000 -0.8000 -52.0000
v 34.0000 -0.8000 -52.0000
v 36.0000 -0.8000 -52.0000
v 38.0000 -0.8000 -52.0000
v 40.0000 -0.8000 -52.0000
v 42.0000 -0.8000 -52.0000
v 44.0000 -0.8000 -52.0000
v 46.0000 -0.8000 -52.0000
v 48.0000 -0.8000 -52.0000
v 50.0000 -0.8000 -52.0000
v 52.0000 -0.8000 -52.0000
v 54.0000 -0.8000 -52.0000
v 56.0000 -0.8000 -52.0000
v 58.0000 -0.8000 -52.0000
v 60.0000 -0.8000 -52.0000
v 62.0000 -0.8000 -52.0000
v 64.0000 -0.8000 -52.0000
v 66.0000 -0.8000 -52.0000
v 68.0000 -0.8000 -52.0000
v 70.0000 -0.8000 -52.0000
v 72.0000 -0.8000 -52.0000
v -72.0000 -0.8000 -50.0000
v -70.0000 -0.8000 -50.0000
v -68.0000 -0.8000 -50.0000
v -66.0000 -0.8000 -50.0000
v -64.0000 -0.8000 -50.0000
v -62.0000 -0.8000 -50.0000
v -60.0000 -0.8000 -50.0000
v -58.0000 -0.8000 -50.0000
v -56.0000 -0.8000 -50.0000
v -54.0000 -0.8000 -50.0000
v -52.0000 -0.8000 -50.0000
v -50.0000 -0.8000 -50.0000
v -48.0000 -0.8000 -50.0000
v -46.0000 -0.8000 -50.0000
v -44.0000 -0.8000 -50.0000
v -42.0000 -0.8000 -50.0000
v -40.0000 -0.8000 -50.0000
v -38.0000 -0.8000 -50.0000
v -36.0000 -0.8000 -50.0000
v -34.0000 -0.8000 -50.0000
v -32.0000 -0.8000 -50.0000
v -30.0000 -0.8000 -50.0000
v -28.0000 -0.8000 -50.0000
v -26.0000 -0.8000 -50.0000
v -24.0000 -0.8000 -50.0000
v -22.0000 -0.8000 -50.0000
v -20.0000 -0.8000 -50.0000
v -18.0000 -0.8000 -50.0000
v -16.0000 -0.8000 -50.0000
v -14.0000 -0.8000 -50.0000
v -12.0000 -0.8000 -50.0000
v -10.0000 -0.8000 -50.0000
v -8.0000 -0.8000 -50.0000
v -6.0000 -0.8000 -50.0000
v -4.0000 -0.8000 -50.0000
v -2.0000 -0.8000 -50.0000
v 0.0000 -0.8000 -50.0000
v 2.0000 -0.8000 -50.0000
v 4.0000 -0.8000 -50.0000
v 6.0000 -0.8000 -50.0000
v 8.0000 -0.8000 -50.0000
v 10.0000 -0.8000 -50.0000
v 12.0000 -0.8000 -50.0000
v 14.0000 -0.8000 -50.0000
v 16.0000 -0.8000 -50.0000
v 18.0000 -0.8000 -50.0000
v 20.0000 -0.8000 -50.0000
v 22.0000 -0.8000 -50.0000
v 24.0000 -0.8000 -50.0000
v 26.0000 -0.8000 -50.0000
v 28.0000 -0.8000 -50.0000
v 30.0000 -0.8000 -50.0000
v 32.0000 -0.8000 -50.0000
v 34.0000 -0.8000 -50.0000
v 36.0000 -0.8000 -50.0000
v 38.0000 -0.8000 -50.0000
v 40.0000 -0.8000 -50.0000
v 42.0000 -0.8000 -50.0000
v 44.0000 -0.8000 -50.0000
v 46.0000 -0.8000 -50.0000
v 48.0000 -0.8000 -50.0000
v 50.0000 -0.8000 -50.0000
v 52.0000 -0.8000 -50.0000
v 54.0000 -0.8000 -50.0000
v 56.0000 -0.8000 -50.0000
v 58.0000 -0.8000 -50.0000
v 60.0000 -0.8000 -50.0000
v 62.0000 -0.8000 -50.0000
v 64.0000 -0.8000 -50.0000
v 66.0000 -0.8000 -50.0000
v 68.0000 -0.8000 -50.0000
v 70.0000 -0.8000 -50.0000
v 72.0000 -0.8000 -50.0000
v -72.0000 -0.8000 -48.0000
v -70.0000 -0.8000 -48.0000
v -68.0000 -0.8000 -48.0000
v -66.0000 -0.8000 -48.0000
v -64.0000 -0.8000 -48.0000
v -62.0000 -0.8000 -48.0000
v -60.0000 -0.8000 -48.0000
v -58.0000 -0.8000 -48.0000
v -56.0000 -0.8000 -48.0000
v -54.0000 -0.8000 -48.0000
v -52.0000 -0.8000 -48.0000
v -50.0000 -0.8000 -48.0000
v -48.0000 -0.8000 -48.0000
v -46.0000 -0.8000 -48.0000
v -44.0000 -0.8000 -48.0000
v -42.0000 -0.8000 -48.0000
v -40.0000 -0.8000 -48.0000
v -38.0000 -0.8000 -48.0000
v -36.0000 -0.8000 -48.0000
v -34.0000 -0.8000 -48.0000
v -32.0000 -0.8000 -48.0000
v -30.0000 -0.8000 -48.0000
v -28.0000 -0.8000 -48.0000
v -26.0000 -0.8000 -48.0000
v -24.0000 -0.8000 -48.0000
v -22.0000 -0.8000 -48.0000
v -20.0000 -0.8000 -48.0000
v -18.0000 -0.8000 -48.0000
v -16.0000 -0.8000 -48.0000
v -14.0000 -0.8000 -48.0000
v -12.0000 -0.8000 -48.0000
v -10.0000 -0.8000 -48.0000
v -8.0000 -0.8000 -48.0000
v -6.0000 -0.8000 -48.0000
v -4.0000 -0.8000 -48.0000
v -2.0000 -0.8000 -48.0000
v 0.0000 -0.8000 -48.0000
v 2.0000 -0.8000 -48.0000
v 4.0000 -0.8000 -48.0000
v 6.0000 -0.8000 -48.0000
v 8.0000 -0.8000 -48.0000
v 10.0000 -0.8000 -48.0000
v 12.0000 -0.8000 -48.0000
v 14.0000 -0.8000 -48.0000
v 16.0000 -0.8000 -48.0000
v 18.0000 -0.8000 -48.0000
v 20.0000 -0.8000 -48.0000
v 22.0000 -0.8000 -48.0000
v 24.0000 -0.8000 -48.0000
v 26.0000 -0.8000 -48.0000
v 28.0000 -0.8000 -48.0000
v 30.0000 -0.8000 -48.0000
v 32.0000 -0.8000 -48.0000
v 34.0000 -0.8000 -48.0000
v 36.0000 -0.8000 -48.0000
v 38.0000 -0.8000 -48.0000
v 40.0000 -0.8000 -48.0000
v 42.0000 -0.8000 -48.0000
v 44.0000 -0.8000 -48.0000
v 46.0000 -0.8000 -48.0000
v 48.0000 -0.8000 -48.0000
v 50.0000 -0.8000 -48.0000
v 52.0000 -0.8000 -48.0000
v 54.0000 -0.8000 -48.0000
v 56.0000 -0.8000 -48.0000
v 58.0000 -0.8000 -48.0000
v 60.0000 -0.8000 -48.0000
v 62.0000 -0.8000 -48.0000
v 64.0000 -0.8000 -48.0000
v 66.0000 -0.8000 -48.0000
v 68.0000 -0.8000 -48.0000
v 70.0000 -0.8000 -48.0000
v 72.0000 -0.8000 -48.0000
v -72.0000 -0.8000 -46.0000
v -70.0000 -0.8000 -46.0000
v -68.0000 -0.8000 -46.0000
v -66.0000 -0.8000 -46.0000
v -64.0000 -0.8000 -46.0000
v -62.0000 -0.8000 -46.0000
v -60.0000 -0.8000 -46.0000
v -58.0000 -0.8000 -46.0000
v -56.0000 -0.8000 -46.0000
v -54.0000 -0.8000 -46.0000
v -52.0000 -0.8000 -46.0000
v -50.0000 -0.8000 -46.0000
v -48.0000 -0.8000 -46.0000
v -46.0000 -0.8000 -46.0000
v -44.0000 -0.8000 -46.0000
v -42.0000 -0.8000 -46.0000
v -40.0000 -0.8000 -46.0000
v -38.0000 -0.8000 -46.0000
v -36.0000 -0.8000 -46.0000
v -34.0000 -0.8000 -46.0000
v -32.0000 -0.8000 -46.0000
v -30.0000 -0.8000 -46.0000
v -28.0000 -0.8000 -46.0000
v -26.0000 -0.8000 -46.0000
v -24.0000 -0.8000 -46.0000
v -22.0000 -0.8000 -46.0000
v -20.0000 -0.8000 -46.0000
v -18.0000 -0.8000 -46.0000
v -16.0000 -0.8000 -46.0000
v -14.0000 -0.8000 -46.0000
v -12.0000 -0.8000 -46.0000
v -10.0000 -0.8000 -46.0000
v -8.0000 -0.8000 -46.0000
v -6.0000 -0.8000 -46.0000
v -4.0000 -0.8000 -46.0000
v -2.0000 -0.8000 -46.0000
v 0.0000 -0.8000 -46.0000
v 2.0000 -0.8000 -46.0000
v 4.0000 -0.8000 -46.0000
v 6.0000 -0.8000 -46.0000
v 8.0000 -0.8000 -46.0000
v 10.0000 -0.8000 -46.0000
v 12.0000 -0.8000 -46.0000
v 14.0000 -0.8000 -46.0000
v 16.0000 -0.8000 -46.0000
v 18.0000 -0.8000 -46.0000
v 20.0000 -0.8000 -46.0000
v 22.0000 -0.8000 -46.0000
v 24.0000 -0.8000 -46.0000
v 26.0000 -0.8000 -46.0000
v 28.0000 -0.8000 -46.0000
v 30.0000 -0.8000 -46.0000
v 32.0000 -0.8000 -46.0000
v 34.0000 -0.8000 -46.0000
v 36.0000 -0.8000 -46.0000
v 38.0000 -0.8000 -46.0000
v 40.0000 -0.8000 -46.0000
v 42.0000 -0.8000 -46.0000
v 44.0000 -0.8000 -46.0000
v 46.0000 -0.8000 -46.0000
v 48.0000 -0.8000 -46.0000
v 50.0000 -0.8000 -46.0000
v 52.0000 -0.8000 -46.0000
v 54.0000 -0.8000 -46.0000
v 56.0000 -0.8000 -46.0000
v 58.0000 -0.8000 -46.0000
v 60.0000 -0.8000 -46.0000
v 62.0000 -0.8000 -46.0000
v 64.0000 -0.8000 -46.0000
v 66.0000 -0.8000 -46.0000
v 68.0000 -0.8000 -46.0000
v 70.0000 -0.8000 -46.0000
v 72.0000 -0.8000 -46.0000
v -72.0000 -0.8000 -44.0000
v -70.0000 -0.8000 -44.0000
v -68.0000 -0.8000 -44.0000
v -66.0000 -0.8000 -44.0000
v -64.0000 -0.8000 -44.0000
v -62.0000 -0.8000 -44.0000
v -60.0000 -0.8000 -44.0000
v -58.0000 -0.8000 -44.0000
v -56.0000 -0.8000 -44.0000
v -54.0000 -0.8000 -44.0000
v -52.0000 -0.8000 -44.0000
v -50.0000 -0.8000 -44.0000
v -48.0000 -0.8000 -44.0000
v -46.0000 -0.8000 -44.0000
v -44.0000 -0.8000 -44.0000
v -42.0000 -0.8000 -44.0000
v -40.0000 -0.8000 -44.0000
v -38.0000 -0.8000 -44.0000
v -36.0000 -0.8000 -44.0000
v -34.0000 -0.8000 -44.0000
v -32.0000 -0.8000 -44.0000
v -30.0000 -0.8000 -44.0000
v -28.0000 -0.8000 -44.0000
v -26.0000 -0.8000 -44.0000
v -24.0000 -0.8000 -44.0000
v -22.0000 -0.8000 -44.0000
v -20.0000 -0.8000 -44.0000
v -18.0000 -0.8000 -44.0000
v -16.0000 -0.8000 -44.0000
v -14.0000 -0.8000 -44.0000
v -12.0000 -0.8000 -44.0000
v -10.0000 -0.8000 -44.0000
v -8.0000 -0.8000 -44.0000
v -6.0000 -0.8000 -44.0000
v -4.0000 -0.8000 -44.0000
v -2.0000 -0.8000 -44.0000
v 0.0000 -0.8000 -44.0000
v 2.0000 -0.8000 -44.0000
v 4.0000 -0.8000 -44.0000
v 6.0000 -0.8000 -44.0000
v 8.0000 -0.8000 -44.0000
v 10.0000 -0.8000 -44.0000
v 12.0000 -0.8000 -44.0000
v 14.0000 -0.8000 -44.0000
v 16.0000 -0.8000 -44.0000
v 18.0000 -0.8000 -44.0000
v 20.0000 -0.8000 -44.0000
v 22.0000 -0.8000 -44.0000
v 24.0000 -0.8000 -44.0000
v 26.0000 -0.8000 -44.0000
v 28.0000 -0.8000 -44.0000
v 30.0000 -0.8000 -44.0000
v 32.0000 -0.8000 -44.0000
v 34.0000 -0.8000 -44.0000
v 36.0000 -0.8000 -44.0000
v 38.0000 -0.8000 -44.0000
v 40.0000 -0.8000 -44.0000
v 42.0000 -0.8000 -44.0000
v 44.0000 -0.8000 -44.0000
v 46.0000 -0.8000 -44.0000
v 48.0000 -0.8000 -44.0000
v 50.0000 -0.8000 -44.0000
v 52.0000 -0.8000 -44.0000
v 54.0000 -0.8000 -44.0000
v 56.0000 -0.8000 -44.0000
v 58.0000 -0.8000 -44.0000
v 60.0000 -0.8000 -44.0000
v 62.0000 -0.8000 -44.0000
v 64.0000 -0.8000 -44.0000
v 66.0000 -0.8000 -44.0000
v 68.0000 -0.8000 -44.0000
v 70.0000 -0.8000 -44.0000
v 72.0000 -0.8000 -44.0000
v -72.0000 -0.8000 -42.0000
v -70.0000 -0.8000 -42.0000
v -68.0000 -0.8000 -42.0000
v -66.0000 -0.8000 -42.0000
v -64.0000 -0.8000 -42.0000
v -62.0000 -0.8000 -42.0000
v -60.0000 -0.8000 -42.0000
v -58.0000 -0.8000 -42.0000
v -56.0000 -0.8000 -42.0000
v -54.0000 -0.8000 -42.0000
v -52.0000 -0.8000 -42.0000
v -50.0000 -0.8000 -42.0000
v -48.0000 -0.8000 -42.0000
v -46.0000 -0.8000 -42.0000
v -44.0000 -0.8000 -42.0000
v -42.0000 -0.8000 -42.0000
v -40.0000 -0.8000 -42.0000
v -38.0000 -0.8000 -42.0000
v -36.0000 -0.8000 -42.0000
v -34.0000 -0.8000 -42.0000
v -32.0000 -0.8000 -42.0000
v -30.0000 -0.8000 -42.0000
v -28.0000 -0.8000 -42.0000
v -26.0000 -0.8000 -42.0000
v -24.0000 -0.8000 -42.0000
v -22.0000 -0.8000 -42.0000
v -20.0000 -0.8000 -42.0000
v -18.0000 -0.8000 -42.0000
v -16.0000 -0.8000 -42.0000
v -14.0000 -0.8000 -42.0000
v -12.0000 -0.8000 -42.0000
v -10.0000 -0.8000 -42.0000
v -8.0000 -0.8000 -42.0000
v -6.0000 -0.8000 -42.0000
v -4.0000 -0.8000 -42.0000
v -2.0000 -0.8000 -42.0000
v 0.0000 -0.8000 -42.0000
v 2.0000 -0.8000 -42.0000
v 4.0000 -0.8000 -42.0000
v 6.0000 -0.8000 -42.0000
v 8.0000 -0.8000 -42.0000
v 10.0000 -0.8000 -42.0000
v 12.0000 -0.8000 -42.0000
v 14.0000 -0.8000 -42.0000
v 16.0000 -0.8000 -42.0000
v 18.0000 -0.8000 -42.0000
v 20.0000 -0.8000 -42.0000
v 22.0000 -0.8000 -42.0000
v 24.0000 -0.8000 -42.0000
v 26.0000 -0.8000 -42.0000
v 28.0000 -0.8000 -42.0000
v 30.0000 -0.8000 -42.0000
v 32.0000 -0.8000 -42.0000
v 34.0000 -0.8000 -42.0000
v 36.0000 -0.8000 -42.0000
v 38.0000 -0.8000 -42.0000
v 40.0000 -0.8000 -42.0000
v 42.0000 -0.8000 -42.0000
v 44.0000 -0.8000 -42.0000
v 46.0000 -0.8000 -42.0000
v 48.0000 -0.8000 -42.0000
v 50.0000 -0.8000 -42.0000
v 52.0000 -0.8000 -42.0000
v 54.0000 -0.8000 -42.0000
v 56.0000 -0.8000 -42.0000
v 58.0000 -0.8000 -42.0000
v 60.0000 -0.8000 -42.0000
v 62.0000 -0.8000 -42.0000
v 64.0000 -0.8000 -42.0000
v 66.0000 -0.8000 -42.0000
v 68.0000 -0.8000 -42.0000
v 70.0000 -0.8000 -42.0000
v 72.0000 -0.8000 -42.0000
v -72.0000 -0.8000 -40.0000
v -70.0000 -0.8000 -40.0000
v -68.0000 -0.8000 -40.0000
v -66.0000 -0.8000 -40.0000
v -64.0000 -0.8000 -40.0000
v -62.0000 -0.8000 -40.0000
v -60.0000 -0.8000 -40.0000
v -58.0000 -0.8000 -40.0000
v -56.0000 -0.8000 -40.0000
v -54.0000 -0.8000 -40.0000
v -52.0000 -0.8000 -40.0000
v -50.0000 -0.8000 -40.0000
v -48.0000 -0.8000 -40.0000
v -46.0000 -0.8000 -40.0000
v -44.0000 -0.8000 -40.0000
v -42.0000 -0.8000 -40.0000
v -40.0000 -0.8000 -40.0000
v -38.0000 -0.8000 -40.0000
v -36.0000 -0.8000 -40.0000
v -34.0000 -0.8000 -40.0000
v -32.0000 -0.8000 -40.0000
v -30.0000 -0.8000 -40.0000
v -28.0000 -0.8000 -40.0000
v -26.0000 -0.8000 -40.0000
v -24.0000 -0.8000 -40.0000
v -22.0000 -0.8000 -40.0000
v -20.0000 -0.8000 -40.0000
v -18.0000 -0.8000 -40.0000
v -16.0000 -0.8000 -40.0000
v -14.0000 -0.8000 -40.0000
v -12.0000 -0.8000 -40.0000
v -10.0000 -0.8000 -40.0000
v -8.0000 -0.8000 -40.0000
v -6.0000 -0.8000 -40.0000
v -4.0000 -0.8000 -40.0000
v -2.0000 -0.8000 -40.0000
v 0.0000 -0.8000 -40.0000
v 2.0000 -0.8000 -40.0000
v 4.0000 -0.8000 -40.0000
v 6.0000 -0.8000 -40.0000
v 8.0000 -0.8000 -40.0000
v 10.0000 -0.8000 -40.0000
v 12.0000 -0.8000 -40.0000
v 14.0000 -0.8000 -40.0000
v 16.0000 -0.8000 -40.0000
v 18.0000 -0.8000 -40.0000
v 20.0000 -0.8000 -40.0000
v 22.0000 -0.8000 -40.0000
v 24.0000 -0.8000 -40.0000
v 26.0000 -0.8000 -40.0000
v 28.0000 -0.8000 -40.0000
v 30.0000 -0.8000 -40.0000
v 32.0000 -0.8000 -40.0000
v 34.0000 -0.8000 -40.0000
v 36.0000 -0.8000 -40.0000
v 38.0000 -0.8000 -40.0000
v 40.0000 -0.8000 -40.0000
v 42.0000 -0.8000 -40.0000
v 44.0000 -0.8000 -40.0000
v 46.0000 -0.8000 -40.0000
v 48.0000 -0.8000 -40.0000
v 50.0000 -0.8000 -40.0000
v 52.0000 -0.8000 -40.0000
v 54.0000 -0.8000 -40.0000
v 56.0000 -0.8000 -40.0000
v 58.0000 -0.8000 -40.0000
v 60.0000 -0.8000 -40.0000
v 62.0000 -0.8000 -40.0000
v 64.0000 -0.8000 -40.0000
v 66.0000 -0.8000 -40.0000
v 68.0000 -0.8000 -40.0000
v 70.0000 -0.8000 -40.0000
v 72.0000 -0.8000 -40.0000
v -72.0000 -0.8000 -38.0000
v -70.0000 -0.8000 -38.0000
v -68.0000 -0.8000 -38.0000
v -66.0000 -0.8000 -38.0000
v -64.0000 -0.8000 -38.0000
v -62.0000 -0.8000 -38.0000
v -60.0000 -0.8000 -38.0000
v -58.0000 -0.8000 -38.0000
v -56.0000 -0.8000 -38.0000
v -54.0000 -0.8000 -38.0000
v -52.0000 -0.8000 -38.0000
v -50.0000 -0.8000 -38.0000
v -48.0000 -0.8000 -38.0000
v -46.0000 -0.8000 -38.0000
v -44.0000 -0.8000 -38.0000
v -42.0000 -0.8000 -38.0000
v -40.0000 -0.8000 -38.0000
v -38.0000 -0.8000 -38.0000
v -36.0000 -0.8000 -38.0000
v -34.0000 -0.8000 -38.0000
v -32.0000 -0.8000 -38.0000
v -30.0000 -0.8000 -38.0000
v -28.0000 -0.8000 -38.0000
v -26.0000 -0.8000 -38.0000
v -24.0000 -0.8000 -38.0000
v -22.0000 -0.8000 -38.0000
v -20.0000 -0.8000 -38.0000
v -18.0000 -0.8000 -38.0000
v -16.0000 -0.8000 -38.0000
v -14.0000 -0.8000 -38.0000
v -12.0000 -0.8000 -38.0000
v -10.0000 -0.8000 -38.0000
v -8.0000 -0.8000 -38.0000
v -6.0000 -0.8000 -38.0000
v -4.0000 -0.8000 -38.0000
v -2.0000 -0.8000 -38.0000
v 0.0000 -0.8000 -38.0000
v 2.0000 -0.8000 -38.0000
v 4.0000 -0.8000 -38.0000
v 6.0000 -0.8000 -38.0000
v 8.0000 -0.8000 -38.0000
v 10.0000 -0.8000 -38.0000
v 12.0000 -0.8000 -38.0000
v 14.0000 -0.8000 -38.0000
v 16.0000 -0.8000 -38.0000
v 18.0000 -0.8000 -38.0000
v 20.0000 -0.8000 -38.0000
v 22.0000 -0.8000 -38.0000
v 24.0000 -0.8000 -38.0000
v 26.0000 -0.8000 -38.0000
v 28.0000 -0.8000 -38.0000
v 30.0000 -0.8000 -38.0000
v 32.0000 -0.8000 -38.0000
v 34.0000 -0.8000 -38.0000
v 36.0000 -0.8000 -38.0000
v 38.0000 -0.8000 -38.0000
v 40.0000 -0.8000 -38.0000
v 42.0000 -0.8000 -38.0000
v 44.0000 -0.8000 -38.0000
v 46.0000 -0.8000 -38.0000
v 48.0000 -0.8000 -38.0000
v 50.0000 -0.8000 -38.0000
v 52.0000 -0.8000 -38.0000
v 54.0000 -0.8000 -38.0000
v 56.0000 -0.8000 -38.0000
v 58.0000 -0.8000 -38.0000
v 60.0000 -0.8000 -38.0000
v 62.0000 -0.8000 -38.0000
v 64.0000 -0.8000 -38.0000
v 66.0000 -0.8000 -38.0000
v 68.0000 -0.8000 -38.0000
v 70.0000 -0.8000 -38.0000
v 72.0000 -0.8000 -38.0000
v -72.0000 -0.8000 -36.0000
v -70.0000 -0.8000 -36.0000
v -68.0000 -0.8000 -36.0000
v -66.0000 -0.8000 -36.0000
v -64.0000 -0.8000 -36.0000
v -62.0000 -0.8000 -36.0000
v -60.0000 -0.8000 -36.0000
v -58.0000 -0.8000 -36.0000
v -56.0000 -0.8000 -36.0000
v -54.0000 -0.8000 -36.0000
v -52.0000 -0.8000 -36.0000
v -50.0000 -0.8000 -36.0000
v -48.0000 -0.8000 -36.0000
v -46.0000 -0.8000 -36.0000
v -44.0000 -0.8000 -36.0000
v -42.0000 -0.8000 -36.0000
v -40.0000 -0.8000 -36.0000
v -38.0000 -0.8000 -36.0000
v -36.0000 -0.8000 -36.0000
v -34.0000 -0.8000 -36.0000
v -32.0000 -0.8000 -36.0000
v -30.0000 -0.8000 -36.0000
v -28.0000 -0.8000 -36.0000
v -26.0000 -0.8000 -36.0000
v -24.0000 -0.8000 -36.0000
v -22.0000 -0.8000 -36.0000
v -20.0000 -0.8000 -36.0000
v -18.0000 -0.8000 -36.0000
v -16.0000 -0.8000 -36.0000
v -14.0000 -0.8000 -36.0000
v -12.0000 -0.8000 -36.0000
v -10.0000 -0.8000 -36.0000
v -8.0000 -0.8000 -36.0000
v -6.0000 -0.8000 -36.0000
v -4.0000 -0.8000 -36.0000
v -2.0000 -0.8000 -36.0000
v 0.0000 -0.8000 -36.0000
v 2.0000 -0.8000 -36.0000
v 4.0000 -0.8000 -36.0000
v 6.0000 -0.8000 -36.0000
v 8.0000 -0.8000 -36.0000
v 10.0000 -0.8000 -36.0000
v 12.0000 -0.8000 -36.0000
v 14.0000 -0.8000 -36.0000
v 16.0000 -0.8000 -36.0000
v 18.0000 -0.8000 -36.0000
v 20.0000 -0.8000 -36.0000
v 22.0000 -0.8000 -36.0000
v 24.0000 -0.8000 -36.0000
v 26.0000 -0.8000 -36.0000
v 28.0000 -0.8000 -36.0000
v 30.0000 -0.8000 -36.0000
v 32.0000 -0.8000 -36.0000
v 34.0000 -0.8000 -36.0000
v 36.0000 -0.8000 -36.0000
v 38.0000 -0.8000 -36.0000
v 40.0000 -0.8000 -36.0000
v 42.0000 -0.8000 -36.0000
v 44.0000 -0.8000 -36.0000
v 46.0000 -0.8000 -36.0000
v 48.0000 -0.8000 -36.0000
v 50.0000 -0.8000 -36.0000
v 52.0000 -0.8000 -36.0000
v 54.0000 -0.8000 -36.0000
v 56.0000 -0.8000 -36.0000
v 58.0000 -0.8000 -36.0000
v 60.0000 -0.8000 -36.0000
v 62.0000 -0.8000 -36.0000
v 64.0000 -0.8000 -36.0000
v 66.0000 -0.8000 -36.0000
v 68.0000 -0.8000 -36.0000
v 70.0000 -0.8000 -36.0000
v 72.0000 -0.8000 -36.0000
v -72.0000 -0.8000 -34.0000
v -70.0000 -0.8000 -34.0000
v -68.0000 -0.8000 -34.0000
v -66.0000 -0.8000 -34.0000
v -64.0000 -0.8000 -34.0000
v -62.0000 -0.8000 -34.0000
v -60.0000 -0.8000 -34.0000
v -58.0000 -0.8000 -34.0000
v -56.0000 -0.8000 -34.0000
v -54.0000 -0.8000 -34.0000
v -52.0000 -0.8000 -34.0000
v -50.0000 -0.8000 -34.0000
v -48.0000 -0.8000 -34.0000
v -46.0000 -0.8000 -34.0000
v -44.0000 -0.8000 -34.0000
v -42.0000 -0.8000 -34.0000
v -40.0000 -0.8000 -34.0000
v -38.0000 -0.8000 -34.0000
v -36.0000 -0.8000 -34.0000
v -34.0000 -0.8000 -34.0000
v -32.0000 -0.8000 -34.0000
v -30.0000 -0.8000 -34.0000
v -28.0000 -0.8000 -34.0000
v -26.0000 -0.8000 -34.0000
v -24.0000 -0.8000 -34.0000
v -22.0000 -0.8000 -34.0000
v -20.0000 -0.8000 -34.0000
v -18.0000 -0.8000 -34.0000
v -16.0000 -0.8000 -34.0000
v -14.0000 -0.8000 -34.0000
v -12.0000 -0.8000 -34.0000
v -10.0000 -0.8000 -34.0000
v -8.0000 -0.8000 -34.0000
v -6.0000 -0.8000 -34.0000
v -4.0000 -0.8000 -34.0000
v -2.0000 -0.8000 -34.0000
v 0.0000 -0.8000 -34.0000
v 2.0000 -0.8000 -34.0000
v 4.0000 -0.8000 -34.0000
v 6.0000 -0.8000 -34.0000
v 8.0000 -0.8000 -34.0000
v 10.0000 -0.8000 -34.0000
v 12.0000 -0.8000 -34.0000
v 14.0000 -0.8000 -34.0000
v 16.0000 -0.8000 -34.0000
v 18.0000 -0.8000 -34.0000
v 20.0000 -0.8000 -34.0000
v 22.0000 -0.8000 -34.0000
v 24.0000 -0.8000 -34.0000
v 26.0000 -0.8000 -34.0000
v 28.0000 -0.8000 -34.0000
v 30.0000 -0.8000 -34.0000
v 32.0000 -0.8000 -34.0000
v 34.0000 -0.8000 -34.0000
v 36.0000 -0.8000 -34.0000
v 38.0000 -0.8000 -34.0000
v 40.0000 -0.8000 -34.0000
v 42.0000 -0.8000 -34.0000
v 44.0000 -0.8000 -34.0000
v 46.0000 -0.8000 -34.0000
v 48.0000 -0.8000 -34.0000
v 50.0000 -0.8000 -34.0000
v 52.0000 -0.8000 -34.0000
v 54.0000 -0.8000 -34.0000
v 56.0000 -0.8000 -34.0000
v 58.0000 -0.8000 -34.0000
v 60.0000 -0.8000 -34.0000
v 62.0000 -0.8000 -34.0000
v 64.0000 -0.8000 -34.0000
v 66.0000 -0.8000 -34.0000
v 68.0000 -0.8000 -34.0000
v 70.0000 -0.8000 -34.0000
v 72.0000 -0.8000 -34.0000
v -72.0000 -0.8000 -32.0000
v -70.0000 -0.8000 -32.0000
v -68.0000 -0.8000 -32.0000
v -66.0000 -0.8000 -32.0000
v -64.0000 -0.8000 -32.0000
v -62.0000 -0.8000 -32.0000
v -60.0000 -0.8000 -32.0000
v -58.0000 -0.8000 -32.0000
v -56.0000 -0.8000 -32.0000
v -54.0000 -0.8000 -32.0000
v -52.0000 -0.8000 -32.0000
v -50.0000 -0.8000 -32.0000
v -48.0000 -0.8000 -32.0000
v -46.0000 -0.8000 -32.0000
v -44.0000 -0.8000 -32.0000
v -42.0000 -0.8000 -32.0000
v -40.0000 -0.8000 -32.0000
v -38.0000 -0.8000 -32.0000
v -36.0000 -0.8000 -32.0000
v -34.0000 -0.8000 -32.0000
v -32.0000 -0.8000 -32.0000
v -30.0000 -0.8000 -32.0000
v -28.0000 -0.8000 -32.0000
v -26.0000 -0.8000 -32.0000
v -24.0000 -0.8000 -32.0000
v -22.0000 -0.8000 -32.0000
v -20.0000 -0.8000 -32.0000
v -18.0000 -0.8000 -32.0000
v -16.0000 -0.8000 -32.0000
v -14.0000 -0.8000 -32.0000
v -12.0000 -0.8000 -32.0000
v -10.0000 -0.8000 -32.0000
v -8.0000 -0.8000 -32.0000
v -6.0000 -0.8000 -32.0000
v -4.0000 -0.8000 -32.0000
v -2.0000 -0.8000 -32.0000
v 0.0000 -0.8000 -32.0000
v 2.0000 -0.8000 -32.0000
v 4.0000 -0.8000 -32.0000
v 6.0000 -0.8000 -32.0000
v 8.0000 -0.8000 -32.0000
v 10.0000 -0.8000 -32.0000
v 12.0000 -0.8000 -32.0000
v 14.0000 -0.8000 -32.0000
v 16.0000 -0.8000 -32.0000
v 18.0000 -0.8000 -32.0000
v 20.0000 -0.8000 -32.0000
v 22.0000 -0.8000 -32.0000
v 24.0000 -0.8000 -32.0000
v 26.0000 -0.8000 -32.0000
v 28.0000 -0.8000 -32.0000
v 30.0000 -0.8000 -32.0000
v 32.0000 -0.8000 -32.0000
v 34.0000 -0.8000 -32.0000
v 36.0000 -0.8000 -32.0000
v 38.0000 -0.8000 -32.0000
v 40.0000 -0.8000 -32.0000
v 42.0000 -0.8000 -32.0000
v 44.0000 -0.8000 -32.0000
v 46.0000 -0.8000 -32.0000
v 48.0000 -0.8000 -32.0000
v 50.0000 -0.8000 -32.0000
v 52.0000 -0.8000 -32.0000
v 54.0000 -0.8000 -32.0000
v 56.0000 -0.8000 -32.0000
v 58.0000 -0.8000 -32.0000
v 60.0000 -0.8000 -32.0000
v 62.0000 -0.8000 -32.0000
v 64.0000 -0.8000 -32.0000
v 66.0000 -0.8000 -32.0000
v 68.0000 -0.8000 -32.0000
v 70.0000 -0.8000 -32.0000
v 72.0000 -0.8000 -32.0000
v -72.0000 -0.8000 -30.0000
v -70.0000 -0.8000 -30.0000
v -68.0000 -0.8000 -30.0000
v -66.0000 -0.8000 -30.0000
v -64.0000 -0.8000 -30.0000
v -62.0000 -0.8000 -30.0000
v -60.0000 -0.8000 -30.0000
v -58.0000 -0.8000 -30.0000
v -56.0000 -0.8000 -30.0000
v -54.0000 -0.8000 -30.0000
v -52.0000 -0.8000 -30.0000
v -50.0000 -0.8000 -30.0000
v -48.0000 -0.8000 -30.0000
v -46.0000 -0.8000 -30.0000
v -44.0000 -0.8000 -30.0000
v -42.0000 -0.8000 -30.0000
v -40.0000 -0.8000 -30.0000
v -38.0000 -0.8000 -30.0000
v -36.0000 -0.8000 -30.0000
v -34.0000 -0.8000 -30.0000
v -32.0000 -0.8000 -30.0000
v -30.0000 -0.8000 -30.0000
v -28.0000 -0.8000 -30.0000
v -26.0000 -0.8000 -30.0000
v -24.0000 -0.8000 -30.0000
v -22.0000 -0.8000 -30.0000
v -20.0000 -0.8000 -30.0000
v -18.0000 -0.8000 -30.0000
v -16.0000 -0.8000 -30.0000
v -14.0000 -0.8000 -30.0000
v -12.0000 -0.8000 -30.0000
v -10.0000 -0.8000 -30.0000
v -8.0000 -0.8000 -30.0000
v -6.0000 -0.8000 -30.0000
v -4.0000 -0.8000 -30.0000
v -2.0000 -0.8000 -30.0000
v 0.0000 -0.8000 -30.0000
v 2.0000 -0.8000 -30.0000
v 4.0000 -0.8000 -30.0000
v 6.0000 -0.8000 -30.0000
v 8.0000 -0.8000 -30.0000
v 10.0000 -0.8000 -30.0000
v 12.0000 -0.8000 -30.0000
v 14.0000 -0.8000 -30.0000
v 16.0000 -0.8000 -30.0000
v 18.0000 -0.8000 -30.0000
v 20.0000 -0.8000 -30.0000
v 22.0000 -0.8000 -30.0000
v 24.0000 -0.8000 -30.0000
v 26.0000 -0.8000 -30.0000
v 28.0000 -0.8000 -30.0000
v 30.0000 -0.8000 -30.0000
v 32.0000 -0.8000 -30.0000
v 34.0000 -0.8000 -30.0000
v 36.0000 -0.8000 -30.0000
v 38.0000 -0.8000 -30.0000
v 40.0000 -0.8000 -30.0000
v 42.0000 -0.8000 -30.0000
v 44.0000 -0.8000 -30.0000
v 46.0000 -0.8000 -30.0000
v 48.0000 -0.8000 -30.0000
v 50.0000 -0.8000 -30.0000
v 52.0000 -0.8000 -30.0000
v 54.0000 -0.8000 -30.0000
v 56.0000 -0.8000 -30.0000
v 58.0000 -0.8000 -30.0000
v 60.0000 -0.8000 -30.0000
v 62.0000 -0.8000 -30.0000
v 64.0000 -0.8000 -30.0000
v 66.0000 -0.8000 -30.0000
v 68.0000 -0.8000 -30.0000
v 70.0000 -0.8000 -30.0000
v 72.0000 -0.8000 -30.0000
v -72.0000 -0.8000 -28.0000
v -70.0000 -0.8000 -28.0000
v -68.0000 -0.8000 -28.0000
v -66.0000 -0.8000 -28.0000
v -64.0000 -0.8000 -28.0000
v -62.0000 -0.8000 -28.0000
v -60.0000 -0.8000 -28.0000
v -58.0000 -0.8000 -28.0000
v -56.0000 -0.8000 -28.0000
v -54.0000 -0.8000 -28.0000
v -52.0000 -0.8000 -28.0000
v -50.0000 -0.8000 -28.0000
v -48.0000 -0.8000 -28.0000
v -46.0000 -0.8000 -28.0000
v -44.0000 -0.8000 -28.0000
v -42.0000 -0.8000 -28.0000
v -40.0000 -0.8000 -28.0000
v -38.0000 -0.8000 -28.0000
v -36.0000 -0.8000 -28.0000
v -34.0000 -0.8000 -28.0000
v -32.0000 -0.8000 -28.0000
v -30.0000 -0.8000 -28.0000
v -28.0000 -0.8000 -28.0000
v -26.0000 -0.8000 -28.0000
v -24.0000 -0.8000 -28.0000
v -22.0000 -0.8000 -28.0000
v -20.0000 -0.8000 -28.0000
v -18.0000 -0.8000 -28.0000
v -16.0000 -0.8000 -28.0000
v -14.0000 -0.8000 -28.0000
v -12.0000 -0.8000 -28.0000
v -10.0000 -0.8000 -28.0000
v -8.0000 -0.8000 -28.0000
v -6.0000 -0.8000 -28.0000
v -4.0000 -0.8000 -28.0000
v -2.0000 -0.8000 -28.0000
v 0.0000 -0.8000 -28.0000
v 2.0000 -0.8000 -28.0000
v 4.0000 -0.8000 -28.0000
v 6.0000 -0.8000 -28.0000
v 8.0000 -0.8000 -28.0000
v 10.0000 -0.8000 -28.0000
v 12.0000 -0.8000 -28.0000
v 14.0000 -0.8000 -28.0000
v 16.0000 -0.8000 -28.0000
v 18.0000 -0.8000 -28.0000
v 20.0000 -0.8000 -28.0000
v 22.0000 -0.8000 -28.0000
v 24.0000 -0.8000 -28.0000
v 26.0000 -0.8000 -28.0000
v 28.0000 -0.8000 -28.0000
v 30.0000 -0.8000 -28.0000
v 32.0000 -0.8000 -28.0000
v 34.0000 -0.8000 -28.0000
v 36.0000 -0.8000 -28.0000
v 38.0000 -0.8000 -28.0000
v 40.0000 -0.8000 -28.0000
v 42.0000 -0.8000 -28.0000
v 44.0000 -0.8000 -28.0000
v 46.0000 -0.8000 -28.0000
v 48.0000 -0.8000 -28.0000
v 50.0000 -0.8000 -28.0000
v 52.0000 -0.8000 -28.0000
v 54.0000 -0.8000 -28.0000
v 56.0000 -0.8000 -28.0000
v 58.0000 -0.8000 -28.0000
v 60.0000 -0.8000 -28.0000
v 62.0000 -0.8000 -28.0000
v 64.0000 -0.8000 -28.0000
v 66.0000 -0.8000 -28.0000
v 68.0000 -0.8000 -28.0000
v 70.0000 -0.8000 -28.0000
v 72.0000 -0.8000 -28.0000
v -72.0000 -0.8000 -26.0000
v -70.0000 -0.8000 -26.0000
v -68.0000 -0.8000 -26.0000
v -66.0000 -0.8000 -26.0000
v -64.0000 -0.8000 -26.0000
v -62.0000 -0.8000 -26.0000
v -60.0000 -0.8000 -26.0000
v -58.0000 -0.8000 -26.0000
v -56.0000 -0.8000 -26.0000
v -54.0000 -0.8000 -26.0000
v -52.0000 -0.8000 -26.0000
v -50.0000 -0.8000 -26.0000
v -48.0000 -0.8000 -26.0000
v -46.0000 -0.8000 -26.0000
v -44.0000 -0.8000 -26.0000
v -42.0000 -0.8000 -26.0000
v -40.0000 -0.8000 -26.0000
v -38.0000 -0.8000 -26.0000
v -36.0000 -0.8000 -26.0000
v -34.0000 -0.8000 -26.0000
v -32.0000 -0.8000 -26.0000
v -30.0000 -0.8000 -26.0000
v -28.0000 -0.8000 -26.0000
v -26.0000 -0.8000 -26.0000
v -24.0000 -0.8000 -26.0000
v -22.0000 -0.8000 -26.0000
v -20.0000 -0.8000 -26.0000
v -18.0000 -0.8000 -26.0000
v -16.0000 -0.8000 -26.0000
v -14.0000 -0.8000 -26.0000
v -12.0000 -0.8000 -26.0000
v -10.0000 -0.8000 -26.0000
v -8.0000 -0.8000 -26.0000
v -6.0000 -0.8000 -26.0000
v -4.0000 -0.8000 -26.0000
v -2.0000 -0.8000 -26.0000
v 0.0000 -0.8000 -26.0000
v 2.0000 -0.8000 -26.0000
v 4.0000 -0.8000 -26.0000
v 6.0000 -0.8000 -26.0000
v 8.0000 -0.8000 -26.0000
v 10.0000 -0.8000 -26.0000
v 12.0000 -0.8000 -26.0000
v 14.0000 -0.8000 -26.0000
v 16.0000 -0.8000 -26.0000
v 18.0000 -0.8000 -26.0000
v 20.0000 -0.8000 -26.0000
v 22.0000 -0.8000 -26.0000
v 24.0000 -0.8000 -26.0000
v 26.0000 -0.8000 -26.0000
v 28.0000 -0.8000 -26.0000
v 30.0000 -0.8000 -26.0000
v 32.0000 -0.8000 -26.0000
v 34.0000 -0.8000 -26.0000
v 36.0000 -0.8000 -26.0000
v 38.0000 -0.8000 -26.0000
v 40.0000 -0.8000 -26.0000
v 42.0000 -0.8000 -26.0000
v 44.0000 -0.8000 -26.0000
v 46.0000 -0.8000 -26.0000
v 48.0000 -0.8000 -26.0000
v 50.0000 -0.8000 -26.0000
v 52.0000 -0.8000 -26.0000
v 54.0000 -0.8000 -26.0000
v 56.0000 -0.8000 -26.0000
v 58.0000 -0.8000 -26.0000
v 60.0000 -0.8000 -26.0000
v 62.0000 -0.8000 -26.0000
v 64.0000 -0.8000 -26.0000
v 66.0000 -0.8000 -26.0000
v 68.0000 -0.8000 -26.0000
v 70.0000 -0.8000 -26.0000
v 72.0000 -0.8000 -26.0000
v -72.0000 -0.8000 -24.0000
v -70.0000 -0.8000 -24.0000
v -68.0000 -0.8000 -24.0000
v -66.0000 -0.8000 -24.0000
v -64.0000 -0.8000 -24.0000
v -62.0000 -0.8000 -24.0000
v -60.0000 -0.8000 -24.0000
v -58.0000 -0.8000 -24.0000
v -56.0000 -0.8000 -24.0000
v -54.0000 -0.8000 -24.0000
v -52.0000 -0.8000 -24.0000
v -50.0000 -0.8000 -24.0000
v -48.0000 -0.8000 -24.0000
v -46.0000 -0.8000 -24.0000
v -44.0000 -0.8000 -24.0000
v -42.0000 -0.8000 -24.0000
v -40.0000 -0.8000 -24.0000
v -38.0000 -0.8000 -24.0000
v -36.0000 -0.8000 -24.0000
v -34.0000 -0.8000 -24.0000
v -32.0000 -0.8000 -24.0000
v -30.0000 -0.8000 -24.0000
v -28.0000 -0.8000 -24.0000
v -26.0000 -0.8000 -24.0000
v -24.0000 -0.8000 -24.0000
v -22.0000 -0.8000 -24.0000
v -20.0000 -0.8000 -24.0000
v -18.0000 -0.8000 -24.0000
v -16.0000 -0.8000 -24.0000
v -14.0000 -0.8000 -24.0000
v -12.0000 -0.8000 -24.0000
v -10.0000 -0.8000 -24.0000
v -8.0000 -0.8000 -24.0000
v -6.0000 -0.8000 -24.0000
v -4.0000 -0.8000 -24.0000
v -2.0000 -0.8000 -24.0000
v 0.0000 -0.8000 -24.0000
v 2.0000 -0.8000 -24.0000
v 4.0000 -0.8000 -24.0000
v 6.0000 -0.8000 -24.0000
v 8.0000 -0.8000 -24.0000
v 10.0000 -0.8000 -24.0000
v 12.0000 -0.8000 -24.0000
v 14.0000 -0.8000 -24.0000
v 16.0000 -0.8000 -24.0000
v 18.0000 -0.8000 -24.0000
v 20.0000 -0.8000 -24.0000
v 22.0000 -0.8000 -24.0000
v 24.0000 -0.8000 -24.0000
v 26.0000 -0.8000 -24.0000
v 28.0000 -0.8000 -24.0000
v 30.0000 -0.8000 -24.0000
v 32.0000 -0.8000 -24.0000
v 34.0000 -0.8000 -24.0000
v 36.0000 -0.8000 -24.0000
v 38.0000 -0.8000 -24.0000
v 40.0000 -0.8000 -24.0000
v 42.0000 -0.8000 -24.0000
v 44.0000 -0.8000 -24.0000
v 46.0000 -0.8000 -24.0000
v 48.0000 -0.8000 -24.0000
v 50.0000 -0.8000 -24.0000
v 52.0000 -0.8000 -24.0000
v 54.0000 -0.8000 -24.0000
v 56.0000 -0.8000 -24.0000
v 58.0000 -0.8000 -24.0000
v 60.0000 -0.8000 -24.0000
v 62.0000 -0.8000 -24.0000
v 64.0000 -0.8000 -24.0000
v 66.0000 -0.8000 -24.0000
v 68.0000 -0.8000 -24.0000
v 70.0000 -0.8000 -24.0000
v 72.0000 -0.8000 -24.0000
v -72.0000 -0.8000 -22.0000
v -70.0000 -0.8000 -22.0000
v -68.0000 -0.8000 -22.0000
v -66.0000 -0.8000 -22.0000
v -64.0000 -0.8000 -22.0000
v -62.0000 -0.8000 -22.0000
v -60.0000 -0.8000 -22.0000
v -58.0000 -0.8000 -22.0000
v -56.0000 -0.8000 -22.0000
v -54.0000 -0.8000 -22.0000
v -52.0000 -0.8000 -22.0000
v -50.0000 -0.8000 -22.0000
v -48.0000 -0.8000 -22.0000
v -46.0000 -0.8000 -22.0000
v -44.0000 -0.8000 -22.0000
v -42.0000 -0.8000 -22.0000
v -40.0000 -0.8000 -22.0000
v -38.0000 -0.8000 -22.0000
v -36.0000 -0.8000 -22.0000
v -34.0000 -0.8000 -22.0000
v -32.0000 -0.8000 -22.0000
v -30.0000 -0.8000 -22.0000
v -28.0000 -0.8000 -22.0000
v -26.0000 -0.8000 -22.0000
v -24.0000 -0.8000 -22.0000
v -22.0000 -0.8000 -22.0000
v -20.0000 -0.8000 -22.0000
v -18.0000 -0.8000 -22.0000
v -16.0000 -0.8000 -22.0000
v -14.0000 -0.8000 -22.0000
v -12.0000 -0.8000 -22.0000
v -10.0000 -0.8000 -22.0000
v -8.0000 -0.8000 -22.0000
v -6.0000 -0.8000 -22.0000
v -4.0000 -0.8000 -22.0000
v -2.0000 -0.8000 -22.0000
v 0.0000 -0.8000 -22.0000
v 2.0000 -0.8000 -22.0000
v 4.0000 -0.8000 -22.0000
v 6.0000 -0.8000 -22.0000
v 8.0000 -0.8000 -22.0000
v 10.0000 -0.8000 -22.0000
v 12.0000 -0.8000 -22.0000
v 14.0000 -0.8000 -22.0000
v 16.0000 -0.8000 -22.0000
v 18.0000 -0.8000 -22.0000
v 20.0000 -0.8000 -22.0000
v 22.0000 -0.8000 -22.0000
v 24.0000 -0.8000 -22.0000
v 26.0000 -0.8000 -22.0000
v 28.0000 -0.8000 -22.0000
v 30.0000 -0.8000 -22.0000
v 32.0000 -0.8000 -22.0000
v 34.0000 -0.8000 -22.0000
v 36.0000 -0.8000 -22.0000
v 38.0000 -0.8000 -22.0000
v 40.0000 -0.8000 -22.0000
v 42.0000 -0.8000 -22.0000
v 44.0000 -0.8000 -22.0000
v 46.0000 -0.8000 -22.0000
v 48.0000 -0.8000 -22.0000
v 50.0000 -0.8000 -22.0000
v 52.0000 -0.8000 -22.0000
v 54.0000 -0.8000 -22.0000
v 56.0000 -0.8000 -22.0000
v 58.0000 -0.8000 -22.0000
v 60.0000 -0.8000 -22.0000
v 62.0000 -0.8000 -22.0000
v 64.0000 -0.8000 -22.0000
v 66.0000 -0.8000 -22.0000
v 68.0000 -0.8000 -22.0000
v 70.0000 -0.8000 -22.0000
v 72.0000 -0.8000 -22.0000
v -72.0000 -0.8000 -20.0000
v -70.0000 -0.8000 -20.0000
v -68.0000 -0.8000 -20.0000
v -66.0000 -0.8000 -20.0000
v -64.0000 -0.8000 -20.0000
v -62.0000 -0.8000 -20.0000
v -60.0000 -0.8000 -20.0000
v -58.0000 -0.8000 -20.0000
v -56.0000 -0.8000 -20.0000
v -54.0000 -0.8000 -20.0000
v -52.0000 -0.8000 -20.0000
v -50.0000 -0.8000 -20.0000
v -48.0000 -0.8000 -20.0000
v -46.0000 -0.8000 -20.0000
v -44.0000 -0.8000 -20.0000
v -42.0000 -0.8000 -20.0000
v -40.0000 -0.8000 -20.0000
v -38.0000 -0.8000 -20.0000
v -36.0000 -0.8000 -20.0000
v -34.0000 -0.8000 -20.0000
v -32.0000 -0.8000 -20.0000
v -30.0000 -0.8000 -20.0000
v -28.0000 -0.8000 -20.0000
v -26.0000 -0.8000 -20.0000
v -24.0000 -0.8000 -20.0000
v -22.0000 -0.8000 -20.0000
v -20.0000 -0.8000 -20.0000
v -18.0000 -0.8000 -20.0000
v -16.0000 -0.8000 -20.0000
v -14.0000 -0.8000 -20.0000
v -12.0000 -0.8000 -20.0000
v -10.0000 -0.8000 -20.0000
v -8.0000 -0.8000 -20.0000
v -6.0000 -0.8000 -20.0000
v -4.0000 -0.8000 -20.0000
v -2.0000 -0.8000 -20.0000
v 0.0000 -0.8000 -20.0000
v 2.0000 -0.8000 -20.0000
v 4.0000 -0.8000 -20.0000
v 6.0000 -0.8000 -20.0000
v 8.0000 -0.8000 -20.0000
v 10.0000 -0.8000 -20.0000
v 12.0000 -0.8000 -20.0000
v 14.0000 -0.8000 -20.0000
v 16.0000 -0.8000 -20.0000
v 18.0000 -0.8000 -20.0000
v 20.0000 -0.8000 -20.0000
v 22.0000 -0.8000 -20.0000
v 24.0000 -0.8000 -20.0000
v 26.0000 -0.8000 -20.0000
v 28.0000 -0.8000 -20.0000
v 30.0000 -0.8000 -20.0000
v 32.0000 -0.8000 -20.0000
v 34.0000 -0.8000 -20.0000
v 36.0000 -0.8000 -20.0000
v 38.0000 -0.8000 -20.0000
v 40.0000 -0.8000 -20.0000
v 42.0000 -0.8000 -20.0000
v 44.0000 -0.8000 -20.0000
v 46.0000 -0.8000 -20.0000
v 48.0000 -0.8000 -20.0000
v 50.0000 -0.8000 -20.0000
v 52.0000 -0.8000 -20.0000
v 54.0000 -0.8000 -20.0000
v 56.0000 -0.8000 -20.0000
v 58.0000 -0.8000 -20.0000
v 60.0000 -0.8000 -20.0000
v 62.0000 -0.8000 -20.0000
v 64.0000 -0.8000 -20.0000
v 66.0000 -0.8000 -20.0000
v 68.0000 -0.8000 -20.0000
v 70.0000 -0.8000 -20.0000
v 72.0000 -0.8000 -20.0000
v -72.0000 -0.8000 -18.0000
v -70.0000 -0.8000 -18.0000
v -68.0000 -0.8000 -18.0000
v -66.0000 -0.8000 -18.0000
v -64.0000 -0.8000 -18.0000
v -62.0000 -0.8000 -18.0000
v -60.0000 -0.8000 -18.0000
v -58.0000 -0.8000 -18.0000
v -56.0000 -0.8000 -18.0000
v -54.0000 -0.8000 -18.0000
v -52.0000 -0.8000 -18.0000
v -50.0000 -0.8000 -18.0000
v -48.0000 -0.8000 -18.0000
v -46.0000 -0.8000 -18.0000
v -44.0000 -0.8000 -18.0000
v -42.0000 -0.8000 -18.0000
v -40.0000 -0.8000 -18.0000
v -38.0000 -0.8000 -18.0000
v -36.0000 -0.8000 -18.0000
v -34.0000 -0.8000 -18.0000
v -32.0000 -0.8000 -18.0000
v -30.0000 -0.8000 -18.0000
v -28.0000 -0.8000 -18.0000
v -26.0000 -0.8000 -18.0000
v -24.0000 -0.8000 -18.0000
v -22.0000 -0.8000 -18.0000
v -20.0000 -0.8000 -18.0000
v -18.0000 -0.8000 -18.0000
v -16.0000 -0.8000 -18.0000
v -14.0000 -0.8000 -18.0000
v -12.0000 -0.8000 -18.0000
v -10.0000 -0.8000 -18.0000
v -8.0000 -0.8000 -18.0000
v -6.0000 -0.8000 -18.0000
v -4.0000 -0.8000 -18.0000
v -2.0000 -0.8000 -18.0000
v 0.0000 -0.8000 -18.0000
v 2.0000 -0.8000 -18.0000
v 4.0000 -0.8000 -18.0000
v 6.0000 -0.8000 -18.0000
v 8.0000 -0.8000 -18.0000
v 10.0000 -0.8000 -18.0000
v 12.0000 -0.8000 -18.0000
v 14.0000 -0.8000 -18.0000
v 16.0000 -0.8000 -18.0000
v 18.0000 -0.8000 -18.0000
v 20.0000 -0.8000 -18.0000
v 22.0000 -0.8000 -18.0000
v 24.0000 -0.8000 -18.0000
v 26.0000 -0.8000 -18.0000
v 28.0000 -0.8000 -18.0000
v 30.0000 -0.8000 -18.0000
v 32.0000 -0.8000 -18.0000
v 34.0000 -0.8000 -18.0000
v 36.0000 -0.8000 -18.0000
v 38.0000 -0.8000 -18.0000
v 40.0000 -0.8000 -18.0000
v 42.0000 -0.8000 -18.0000
v 44.0000 -0.8000 -18.0000
v 46.0000 -0.8000 -18.0000
v 48.0000 -0.8000 -18.0000
v 50.0000 -0.8000 -18.0000
v 52.0000 -0.8000 -18.0000
v 54.0000 -0.8000 -18.0000
v 56.0000 -0.8000 -18.0000
v 58.0000 -0.8000 -18.0000
v 60.0000 -0.8000 -18.0000
v 62.0000 -0.8000 -18.0000
v 64.0000 -0.8000 -18.0000
v 66.0000 -0.8000 -18.0000
v 68.0000 -0.8000 -18.0000
v 70.0000 -0.8000 -18.0000
v 72.0000 -0.8000 -18.0000
v -72.0000 -0.8000 -16.0000
v -70.0000 -0.8000 -16.0000
v -68.0000 -0.8000 -16.0000
v -66.0000 -0.8000 -16.0000
v -64.0000 -0.8000 -16.0000
v -62.0000 -0.8000 -16.0000
v -60.0000 -0.8000 -16.0000
v -58.0000 -0.8000 -16.0000
v -56.0000 -0.8000 -16.0000
v -54.0000 -0.8000 -16.0000
v -52.0000 -0.8000 -16.0000
v -50.0000 -0.8000 -16.0000
v -48.0000 -0.8000 -16.0000
v -46.0000 -0.8000 -16.0000
v -44.0000 -0.8000 -16.0000
v -42.0000 -0.8000 -16.0000
v -40.0000 -0.8000 -16.0000
v -38.0000 -0.8000 -16.0000
v -36.0000 -0.8000 -16.0000
v -34.0000 -0.8000 -16.0000
v -32.0000 -0.8000 -16.0000
v -30.0000 -0.8000 -16.0000
v -28.0000 -0.8000 -16.0000
v -26.0000 -0.8000 -16.0000
v -24.0000 -0.8000 -16.0000
v -22.0000 -0.8000 -16.0000
v -20.0000 -0.8000 -16.0000
v -18.0000 -0.8000 -16.0000
v -16.0000 -0.8000 -16.0000
v -14.0000 -0.8000 -16.0000
v -12.0000 -0.8000 -16.0000
v -10.0000 -0.8000 -16.0000
v -8.0000 -0.8000 -16.0000
v -6.0000 -0.8000 -16.0000
v -4.0000 -0.8000 -16.0000
v -2.0000 -0.8000 -16.0000
v 0.0000 -0.8000 -16.0000
v 2.0000 -0.8000 -16.0000
v 4.0000 -0.8000 -16.0000
v 6.0000 -0.8000 -16.0000
v 8.0000 -0.8000 -16.0000
v 10.0000 -0.8000 -16.0000
v 12.0000 -0.8000 -16.0000
v 14.0000 -0.8000 -16.0000
v 16.0000 -0.8000 -16.0000
v 18.0000 -0.8000 -16.0000
v 20.0000 -0.8000 -16.0000
v 22.0000 -0.8000 -16.0000
v 24.0000 -0.8000 -16.0000
v 26.0000 -0.8000 -16.0000
v 28.0000 -0.8000 -16.0000
v 30.0000 -0.8000 -16.0000
v 32.0000 -0.8000 -16.0000
v 34.0000 -0.8000 -16.0000
v 36.0000 -0.8000 -16.0000
v 38.0000 -0.8000 -16.0000
v 40.0000 -0.8000 -16.0000
v 42.0000 -0.8000 -16.0000
v 44.0000 -0.8000 -16.0000
v 46.0000 -0.8000 -16.0000
v 48.0000 -0.8000 -16.0000
v 50.0000 -0.8000 -16.0000
v 52.0000 -0.8000 -16.0000
v 54.0000 -0.8000 -16.0000
v 56.0000 -0.8000 -16.0000
v 58.0000 -0.8000 -16.0000
v 60.0000 -0.8000 -16.0000
v 62.0000 -0.8000 -16.0000
v 64.0000 -0.8000 -16.0000
v 66.0000 -0.8000 -16.0000
v 68.0000 -0.8000 -16.0000
v 70.0000 -0.8000 -16.0000
v 72.0000 -0.8000 -16.0000
v -72.0000 -0.8000 -14.0000
v -70.0000 -0.8000 -14.0000
v -68.0000 -0.8000 -14.0000
v -66.0000 -0.8000 -14.0000
v -64.0000 -0.8000 -14.0000
v -62.0000 -0.8000 -14.0000
v -60.0000 -0.8000 -14.0000
v -58.0000 -0.8000 -14.0000
v -56.0000 -0.8000 -14.0000
v -54.0000 -0.8000 -14.0000
v -52.0000 -0.8000 -14.0000
v -50.0000 -0.8000 -14.0000
v -48.0000 -0.8000 -14.0000
v -46.0000 -0.8000 -14.0000
v -44.0000 -0.8000 -14.0000
v -42.0000 -0.8000 -14.0000
v -40.0000 -0.8000 -14.0000
v -38.0000 -0.8000 -14.0000
v -36.0000 -0.8000 -14.0000
v -34.0000 -0.8000 -14.0000
v -32.0000 -0.8000 -14.0000
v -30.0000 -0.8000 -14.0000
v -28.0000 -0.8000 -14.0000
v -26.0000 -0.8000 -14.0000
v -24.0000 -0.8000 -14.0000
v -22.0000 -0.8000 -14.0000
v -20.0000 -0.8000 -14.0000
v -18.0000 -0.8000 -14.0000
v -16.0000 -0.8000 -14.0000
v -14.0000 -0.8000 -14.0000
v -12.0000 -0.8000 -14.0000
v -10.0000 -0.8000 -14.0000
v -8.0000 -0.8000 -14.0000
v -6.0000 -0.8000 -14.0000
v -4.0000 -0.8000 -14.0000
v -2.0000 -0.8000 -14.0000
v 0.0000 -0.8000 -14.0000
v 2.0000 -0.8000 -14.0000
v 4.0000 -0.8000 -14.0000
v 6.0000 -0.8000 -14.0000
v 8.0000 -0.8000 -14.0000
v 10.0000 -0.8000 -14.0000
v 12.0000 -0.8000 -14.0000
v 14.0000 -0.8000 -14.0000
v 16.0000 -0.8000 -14.0000
v 18.0000 -0.8000 -14.0000
v 20.0000 -0.8000 -14.0000
v 22.0000 -0.8000 -14.0000
v 24.0000 -0.8000 -14.0000
v 26.0000 -0.8000 -14.0000
v 28.0000 -0.8000 -14.0000
v 30.0000 -0.8000 -14.0000
v 32.0000 -0.8000 -14.0000
v 34.0000 -0.8000 -14.0000
v 36.0000 -0.8000 -14.0000
v 38.0000 -0.8000 -14.0000
v 40.0000 -0.8000 -14.0000
v 42.0000 -0.8000 -14.0000
v 44.0000 -0.8000 -14.0000
v 46.0000 -0.8000 -14.0000
v 48.0000 -0.8000 -14.0000
v 50.0000 -0.8000 -14.0000
v 52.0000 -0.8000 -14.0000
v 54.0000 -0.8000 -14.0000
v 56.0000 -0.8000 -14.0000
v 58.0000 -0.8000 -14.0000
v 60.0000 -0.8000 -14.0000
v 62.0000 -0.8000 -14.0000
v 64.0000 -0.8000 -14.0000
v 66.0000 -0.8000 -14.0000
v 68.0000 -0.8000 -14.0000
v 70.0000 -0.8000 -14.0000
v 72.0000 -0.8000 -14.0000
v -72.0000 -0.8000 -12.0000
v -70.0000 -0.8000 -12.0000
v -68.0000 -0.8000 -12.0000
v -66.0000 -0.8000 -12.0000
v -64.0000 -0.8000 -12.0000
v -62.0000 -0.8000 -12.0000
v -60.0000 -0.8000 -12.0000
v -58.0000 -0.8000 -12.0000
v -56.0000 -0.8000 -12.0000
v -54.0000 -0.8000 -12.0000
v -52.0000 -0.8000 -12.0000
v -50.0000 -0.8000 -12.0000
v -48.0000 -0.8000 -12.0000
v -46.0000 -0.8000 -12.0000
v -44.0000 -0.8000 -12.0000
v -42.0000 -0.8000 -12.0000
v -40.0000 -0.8000 -12.0000
v -38.0000 -0.8000 -12.0000
v -36.0000 -0.8000 -12.0000
v -34.0000 -0.8000 -12.0000
v -32.0000 -0.8000 -12.0000
v -30.0000 -0.8000 -12.0000
v -28.0000 -0.8000 -12.0000
v -26.0000 -0.8000 -12.0000
v -24.0000 -0.8000 -12.0000
v -22.0000 -0.8000 -12.0000
v -20.0000 -0.8000 -12.0000
v -18.0000 -0.8000 -12.0000
v -16.0000 -0.8000 -12.0000
v -14.0000 -0.8000 -12.0000
v -12.0000 -0.8000 -12.0000
v -10.0000 -0.8000 -12.0000
v -8.0000 -0.8000 -12.0000
v -6.0000 -0.8000 -12.0000
v -4.0000 -0.8000 -12.0000
v -2.0000 -0.8000 -12.0000
v 0.0000 -0.8000 -12.0000
v 2.0000 -0.8000 -12.0000
v 4.0000 -0.8000 -12.0000
v 6.0000 -0.8000 -12.0000
v 8.0000 -0.8000 -12.0000
v 10.0000 -0.8000 -12.0000
v 12.0000 -0.8000 -12.0000
v 14.0000 -0.8000 -12.0000
v 16.0000 -0.8000 -12.0000
v 18.0000 -0.8000 -12.0000
v 20.0000 -0.8000 -12.0000
v 22.0000 -0.8000 -12.0000
v 24.0000 -0.8000 -12.0000
v 26.0000 -0.8000 -12.0000
v 28.0000 -0.8000 -12.0000
v 30.0000 -0.8000 -12.0000
v 32.0000 -0.8000 -12.0000
v 34.0000 -0.8000 -12.0000
v 36.0000 -0.8000 -12.0000
v 38.0000 -0.8000 -12.0000
v 40.0000 -0.8000 -12.0000
v 42.0000 -0.8000 -12.0000
v 44.0000 -0.8000 -12.0000
v 46.0000 -0.8000 -12.0000
v 48.0000 -0.8000 -12.0000
v 50.0000 -0.8000 -12.0000
v 52.0000 -0.8000 -12.0000
v 54.0000 -0.8000 -12.0000
v 56.0000 -0.8000 -12.0000
v 58.0000 -0.8000 -12.0000
v 60.0000 -0.8000 -12.0000
v 62.0000 -0.8000 -12.0000
v 64.0000 -0.8000 -12.0000
v 66.0000 -0.8000 -12.0000
v 68.0000 -0.8000 -12.0000
v 70.0000 -0.8000 -12.0000
v 72.0000 -0.8000 -12.0000
v -72.0000 -0.8000 -10.0000
v -70.0000 -0.8000 -10.0000
v -68.0000 -0.8000 -10.0000
v -66.0000 -0.8000 -10.0000
v -64.0000 -0.8000 -10.0000
v -62.0000 -0.8000 -10.0000
v -60.0000 -0.8000 -10.0000
v -58.0000 -0.8000 -10.0000
v -56.0000 -0.8000 -10.0000
v -54.0000 -0.8000 -10.0000
v -52.0000 -0.8000 -10.0000
v -50.0000 -0.8000 -10.0000
v -48.0000 -0.8000 -10.0000
v -46.0000 -0.8000 -10.0000
v -44.0000 -0.8000 -10.0000
v -42.0000 -0.8000 -10.0000
v -40.0000 -0.8000 -10.0000
v -38.0000 -0.8000 -10.0000
v -36.0000 -0.8000 -10.0000
v -34.0000 -0.8000 -10.0000
v -32.0000 -0.8000 -10.0000
v -30.0000 -0.8000 -10.0000
v -28.0000 -0.8000 -10.0000
v -26.0000 -0.8000 -10.0000
v -24.0000 -0.8000 -10.0000
v -22.0000 -0.8000 -10.0000
v -20.0000 -0.8000 -10.0000
v -18.0000 -0.8000 -10.0000
v -16.0000 -0.8000 -10.0000
v -14.0000 -0.8000 -10.0000
v -12.0000 -0.8000 -10.0000
v -10.0000 -0.8000 -10.0000
v -8.0000 -0.8000 -10.0000
v -6.0000 -0.8000 -10.0000
v -4.0000 -0.8000 -10.0000
v -2.0000 -0.8000 -10.0000
v 0.0000 -0.8000 -10.0000
v 2.0000 -0.8000 -10.0000
v 4.0000 -0.8000 -10.0000
v 6.0000 -0.8000 -10.0000
v 8.0000 -0.8000 -10.0000
v 10.0000 -0.8000 -10.0000
v 12.0000 -0.8000 -10.0000
v 14.0000 -0.8000 -10.0000
v 16.0000 -0.8000 -10.0000
v 18.0000 -0.8000 -10.0000
v 20.0000 -0.8000 -10.0000
v 22.0000 -0.8000 -10.0000
v 24.0000 -0.8000 -10.0000
v 26.0000 -0.8000 -10.0000
v 28.0000 -0.8000 -10.0000
v 30.0000 -0.8000 -10.0000
v 32.0000 -0.8000 -10.0000
v 34.0000 -0.8000 -10.0000
v 36.0000 -0.8000 -10.0000
v 38.0000 -0.8000 -10.0000
v 40.0000 -0.8000 -10.0000
v 42.0000 -0.8000 -10.0000
v 44.0000 -0.8000 -10.0000
v 46.0000 -0.8000 -10.0000
v 48.0000 -0.8000 -10.0000
v 50.0000 -0.8000 -10.0000
v 52.0000 -0.8000 -10.0000
v 54.0000 -0.8000 -10.0000
v 56.0000 -0.8000 -10.0000
v 58.0000 -0.8000 -10.0000
v 60.0000 -0.8000 -10.0000
v 62.0000 -0.8000 -10.0000
v 64.0000 -0.8000 -10.0000
v 66.0000 -0.8000 -10.0000
v 68.0000 -0.8000 -10.0000
v 70.0000 -0.8000 -10.0000
v 72.0000 -0.8000 -10.0000
v -72.0000 -0.8000 -8.0000
v -70.0000 -0.8000 -8.0000
v -68.0000 -0.8000 -8.0000
v -66.0000 -0.8000 -8.0000
v -64.0000 -0.8000 -8.0000
v -62.0000 -0.8000 -8.0000
v -60.0000 -0.8000 -8.0000
v -58.0000 -0.8000 -8.0000
v -56.0000 -0.8000 -8.0000
v -54.0000 -0.8000 -8.0000
v -52.0000 -0.8000 -8.0000
v -50.0000 -0.8000 -8.0000
v -48.0000 -0.8000 -8.0000
v -46.0000 -0.8000 -8.0000
v -44.0000 -0.8000 -8.0000
v -42.0000 -0.8000 -8.0000
v -40.0000 -0.8000 -8.0000
v -38.0000 -0.8000 -8.0000
v -36.0000 -0.8000 -8.0000
v -34.0000 -0.8000 -8.0000
v -32.0000 -0.8000 -8.0000
v -30.0000 -0.8000 -8.0000
v -28.0000 -0.8000 -8.0000
v -26.0000 -0.8000 -8.0000
v -24.0000 -0.8000 -8.0000
v -22.0000 -0.8000 -8.0000
v -20.0000 -0.8000 -8.0000
v -18.0000 -0.8000 -8.0000
v -16.0000 -0.8000 -8.0000
v -14.0000 -0.8000 -8.0000
v -12.0000 -0.8000 -8.0000
v -10.0000 -0.8000 -8.0000
v -8.0000 -0.8000 -8.0000
v -6.0000 -0.8000 -8.0000
v -4.0000 -0.8000 -8.0000
v -2.0000 -0.8000 -8.0000
v 0.0000 -0.8000 -8.0000
v 2.0000 -0.8000 -8.0000
v 4.0000 -0.8000 -8.0000
v 6.0000 -0.8000 -8.0000
v 8.0000 -0.8000 -8.0000
v 10.0000 -0.8000 -8.0000
v 12.0000 -0.8000 -8.0000
v 14.0000 -0.8000 -8.0000
v 16.0000 -0.8000 -8.0000
v 18.0000 -0.8000 -8.0000
v 20.0000 -0.8000 -8.0000
v 22.0000 -0.8000 -8.0000
v 24.0000 -0.8000 -8.0000
v 26.0000 -0.8000 -8.0000
v 28.0000 -0.8000 -8.0000
v 30.0000 -0.8000 -8.0000
v 32.0000 -0.8000 -8.0000
v 34.0000 -0.8000 -8.0000
v 36.0000 -0.8000 -8.0000
v 38.0000 -0.8000 -8.0000
v 40.0000 -0.8000 -8.0000
v 42.0000 -0.8000 -8.0000
v 44.0000 -0.8000 -8.0000
v 46.0000 -0.8000 -8.0000
v 48.0000 -0.8000 -8.0000
v 50.0000 -0.8000 -8.0000
v 52.0000 -0.8000 -8.0000
v 54.0000 -0.8000 -8.0000
v 56.0000 -0.8000 -8.0000
v 58.0000 -0.8000 -8.0000
v 60.0000 -0.8000 -8.0000
v 62.0000 -0.8000 -8.0000
v 64.0000 -0.8000 -8.0000
v 66.0000 -0.8000 -8.0000
v 68.0000 -0.8000 -8.0000
v 70.0000 -0.8000 -8.0000
v 72.0000 -0.8000 -8.0000
v -72.0000 -0.8000 -6.0000
v -70.0000 -0.8000 -6.0000
v -68.0000 -0.8000 -6.0000
v -66.0000 -0.8000 -6.0000
v -64.0000 -0.8000 -6.0000
v -62.0000 -0.8000 -6.0000
v -60.0000 -0.8000 -6.0000
v -58.0000 -0.8000 -6.0000
v -56.0000 -0.8000 -6.0000
v -54.0000 -0.8000 -6.0000
v -52.0000 -0.8000 -6.0000
v -50.0000 -0.8000 -6.0000
v -48.0000 -0.8000 -6.0000
v -46.0000 -0.8000 -6.0000
v -44.0000 -0.8000 -6.0000
v -42.0000 -0.8000 -6.0000
v -40.0000 -0.8000 -6.0000
v -38.0000 -0.8000 -6.0000
v -36.0000 -0.8000 -6.0000
v -34.0000 -0.8000 -6.0000
v -32.0000 -0.8000 -6.0000
v -30.0000 -0.8000 -6.0000
v -28.0000 -0.8000 -6.0000
v -26.0000 -0.8000 -6.0000
v -24.0000 -0.8000 -6.0000
v -22.0000 -0.8000 -6.0000
v -20.0000 -0.8000 -6.0000
v -18.0000 -0.8000 -6.0000
v -16.0000 -0.8000 -6.0000
v -14.0000 -0.8000 -6.0000
v -12.0000 -0.8000 -6.0000
v -10.0000 -0.8000 -6.0000
v -8.0000 -0.8000 -6.0000
v -6.0000 -0.8000 -6.0000
v -4.0000 -0.8000 -6.0000
v -2.0000 -0.8000 -6.0000
v 0.0000 -0.8000 -6.0000
v 2.0000 -0.8000 -6.0000
v 4.0000 -0.8000 -6.0000
v 6.0000 -0.8000 -6.0000
v 8.0000 -0.8000 -6.0000
v 10.0000 -0.8000 -6.0000
v 12.0000 -0.8000 -6.0000
v 14.0000 -0.8000 -6.0000
v 16.0000 -0.8000 -6.0000
v 18.0000 -0.8000 -6.0000
v 20.0000 -0.8000 -6.0000
v 22.0000 -0.8000 -6.0000
v 24.0000 -0.8000 -6.0000
v 26.0000 -0.8000 -6.0000
v 28.0000 -0.8000 -6.0000
v 30.0000 -0.8000 -6.0000
v 32.0000 -0.8000 -6.0000
v 34.0000 -0.8000 -6.0000
v 36.0000 -0.8000 -6.0000
v 38.0000 -0.8000 -6.0000
v 40.0000 -0.8000 -6.0000
v 42.0000 -0.8000 -6.0000
v 44.0000 -0.8000 -6.0000
v 46.0000 -0.8000 -6.0000
v 48.0000 -0.8000 -6.0000
v 50.0000 -0.8000 -6.0000
v 52.0000 -0.8000 -6.0000
v 54.0000 -0.8000 -6.0000
v 56.0000 -0.8000 -6.0000
v 58.0000 -0.8000 -6.0000
v 60.0000 -0.8000 -6.0000
v 62.0000 -0.8000 -6.0000
v 64.0000 -0.8000 -6.0000
v 66.0000 -0.8000 -6.0000
v 68.0000 -0.8000 -6.0000
v 70.0000 -0.8000 -6.0000
v 72.0000 -0.8000 -6.0000
v -72.0000 -0.8000 -4.0000
v -70.0000 -0.8000 -4.0000
v -68.0000 -0.8000 -4.0000
v -66.0000 -0.8000 -4.0000
v -64.0000 -0.8000 -4.0000
v -62.0000 -0.8000 -4.0000
v -60.0000 -0.8000 -4.0000
v -58.0000 -0.8000 -4.0000
v -56.0000 -0.8000 -4.0000
v -54.0000 -0.8000 -4.0000
v -52.0000 -0.8000 -4.0000
v -50.0000 -0.8000 -4.0000
v -48.0000 -0.8000 -4.0000
v -46.0000 -0.8000 -4.0000
v -44.0000 -0.8000 -4.0000
v -42.0000 -0.8000 -4.0000
v -40.0000 -0.8000 -4.0000
v -38.0000 -0.8000 -4.0000
v -36.0000 -0.8000 -4.0000
v -34.0000 -0.8000 -4.0000
v -32.0000 -0.8000 -4.0000
v -30.0000 -0.8000 -4.0000
v -28.0000 -0.8000 -4.0000
v -26.0000 -0.8000 -4.0000
v -24.0000 -0.8000 -4.0000
v -22.0000 -0.8000 -4.0000
v -20.0000 -0.8000 -4.0000
v -18.0000 -0.8000 -4.0000
v -16.0000 -0.8000 -4.0000
v -14.0000 -0.8000 -4.0000
v -12.0000 -0.8000 -4.0000
v -10.0000 -0.8000 -4.0000
v -8.0000 -0.8000 -4.0000
v -6.0000 -0.8000 -4.0000
v -4.0000 -0.8000 -4.0000
v -2.0000 -0.8000 -4.0000
v 0.0000 -0.8000 -4.0000
v 2.0000 -0.8000 -4.0000
v 4.0000 -0.8000 -4.0000
v 6.0000 -0.8000 -4.0000
v 8.0000 -0.8000 -4.0000
v 10.0000 -0.8000 -4.0000
v 12.0000 -0.8000 -4.0000
v 14.0000 -0.8000 -4.0000
v 16.0000 -0.8000 -4.0000
v 18.0000 -0.8000 -4.0000
v 20.0000 -0.8000 -4.0000
v 22.0000 -0.8000 -4.0000
v 24.0000 -0.8000 -4.0000
v 26.0000 -0.8000 -4.0000
v 28.0000 -0.8000 -4.0000
v 30.0000 -0.8000 -4.0000
v 32.0000 -0.8000 -4.0000
v 34.0000 -0.8000 -4.0000
v 36.0000 -0.8000 -4.0000
v 38.0000 -0.8000 -4.0000
v 40.0000 -0.8000 -4.0000
v 42.0000 -0.8000 -4.0000
v 44.0000 -0.8000 -4.0000
v 46.0000 -0.8000 -4.0000
v 48.0000 -0.8000 -4.0000
v 50.0000 -0.8000 -4.0000
v 52.0000 -0.8000 -4.0000
v 54.0000 -0.8000 -4.0000
v 56.0000 -0.8000 -4.0000
v 58.0000 -0.8000 -4.0000
v 60.0000 -0.8000 -4.0000
v 62.0000 -0.8000 -4.0000
v 64.0000 -0.8000 -4.0000
v 66.0000 -0.8000 -4.0000
v 68.0000 -0.8000 -4.0000
v 70.0000 -0.8000 -4.0000
v 72.0000 -0.8000 -4.0000
v -72.0000 -0.8000 -2.0000
v -70.0000 -0.8000 -2.0000
v -68.0000 -0.8000 -2.0000
v -66.0000 -0.8000 -2.0000
v -64.0000 -0.8000 -2.0000
v -62.0000 -0.8000 -2.0000
v -60.0000 -0.8000 -2.0000
v -58.0000 -0.8000 -2.0000
v -56.0000 -0.8000 -2.0000
v -54.0000 -0.8000 -2.0000
v -52.0000 -0.8000 -2.0000
v -50.0000 -0.8000 -2.0000
v -48.0000 -0.8000 -2.0000
v -46.0000 -0.8000 -2.0000
v -44.0000 -0.8000 -2.0000
v -42.0000 -0.8000 -2.0000
v -40.0000 -0.8000 -2.0000
v -38.0000 -0.8000 -2.0000
v -36.0000 -0.8000 -2.0000
v -34.0000 -0.8000 -2.0000
v -32.0000 -0.8000 -2.0000
v -30.0000 -0.8000 -2.0000
v -28.0000 -0.8000 -2.0000
v -26.0000 -0.8000 -2.0000
v -24.0000 -0.8000 -2.0000
v -22.0000 -0.8000 -2.0000
v -20.0000 -0.8000 -2.0000
v -18.0000 -0.8000 -2.0000
v -16.0000 -0.8000 -2.0000
v -14.0000 -0.8000 -2.0000
v -12.0000 -0.8000 -2.0000
v -10.0000 -0.8000 -2.0000
v -8.0000 -0.8000 -2.0000
v -6.0000 -0.8000 -2.0000
v -4.0000 -0.8000 -2.0000
v -2.0000 -0.8000 -2.0000
v 0.0000 -0.8000 -2.0000
v 2.0000 -0.8000 -2.0000
v 4.0000 -0.8000 -2.0000
v 6.0000 -0.8000 -2.0000
v 8.0000 -0.8000 -2.0000
v 10.0000 -0.8000 -2.0000
v 12.0000 -0.8000 -2.0000
v 14.0000 -0.8000 -2.0000
v 16.0000 -0.8000 -2.0000
v 18.0000 -0.8000 -2.0000
v 20.0000 -0.8000 -2.0000
v 22.0000 -0.8000 -2.0000
v 24.0000 -0.8000 -2.0000
v 26.0000 -0.8000 -2.0000
v 28.0000 -0.8000 -2.0000
v 30.0000 -0.8000 -2.0000
v 32.0000 -0.8000 -2.0000
v 34.0000 -0.8000 -2.0000
v 36.0000 -0.8000 -2.0000
v 38.0000 -0.8000 -2.0000
v 40.0000 -0.8000 -2.0000
v 42.0000 -0.8000 -2.0000
v 44.0000 -0.8000 -2.0000
v 46.0000 -0.8000 -2.0000
v 48.0000 -0.8000 -2.0000
v 50.0000 -0.8000 -2.0000
v 52.0000 -0.8000 -2.0000
v 54.0000 -0.8000 -2.0000
v 56.0000 -0.8000 -2.0000
v 58.0000 -0.8000 -2.0000
v 60.0000 -0.8000 -2.0000
v 62.0000 -0.8000 -2.0000
v 64.0000 -0.8000 -2.0000
v 66.0000 -0.8000 -2.0000
v 68.0000 -0.8000 -2.0000
v 70.0000 -0.8000 -2.0000
v 72.0000 -0.8000 -2.0000
v -72.0000 -0.8000 0.0000
v -70.0000 -0.8000 0.0000
v -68.0000 -0.8000 0.0000
v -66.0000 -0.8000 0.0000
v -64.0000 -0.8000 0.0000
v -62.0000 -0.8000 0.0000
v -60.0000 -0.8000 0.0000
v -58.0000 -0.8000 0.0000
v -56.0000 -0.8000 0.0000
v -54.0000 -0.8000 0.0000
v -52.0000 -0.8000 0.0000
v -50.0000 -0.8000 0.0000
v -48.0000 -0.8000 0.0000
v -46.0000 -0.8000 0.0000
v -44.0000 -0.8000 0.0000
v -42.0000 -0.8000 0.0000
v -40.0000 -0.8000 0.0000
v -38.0000 -0.8000 0.0000
v -36.0000 -0.8000 0.0000
v -34.0000 -0.8000 0.0000
v -32.0000 -0.8000 0.0000
v -30.0000 -0.8000 0.0000
v -28.0000 -0.8000 0.0000
v -26.0000 -0.8000 0.0000
v -24.0000 -0.8000 0.0000
v -22.0000 -0.8000 0.0000
v -20.0000 -0.8000 0.0000
v -18.0000 -0.8000 0.0000
v -16.0000 -0.8000 0.0000
v -14.0000 -0.8000 0.0000
v -12.0000 -0.8000 0.0000
v -10.0000 -0.8000 0.0000
v -8.0000 -0.8000 0.0000
v -6.0000 -0.8000 0.0000
v -4.0000 -0.8000 0.0000
v -2.0000 -0.8000 0.0000
v 0.0000 -0.8000 0.0000
v 2.0000 -0.8000 0.0000
v 4.0000 -0.8000 0.0000
v 6.0000 -0.8000 0.0000
v 8.0000 -0.8000 0.0000
v 10.0000 -0.8000 0.0000
v 12.0000 -0.8000 0.0000
v 14.0000 -0.8000 0.0000
v 16.0000 -0.8000 0.0000
v 18.0000 -0.8000 0.0000
v 20.0000 -0.8000 0.0000
v 22.0000 -0.8000 0.0000
v 24.0000 -0.8000 0.0000
v 26.0000 -0.8000 0.0000
v 28.0000 -0.8000 0.0000
v 30.0000 -0.8000 0.0000
v 32.0000 -0.8000 0.0000
v 34.0000 -0.8000 0.0000
v 36.0000 -0.8000 0.0000
v 38.0000 -0.8000 0.0000
v 40.0000 -0.8000 0.0000
v 42.0000 -0.8000 0.0000
v 44.0000 -0.8000 0.0000
v 46.0000 -0.8000 0.0000
v 48.0000 -0.8000 0.0000
v 50.0000 -0.8000 0.0000
v 52.0000 -0.8000 0.0000
v 54.0000 -0.8000 0.0000
v 56.0000 -0.8000 0.0000
v 58.0000 -0.8000 0.0000
v 60.0000 -0.8000 0.0000
v 62.0000 -0.8000 0.0000
v 64.0000 -0.8000 0.0000
v 66.0000 -0.8000 0.0000
v 68.0000 -0.8000 0.0000
v 70.0000 -0.8000 0.0000
v 72.0000 -0.8000 0.0000
v -72.0000 -0.8000 2.0000
v -70.0000 -0.8000 2.0000
v -68.0000 -0.8000 2.0000
v -66.0000 -0.8000 2.0000
v -64.0000 -0.8000 2.0000
v -62.0000 -0.8000 2.0000
v -60.0000 -0.8000 2.0000
v -58.0000 -0.8000 2.0000
v -56.0000 -0.8000 2.0000
v -54.0000 -0.8000 2.0000
v -52.0000 -0.8000 2.0000
v -50.0000 -0.8000 2.0000
v -48.0000 -0.8000 2.0000
v -46.0000 -0.8000 2.0000
v -44.0000 -0.8000 2.0000
v -42.0000 -0.8000 2.0000
v -40.0000 -0.8000 2.0000
v -38.0000 -0.8000 2.0000
v -36.0000 -0.8000 2.0000
v -34.0000 -0.8000 2.0000
v -32.0000 -0.8000 2.0000
v -30.0000 -0.8000 2.0000
v -28.0000 -0.8000 2.0000
v -26.0000 -0.8000 2.0000
v -24.0000 -0.8000 2.0000
v -22.0000 -0.8000 2.0000
v -20.0000 -0.8000 2.0000
v -18.0000 -0.8000 2.0000
v -16.0000 -0.8000 2.0000
v -14.0000 -0.8000 2.0000
v -12.0000 -0.8000 2.0000
v -10.0000 -0.8000 2.0000
v -8.0000 -0.8000 2.0000
v -6.0000 -0.8000 2.0000
v -4.0000 -0.8000 2.0000
v -2.0000 -0.8000 2.0000
v 0.0000 -0.8000 2.0000
v 2.0000 -0.8000 2.0000
v 4.0000 -0.8000 2.0000
v 6.0000 -0.8000 2.0000
v 8.0000 -0.8000 2.0000
v 10.0000 -0.8000 2.0000
v 12.0000 -0.8000 2.0000
v 14.0000 -0.8000 2.0000
v 16.0000 -0.8000 2.0000
v 18.0000 -0.8000 2.0000
v 20.0000 -0.8000 2.0000
v 22.0000 -0.8000 2.0000
v 24.0000 -0.8000 2.0000
v 26.0000 -0.8000 2.0000
v 28.0000 -0.8000 2.0000
v 30.0000 -0.8000 2.0000
v 32.0000 -0.8000 2.0000
v 34.0000 -0.8000 2.0000
v 36.0000 -0.8000 2.0000
v 38.0000 -0.8000 2.0000
v 40.0000 -0.8000 2.0000
v 42.0000 -0.8000 2.0000
v 44.0000 -0.8000 2.0000
v 46.0000 -0.8000 2.0000
v 48.0000 -0.8000 2.0000
v 50.0000 -0.8000 2.0000
v 52.0000 -0.8000 2.0000
v 54.0000 -0.8000 2.0000
v 56.0000 -0.8000 2.0000
v 58.0000 -0.8000 2.0000
v 60.0000 -0.8000 2.0000
v 62.0000 -0.8000 2.0000
v 64.0000 -0.8000 2.0000
v 66.0000 -0.8000 2.0000
v 68.0000 -0.8000 2.0000
v 70.0000 -0.8000 2.0000
v 72.0000 -0.8000 2.0000
v -72.0000 -0.8000 4.0000
v -70.0000 -0.8000 4.0000
v -68.0000 -0.8000 4.0000
v -66.0000 -0.8000 4.0000
v -64.0000 -0.8000 4.0000
v -62.0000 -0.8000 4.0000
v -60.0000 -0.8000 4.0000
v -58.0000 -0.8000 4.0000
v -56.0000 -0.8000 4.0000
v -54.0000 -0.8000 4.0000
v -52.0000 -0.8000 4.0000
v -50.0000 -0.8000 4.0000
v -48.0000 -0.8000 4.0000
v -46.0000 -0.8000 4.0000
v -44.0000 -0.8000 4.0000
v -42.0000 -0.8000 4.0000
v -40.0000 -0.8000 4.0000
v -38.0000 -0.8000 4.0000
v -36.0000 -0.8000 4.0000
v -34.0000 -0.8000 4.0000
v -32.0000 -0.8000 4.0000
v -30.0000 -0.8000 4.0000
v -28.0000 -0.8000 4.0000
v -26.0000 -0.8000 4.0000
v -24.0000 -0.8000 4.0000
v -22.0000 -0.8000 4.0000
v -20.0000 -0.8000 4.0000
v -18.0000 -0.8000 4.0000
v -16.0000 -0.8000 4.0000
v -14.0000 -0.8000 4.0000
v -12.0000 -0.8000 4.0000
v -10.0000 -0.8000 4.0000
v -8.0000 -0.8000 4.0000
v -6.0000 -0.8000 4.0000
v -4.0000 -0.8000 4.0000
v -2.0000 -0.8000 4.0000
v 0.0000 -0.8000 4.0000
v 2.0000 -0.8000 4.0000
v 4.0000 -0.8000 4.0000
v 6.0000 -0.8000 4.0000
v 8.0000 -0.8000 4.0000
v 10.0000 -0.8000 4.0000
v 12.0000 -0.8000 4.0000
v 14.0000 -0.8000 4.0000
v 16.0000 -0.8000 4.0000
v 18.0000 -0.8000 4.0000
v 20.0000 -0.8000 4.0000
v 22.0000 -0.8000 4.0000
v 24.0000 -0.8000 4.0000
v 26.0000 -0.8000 4.0000
v 28.0000 -0.8000 4.0000
v 30.0000 -0.8000 4.0000
v 32.0000 -0.8000 4.0000
v 34.0000 -0.8000 4.0000
v 36.0000 -0.8000 4.0000
v 38.0000 -0.8000 4.0000
v 40.0000 -0.8000 4.0000
v 42.0000 -0.8000 4.0000
v 44.0000 -0.8000 4.0000
v 46.0000 -0.8000 4.0000
v 48.0000 -0.8000 4.0000
v 50.0000 -0.8000 4.0000
v 52.0000 -0.8000 4.0000
v 54.0000 -0.8000 4.0000
v 56.0000 -0.8000 4.0000
v 58.0000 -0.8000 4.0000
v 60.0000 -0.8000 4.0000
v 62.0000 -0.8000 4.0000
v 64.0000 -0.8000 4.0000
v 66.0000 -0.8000 4.0000
v 68.0000 -0.8000 4.0000
v 70.0000 -0.8000 4.0000
v 72.0000 -0.8000 4.0000
v -72.0000 -0.8000 6.0000
v -70.0000 -0.8000 6.0000
v -68.0000 -0.8000 6.0000
v -66.0000 -0.8000 6.0000
v -64.0000 -0.8000 6.0000
v -62.0000 -0.8000 6.0000
v -60.0000 -0.8000 6.0000
v -58.0000 -0.8000 6.0000
v -56.0000 -0.8000 6.0000
v -54.0000 -0.8000 6.0000
v -52.0000 -0.8000 6.0000
v -50.0000 -0.8000 6.0000
v -48.0000 -0.8000 6.0000
v -46.0000 -0.8000 6.0000
v -44.0000 -0.8000 6.0000
v -42.0000 -0.8000 6.0000
v -40.0000 -0.8000 6.0000
v -38.0000 -0.8000 6.0000
v -36.0000 -0.8000 6.0000
v -34.0000 -0.8000 6.0000
v -32.0000 -0.8000 6.0000
v -30.0000 -0.8000 6.0000
v -28.0000 -0.8000 6.0000
v -26.0000 -0.8000 6.0000
v -24.0000 -0.8000 6.0000
v -22.0000 -0.8000 6.0000
v -20.0000 -0.8000 6.0000
v -18.0000 -0.8000 6.0000
v -16.0000 -0.8000 6.0000
v -14.0000 -0.8000 6.0000
v -12.0000 -0.8000 6.0000
v -10.0000 -0.8000 6.0000
v -8.0000 -0.8000 6.0000
v -6.0000 -0.8000 6.0000
v -4.0000 -0.8000 6.0000
v -2.0000 -0.8000 6.0000
v 0.0000 -0.8000 6.0000
v 2.0000 -0.8000 6.0000
v 4.0000 -0.8000 6.0000
v 6.0000 -0.8000 6.0000
v 8.0000 -0.8000 6.0000
v 10.0000 -0.8000 6.0000
v 12.0000 -0.8000 6.0000
v 14.0000 -0.8000 6.0000
v 16.0000 -0.8000 6.0000
v 18.0000 -0.8000 6.0000
v 20.0000 -0.8000 6.0000
v 22.0000 -0.8000 6.0000
v 24.0000 -0.8000 6.0000
v 26.0000 -0.8000 6.0000
v 28.0000 -0.8000 6.0000
v 30.0000 -0.8000 6.0000
v 32.0000 -0.8000 6.0000
v 34.0000 -0.8000 6.0000
v 36.0000 -0.8000 6.0000
v 38.0000 -0.8000 6.0000
v 40.0000 -0.8000 6.0000
v 42.0000 -0.8000 6.0000
v 44.0000 -0.8000 6.0000
v 46.0000 -0.8000 6.0000
v 48.0000 -0.8000 6.0000
v 50.0000 -0.8000 6.0000
v 52.0000 -0.8000 6.0000
v 54.0000 -0.8000 6.0000
v 56.0000 -0.8000 6.0000
v 58.0000 -0.8000 6.0000
v 60.0000 -0.8000 6.0000
v 62.0000 -0.8000 6.0000
v 64.0000 -0.8000 6.0000
v 66.0000 -0.8000 6.0000
v 68.0000 -0.8000 6.0000
v 70.0000 -0.8000 6.0000
v 72.0000 -0.8000 6.0000
v -72.0000 -0.8000 8.0000
v -70.0000 -0.8000 8.0000
v -68.0000 -0.8000 8.0000
v -66.0000 -0.8000 8.0000
v -64.0000 -0.8000 8.0000
v -62.0000 -0.8000 8.0000
v -60.0000 -0.8000 8.0000
v -58.0000 -0.8000 8.0000
v -56.0000 -0.8000 8.0000
v -54.0000 -0.8000 8.0000
v -52.0000 -0.8000 8.0000
v -50.0000 -0.8000 8.0000
v -48.0000 -0.8000 8.0000
v -46.0000 -0.8000 8.0000
v -44.0000 -0.8000 8.0000
v -42.0000 -0.8000 8.0000
v -40.0000 -0.8000 8.0000
v -38.0000 -0.8000 8.0000
v -36.0000 -0.8000 8.0000
v -34.0000 -0.8000 8.0000
v -32.0000 -0.8000 8.0000
v -30.0000 -0.8000 8.0000
v -28.0000 -0.8000 8.0000
v -26.0000 -0.8000 8.0000
v -24.0000 -0.8000 8.0000
v -22.0000 -0.8000 8.0000
v -20.0000 -0.8000 8.0000
v -18.0000 -0.8000 8.0000
v -16.0000 -0.8000 8.0000
v -14.0000 -0.8000 8.0000
v -12.0000 -0.8000 8.0000
v -10.0000 -0.8000 8.0000
v -8.0000 -0.8000 8.0000
v -6.0000 -0.8000 8.0000
v -4.0000 -0.8000 8.0000
v -2.0000 -0.8000 8.0000
v 0.0000 -0.8000 8.0000
v 2.0000 -0.8000 8.0000
v 4.0000 -0.8000 8.0000
v 6.0000 -0.8000 8.0000
v 8.0000 -0.8000 8.0000
v 10.0000 -0.8000 8.0000
v 12.0000 -0.8000 8.0000
v 14.0000 -0.8000 8.0000
v 16.0000 -0.8000 8.0000
v 18.0000 -0.8000 8.0000
v 20.0000 -0.8000 8.0000
v 22.0000 -0.8000 8.0000
v 24.0000 -0.8000 8.0000
v 26.0000 -0.8000 8.0000
v 28.0000 -0.8000 8.0000
v 30.0000 -0.8000 8.0000
v 32.0000 -0.8000 8.0000
v 34.0000 -0.8000 8.0000
v 36.0000 -0.8000 8.0000
v 38.0000 -0.8000 8.0000
v 40.0000 -0.8000 8.0000
v 42.0000 -0.8000 8.0000
v 44.0000 -0.8000 8.0000
v 46.0000 -0.8000 8.0000
v 48.0000 -0.8000 8.0000
v 50.0000 -0.8000 8.0000
v 52.0000 -0.8000 8.0000
v 54.0000 -0.8000 8.0000
v 56.0000 -0.8000 8.0000
v 58.0000 -0.8000 8.0000
v 60.0000 -0.8000 8.0000
v 62.0000 -0.8000 8.0000
v 64.0000 -0.8000 8.0000
v 66.0000 -0.8000 8.0000
v 68.0000 -0.8000 8.0000
v 70.0000 -0.8000 8.0000
v 72.0000 -0.8000 8.0000
v -72.0000 -0.8000 10.0000
v -70.0000 -0.8000 10.0000
v -68.0000 -0.8000 10.0000
v -66.0000 -0.8000 10.0000
v -64.0000 -0.8000 10.0000
v -62.0000 -0.8000 10.0000
v -60.0000 -0.8000 10.0000
v -58.0000 -0.8000 10.0000
v -56.0000 -0.8000 10.0000
v -54.0000 -0.8000 10.0000
v -52.0000 -0.8000 10.0000
v -50.0000 -0.8000 10.0000
v -48.0000 -0.8000 10.0000
v -46.0000 -0.8000 10.0000
v -44.0000 -0.8000 10.0000
v -42.0000 -0.8000 10.0000
v -40.0000 -0.8000 10.0000
v -38.0000 -0.8000 10.0000
v -36.0000 -0.8000 10.0000
v -34.0000 -0.8000 10.0000
v -32.0000 -0.8000 10.0000
v -30.0000 -0.8000 10.0000
v -28.0000 -0.8000 10.0000
v -26.0000 -0.8000 10.0000
v -24.0000 -0.8000 10.0000
v -22.0000 -0.8000 10.0000
v -20.0000 -0.8000 10.0000
v -18.0000 -0.8000 10.0000
v -16.0000 -0.8000 10.0000
v -14.0000 -0.8000 10.0000
v -12.0000 -0.8000 10.0000
v -10.0000 -0.8000 10.0000
v -8.0000 -0.8000 10.0000
v -6.0000 -0.8000 10.0000
v -4.0000 -0.8000 10.0000
v -2.0000 -0.8000 10.0000
v 0.0000 -0.8000 10.0000
v 2.0000 -0.8000 10.0000
v 4.0000 -0.8000 10.0000
v 6.0000 -0.8000 10.0000
v 8.0000 -0.8000 10.0000
v 10.0000 -0.8000 10.0000
v 12.0000 -0.8000 10.0000
v 14.0000 -0.8000 10.0000
v 16.0000 -0.8000 10.0000
v 18.0000 -0.8000 10.0000
v 20.0000 -0.8000 10.0000
v 22.0000 -0.8000 10.0000
v 24.0000 -0.8000 10.0000
v 26.0000 -0.8000 10.0000
v 28.0000 -0.8000 10.0000
v 30.0000 -0.8000 10.0000
v 32.0000 -0.8000 10.0000
v 34.0000 -0.8000 10.0000
v 36.0000 -0.8000 10.0000
v 38.0000 -0.8000 10.0000
v 40.0000 -0.8000 10.0000
v 42.0000 -0.8000 10.0000
v 44.0000 -0.8000 10.0000
v 46.0000 -0.8000 10.0000
v 48.0000 -0.8000 10.0000
v 50.0000 -0.8000 10.0000
v 52.0000 -0.8000 10.0000
v 54.0000 -0.8000 10.0000
v 56.0000 -0.8000 10.0000
v 58.0000 -0.8000 10.0000
v 60.0000 -0.8000 10.0000
v 62.0000 -0.8000 10.0000
v 64.0000 -0.8000 10.0000
v 66.0000 -0.8000 10.0000
v 68.0000 -0.8000 10.0000
v 70.0000 -0.8000 10.0000
v 72.0000 -0.8000 10.0000
v -72.0000 -0.8000 12.0000
v -70.0000 -0.8000 12.0000
v -68.0000 -0.8000 12.0000
v -66.0000 -0.8000 12.0000
v -64.0000 -0.8000 12.0000
v -62.0000 -0.8000 12.0000
v -60.0000 -0.8000 12.0000
v -58.0000 -0.8000 12.0000
v -56.0000 -0.8000 12.0000
v -54.0000 -0.8000 12.0000
v -52.0000 -0.8000 12.0000
v -50.0000 -0.8000 12.0000
v -48.0000 -0.8000 12.0000
v -46.0000 -0.8000 12.0000
v -44.0000 -0.8000 12.0000
v -42.0000 -0.8000 12.0000
v -40.0000 -0.8000 12.0000
v -38.0000 -0.8000 12.0000
v -36.0000 -0.8000 12.0000
v -34.0000 -0.8000 12.0000
v -32.0000 -0.8000 12.0000
v -30.0000 -0.8000 12.0000
v -28.0000 -0.8000 12.0000
v -26.0000 -0.8000 12.0000
v -24.0000 -0.8000 12.0000
v -22.0000 -0.8000 12.0000
v -20.0000 -0.8000 12.0000
v -18.0000 -0.8000 12.0000
v -16.0000 -0.8000 12.0000
v -14.0000 -0.8000 12.0000
v -12.0000 -0.8000 12.0000
v -10.0000 -0.8000 12.0000
v -8.0000 -0.8000 12.0000
v -6.0000 -0.8000 12.0000
v -4.0000 -0.8000 12.0000
v -2.0000 -0.8000 12.0000
v 0.0000 -0.8000 12.0000
v 2.0000 -0.8000 12.0000
v 4.0000 -0.8000 12.0000
v 6.0000 -0.8000 12.0000
v 8.0000 -0.8000 12.0000
v 10.0000 -0.8000 12.0000
v 12.0000 -0.8000 12.0000
v 14.0000 -0.8000 12.0000
v 16.0000 -0.8000 12.0000
v 18.0000 -0.8000 12.0000
v 20.0000 -0.8000 12.0000
v 22.0000 -0.8000 12.0000
v 24.0000 -0.8000 12.0000
v 26.0000 -0.8000 12.0000
v 28.0000 -0.8000 12.0000
v 30.0000 -0.8000 12.0000
v 32.0000 -0.8000 12.0000
v 34.0000 -0.8000 12.0000
v 36.0000 -0.8000 12.0000
v 38.0000 -0.8000 12.0000
v 40.0000 -0.8000 12.0000
v 42.0000 -0.8000 12.0000
v 44.0000 -0.8000 12.0000
v 46.0000 -0.8000 12.0000
v 48.0000 -0.8000 12.0000
v 50.0000 -0.8000 12.0000
v 52.0000 -0.8000 12.0000
v 54.0000 -0.8000 12.0000
v 56.0000 -0.8000 12.0000
v 58.0000 -0.8000 12.0000
v 60.0000 -0.8000 12.0000
v 62.0000 -0.8000 12.0000
v 64.0000 -0.8000 12.0000
v 66.0000 -0.8000 12.0000
v 68.0000 -0.8000 12.0000
v 70.0000 -0.8000 12.0000
v 72.0000 -0.8000 12.0000
v -72.0000 -0.8000 14.0000
v -70.0000 -0.8000 14.0000
v -68.0000 -0.8000 14.0000
v -66.0000 -0.8000 14.0000
v -64.0000 -0.8000 14.0000
v -62.0000 -0.8000 14.0000
v -60.0000 -0.8000 14.0000
v -58.0000 -0.8000 14.0000
v -56.0000 -0.8000 14.0000
v -54.0000 -0.8000 14.0000
v -52.0000 -0.8000 14.0000
v -50.0000 -0.8000 14.0000
v -48.0000 -0.8000 14.0000
v -46.0000 -0.8000 14.0000
v -44.0000 -0.8000 14.0000
v -42.0000 -0.8000 14.0000
v -40.0000 -0.8000 14.0000
v -38.0000 -0.8000 14.0000
v -36.0000 -0.8000 14.0000
v -34.0000 -0.8000 14.0000
v -32.0000 -0.8000 14.0000
v -30.0000 -0.8000 14.0000
v -28.0000 -0.8000 14.0000
v -26.0000 -0.8000 14.0000
v -24.0000 -0.8000 14.0000
v -22.0000 -0.8000 14.0000
v -20.0000 -0.8000 14.0000
v -18.0000 -0.8000 14.0000
v -16.0000 -0.8000 14.0000
v -14.0000 -0.8000 14.0000
v -12.0000 -0.8000 14.0000
v -10.0000 -0.8000 14.0000
v -8.0000 -0.8000 14.0000
v -6.0000 -0.8000 14.0000
v -4.0000 -0.8000 14.0000
v -2.0000 -0.8000 14.0000
v 0.0000 -0.8000 14.0000
v 2.0000 -0.8000 14.0000
v 4.0000 -0.8000 14.0000
v 6.0000 -0.8000 14.0000
v 8.0000 -0.8000 14.0000
v 10.0000 -0.8000 14.0000
v 12.0000 -0.8000 14.0000
v 14.0000 -0.8000 14.0000
v 16.0000 -0.8000 14.0000
v 18.0000 -0.8000 14.0000
v 20.0000 -0.8000 14.0000
v 22.0000 -0.8000 14.0000
v 24.0000 -0.8000 14.0000
v 26.0000 -0.8000 14.0000
v 28.0000 -0.8000 14.0000
v 30.0000 -0.8000 14.0000
v 32.0000 -0.8000 14.0000
v 34.0000 -0.8000 14.0000
v 36.0000 -0.8000 14.0000
v 38.0000 -0.8000 14.0000
v 40.0000 -0.8000 14.0000
v 42.0000 -0.8000 14.0000
v 44.0000 -0.8000 14.0000
v 46.0000 -0.8000 14.0000
v 48.0000 -0.8000 14.0000
v 50.0000 -0.8000 14.0000
v 52.0000 -0.8000 14.0000
v 54.0000 -0.8000 14.0000
v 56.0000 -0.8000 14.0000
v 58.0000 -0.8000 14.0000
v 60.0000 -0.8000 14.0000
v 62.0000 -0.8000 14.0000
v 64.0000 -0.8000 14.0000
v 66.0000 -0.8000 14.0000
v 68.0000 -0.8000 14.0000
v 70.0000 -0.8000 14.0000
v 72.0000 -0.8000 14.0000
v -72.0000 -0.8000 16.0000
v -70.0000 -0.8000 16.0000
v -68.0000 -0.8000 16.0000
v -66.0000 -0.8000 16.0000
v -64.0000 -0.8000 16.0000
v -62.0000 -0.8000 16.0000
v -60.0000 -0.8000 16.0000
v -58.0000 -0.8000 16.0000
v -56.0000 -0.8000 16.0000
v -54.0000 -0.8000 16.0000
v -52.0000 -0.8000 16.0000
v -50.0000 -0.8000 16.0000
v -48.0000 -0.8000 16.0000
v -46.0000 -0.8000 16.0000
v -44.0000 -0.8000 16.0000
v -42.0000 -0.8000 16.0000
v -40.0000 -0.8000 16.0000
v -38.0000 -0.8000 16.0000
v -36.0000 -0.8000 16.0000
v -34.0000 -0.8000 16.0000
v -32.0000 -0.8000 16.0000
v -30.0000 -0.8000 16.0000
v -28.0000 -0.8000 16.0000
v -26.0000 -0.8000 16.0000
v -24.0000 -0.8000 16.0000
v -22.0000 -0.8000 16.0000
v -20.0000 -0.8000 16.0000
v -18.0000 -0.8000 16.0000
v -16.0000 -0.8000 16.0000
v -14.0000 -0.8000 16.0000
v -12.0000 -0.8000 16.0000
v -10.0000 -0.8000 16.0000
v -8.0000 -0.8000 16.0000
v -6.0000 -0.8000 16.0000
v -4.0000 -0.8000 16.0000
v -2.0000 -0.8000 16.0000
v 0.0000 -0.8000 16.0000
v 2.0000 -0.8000 16.0000
v 4.0000 -0.8000 16.0000
v 6.0000 -0.8000 16.0000
v 8.0000 -0.8000 16.0000
v 10.0000 -0.8000 16.0000
v 12.0000 -0.8000 16.0000
v 14.0000 -0.8000 16.0000
v 16.0000 -0.8000 16.0000
v 18.0000 -0.8000 16.0000
v 20.0000 -0.8000 16.0000
v 22.0000 -0.8000 16.0000
v 24.0000 -0.8000 16.0000
v 26.0000 -0.8000 16.0000
v 28.0000 -0.8000 16.0000
v 30.0000 -0.8000 16.0000
v 32.0000 -0.8000 16.0000
v 34.0000 -0.8000 16.0000
v 36.0000 -0.8000 16.0000
v 38.0000 -0.8000 16.0000
v 40.0000 -0.8000 16.0000
v 42.0000 -0.8000 16.0000
v 44.0000 -0.8000 16.0000
v 46.0000 -0.8000 16.0000
v 48.0000 -0.8000 16.0000
v 50.0000 -0.8000 16.0000
v 52.0000 -0.8000 16.0000
v 54.0000 -0.8000 16.0000
v 56.0000 -0.8000 16.0000
v 58.0000 -0.8000 16.0000
v 60.0000 -0.8000 16.0000
v 62.0000 -0.8000 16.0000
v 64.0000 -0.8000 16.0000
v 66.0000 -0.8000 16.0000
v 68.0000 -0.8000 16.0000
v 70.0000 -0.8000 16.0000
v 72.0000 -0.8000 16.0000
v -72.0000 -0.8000 18.0000
v -70.0000 -0.8000 18.0000
v -68.0000 -0.8000 18.0000
v -66.0000 -0.8000 18.0000
v -64.0000 -0.8000 18.0000
v -62.0000 -0.8000 18.0000
v -60.0000 -0.8000 18.0000
v -58.0000 -0.8000 18.0000
v -56.0000 -0.8000 18.0000
v -54.0000 -0.8000 18.0000
v -52.0000 -0.8000 18.0000
v -50.0000 -0.8000 18.0000
v -48.0000 -0.8000 18.0000
v -46.0000 -0.8000 18.0000
v -44.0000 -0.8000 18.0000
v -42.0000 -0.8000 18.0000
v -40.0000 -0.8000 18.0000
v -38.0000 -0.8000 18.0000
v -36.0000 -0.8000 18.0000
v -34.0000 -0.8000 18.0000
v -32.0000 -0.8000 18.0000
v -30.0000 -0.8000 18.0000
v -28.0000 -0.8000 18.0000
v -26.0000 -0.8000 18.0000
v -24.0000 -0.8000 18.0000
v -22.0000 -0.8000 18.0000
v -20.0000 -0.8000 18.0000
v -18.0000 -0.8000 18.0000
v -16.0000 -0.8000 18.0000
v -14.0000 -0.8000 18.0000
v -12.0000 -0.8000 18.0000
v -10.0000 -0.8000 18.0000
v -8.0000 -0.8000 18.0000
v -6.0000 -0.8000 18.0000
v -4.0000 -0.8000 18.0000
v -2.0000 -0.8000 18.0000
v 0.0000 -0.8000 18.0000
v 2.0000 -0.8000 18.0000
v 4.0000 -0.8000 18.0000
v 6.0000 -0.8000 18.0000
v 8.0000 -0.8000 18.0000
v 10.0000 -0.8000 18.0000
v 12.0000 -0.8000 18.0000
v 14.0000 -0.8000 18.0000
v 16.0000 -0.8000 18.0000
v 18.0000 -0.8000 18.0000
v 20.0000 -0.8000 18.0000
v 22.0000 -0.8000 18.0000
v 24.0000 -0.8000 18.0000
v 26.0000 -0.8000 18.0000
v 28.0000 -0.8000 18.0000
v 30.0000 -0.8000 18.0000
v 32.0000 -0.8000 18.0000
v 34.0000 -0.8000 18.0000
v 36.0000 -0.8000 18.0000
v 38.0000 -0.8000 18.0000
v 40.0000 -0.8000 18.0000
v 42.0000 -0.8000 18.0000
v 44.0000 -0.8000 18.0000
v 46.0000 -0.8000 18.0000
v 48.0000 -0.8000 18.0000
v 50.0000 -0.8000 18.0000
v 52.0000 -0.8000 18.0000
v 54.0000 -0.8000 18.0000
v 56.0000 -0.8000 18.0000
v 58.0000 -0.8000 18.0000
v 60.0000 -0.8000 18.0000
v 62.0000 -0.8000 18.0000
v 64.0000 -0.8000 18.0000
v 66.0000 -0.8000 18.0000
v 68.0000 -0.8000 18.0000
v 70.0000 -0.8000 18.0000
v 72.0000 -0.8000 18.0000
v -72.0000 -0.8000 20.0000
v -70.0000 -0.8000 20.0000
v -68.0000 -0.8000 20.0000
v -66.0000 -0.8000 20.0000
v -64.0000 -0.8000 20.0000
v -62.0000 -0.8000 20.0000
v -60.0000 -0.8000 20.0000
v -58.0000 -0.8000 20.0000
v -56.0000 -0.8000 20.0000
v -54.0000 -0.8000 20.0000
v -52.0000 -0.8000 20.0000
v -50.0000 -0.8000 20.0000
v -48.0000 -0.8000 20.0000
v -46.0000 -0.8000 20.0000
v -44.0000 -0.8000 20.0000
v -42.0000 -0.8000 20.0000
v -40.0000 -0.8000 20.0000
v -38.0000 -0.8000 20.0000
v -36.0000 -0.8000 20.0000
v -34.0000 -0.8000 20.0000
v -32.0000 -0.8000 20.0000
v -30.0000 -0.8000 20.0000
v -28.0000 -0.8000 20.0000
v -26.0000 -0.8000 20.0000
v -24.0000 -0.8000 20.0000
v -22.0000 -0.8000 20.0000
v -20.0000 -0.8000 20.0000
v -18.0000 -0.8000 20.0000
v -16.0000 -0.8000 20.0000
v -14.0000 -0.8000 20.0000
v -12.0000 -0.8000 20.0000
v -10.0000 -0.8000 20.0000
v -8.0000 -0.8000 20.0000
v -6.0000 -0.8000 20.0000
v -4.0000 -0.8000 20.0000
v -2.0000 -0.8000 20.0000
v 0.0000 -0.8000 20.0000
v 2.0000 -0.8000 20.0000
v 4.0000 -0.8000 20.0000
v 6.0000 -0.8000 20.0000
v 8.0000 -0.8000 20.0000
v 10.0000 -0.8000 20.0000
v 12.0000 -0.8000 20.0000
v 14.0000 -0.8000 20.0000
v 16.0000 -0.8000 20.0000
v 18.0000 -0.8000 20.0000
v 20.0000 -0.8000 20.0000
v 22.0000 -0.8000 20.0000
v 24.0000 -0.8000 20.0000
v 26.0000 -0.8000 20.0000
v 28.0000 -0.8000 20.0000
v 30.0000 -0.8000 20.0000
v 32.0000 -0.8000 20.0000
v 34.0000 -0.8000 20.0000
v 36.0000 -0.8000 20.0000
v 38.0000 -0.8000 20.0000
v 40.0000 -0.8000 20.0000
v 42.0000 -0.8000 20.0000
v 44.0000 -0.8000 20.0000
v 46.0000 -0.8000 20.0000
v 48.0000 -0.8000 20.0000
v 50.0000 -0.8000 20.0000
v 52.0000 -0.8000 20.0000
v 54.0000 -0.8000 20.0000
v 56.0000 -0.8000 20.0000
v 58.0000 -0.8000 20.0000
v 60.0000 -0.8000 20.0000
v 62.0000 -0.8000 20.0000
v 64.0000 -0.8000 20.0000
v 66.0000 -0.8000 20.0000
v 68.0000 -0.8000 20.0000
v 70.0000 -0.8000 20.0000
v 72.0000 -0.8000 20.0000
v -72.0000 -0.8000 22.0000
v -70.0000 -0.8000 22.0000
v -68.0000 -0.8000 22.0000
v -66.0000 -0.8000 22.0000
v -64.0000 -0.8000 22.0000
v -62.0000 -0.8000 22.0000
v -60.0000 -0.8000 22.0000
v -58.0000 -0.8000 22.0000
v -56.0000 -0.8000 22.0000
v -54.0000 -0.8000 22.0000
v -52.0000 -0.8000 22.0000
v -50.0000 -0.8000 22.0000
v -48.0000 -0.8000 22.0000
v -46.0000 -0.8000 22.0000
v -44.0000 -0.8000 22.0000
v -42.0000 -0.8000 22.0000
v -40.0000 -0.8000 22.0000
v -38.0000 -0.8000 22.0000
v -36.0000 -0.8000 22.0000
v -34.0000 -0.8000 22.0000
v -32.0000 -0.8000 22.0000
v -30.0000 -0.8000 22.0000
v -28.0000 -0.8000 22.0000
v -26.0000 -0.8000 22.0000
v -24.0000 -0.8000 22.0000
v -22.0000 -0.8000 22.0000
v -20.0000 -0.8000 22.0000
v -18.0000 -0.8000 22.0000
v -16.0000 -0.8000 22.0000
v -14.0000 -0.8000 22.0000
v -12.0000 -0.8000 22.0000
v -10.0000 -0.8000 22.0000
v -8.0000 -0.8000 22.0000
v -6.0000 -0.8000 22.0000
v -4.0000 -0.8000 22.0000
v -2.0000 -0.8000 22.0000
v 0.0000 -0.8000 22.0000
v 2.0000 -0.8000 22.0000
v 4.0000 -0.8000 22.0000
v 6.0000 -0.8000 22.0000
v 8.0000 -0.8000 22.0000
v 10.0000 -0.8000 22.0000
v 12.0000 -0.8000 22.0000
v 14.0000 -0.8000 22.0000
v 16.0000 -0.8000 22.0000
v 18.0000 -0.8000 22.0000
v 20.0000 -0.8000 22.0000
v 22.0000 -0.8000 22.0000
v 24.0000 -0.8000 22.0000
v 26.0000 -0.8000 22.0000
v 28.0000 -0.8000 22.0000
v 30.0000 -0.8000 22.0000
v 32.0000 -0.8000 22.0000
v 34.0000 -0.8000 22.0000
v 36.0000 -0.8000 22.0000
v 38.0000 -0.8000 22.0000
v 40.0000 -0.8000 22.0000
v 42.0000 -0.8000 22.0000
v 44.0000 -0.8000 22.0000
v 46.0000 -0.8000 22.0000
v 48.0000 -0.8000 22.0000
v 50.0000 -0.8000 22.0000
v 52.0000 -0.8000 22.0000
v 54.0000 -0.8000 22.0000
v 56.0000 -0.8000 22.0000
v 58.0000 -0.8000 22.0000
v 60.0000 -0.8000 22.0000
v 62.0000 -0.8000 22.0000
v 64.0000 -0.8000 22.0000
v 66.0000 -0.8000 22.0000
v 68.0000 -0.8000 22.0000
v 70.0000 -0.8000 22.0000
v 72.0000 -0.8000 22.0000
v -72.0000 -0.8000 24.0000
v -70.0000 -0.8000 24.0000
v -68.0000 -0.8000 24.0000
v -66.0000 -0.8000 24.0000
v -64.0000 -0.8000 24.0000
v -62.0000 -0.8000 24.0000
v -60.0000 -0.8000 24.0000
v -58.0000 -0.8000 24.0000
v -56.0000 -0.8000 24.0000
v -54.0000 -0.8000 24.0000
v -52.0000 -0.8000 24.0000
v -50.0000 -0.8000 24.0000
v -48.0000 -0.8000 24.0000
v -46.0000 -0.8000 24.0000
v -44.0000 -0.8000 24.0000
v -42.0000 -0.8000 24.0000
v -40.0000 -0.8000 24.0000
v -38.0000 -0.8000 24.0000
v -36.0000 -0.8000 24.0000
v -34.0000 -0.8000 24.0000
v -32.0000 -0.8000 24.0000
v -30.0000 -0.8000 24.0000
v -28.0000 -0.8000 24.0000
v -26.0000 -0.8000 24.0000
v -24.0000 -0.8000 24.0000
v -22.0000 -0.8000 24.0000
v -20.0000 -0.8000 24.0000
v -18.0000 -0.8000 24.0000
v -16.0000 -0.8000 24.0000
v -14.0000 -0.8000 24.0000
v -12.0000 -0.8000 24.0000
v -10.0000 -0.8000 24.0000
v -8.0000 -0.8000 24.0000
v -6.0000 -0.8000 24.0000
v -4.0000 -0.8000 24.0000
v -2.0000 -0.8000 24.0000
v 0.0000 -0.8000 24.0000
v 2.0000 -0.8000 24.0000
v 4.0000 -0.8000 24.0000
v 6.0000 -0.8000 24.0000
v 8.0000 -0.8000 24.0000
v 10.0000 -0.8000 24.0000
v 12.0000 -0.8000 24.0000
v 14.0000 -0.8000 24.0000
v 16.0000 -0.8000 24.0000
v 18.0000 -0.8000 24.0000
v 20.0000 -0.8000 24.0000
v 22.0000 -0.8000 24.0000
v 24.0000 -0.8000 24.0000
v 26.0000 -0.8000 24.0000
v 28.0000 -0.8000 24.0000
v 30.0000 -0.8000 24.0000
v 32.0000 -0.8000 24.0000
v 34.0000 -0.8000 24.0000
v 36.0000 -0.8000 24.0000
v 38.0000 -0.8000 24.0000
v 40.0000 -0.8000 24.0000
v 42.0000 -0.8000 24.0000
v 44.0000 -0.8000 24.0000
v 46.0000 -0.8000 24.0000
v 48.0000 -0.8000 24.0000
v 50.0000 -0.8000 24.0000
v 52.0000 -0.8000 24.0000
v 54.0000 -0.8000 24.0000
v 56.0000 -0.8000 24.0000
v 58.0000 -0.8000 24.0000
v 60.0000 -0.8000 24.0000
v 62.0000 -0.8000 24.0000
v 64.0000 -0.8000 24.0000
v 66.0000 -0.8000 24.0000
v 68.0000 -0.8000 24.0000
v 70.0000 -0.8000 24.0000
v 72.0000 -0.8000 24.0000
v -72.0000 -0.8000 26.0000
v -70.0000 -0.8000 26.0000
v -68.0000 -0.8000 26.0000
v -66.0000 -0.8000 26.0000
v -64.0000 -0.8000 26.0000
v -62.0000 -0.8000 26.0000
v -60.0000 -0.8000 26.0000
v -58.0000 -0.8000 26.0000
v -56.0000 -0.8000 26.0000
v -54.0000 -0.8000 26.0000
v -52.0000 -0.8000 26.0000
v -50.0000 -0.8000 26.0000
v -48.0000 -0.8000 26.0000
v -46.0000 -0.8000 26.0000
v -44.0000 -0.8000 26.0000
v -42.0000 -0.8000 26.0000
v -40.0000 -0.8000 26.0000
v -38.0000 -0.8000 26.0000
v -36.0000 -0.8000 26.0000
v -34.0000 -0.8000 26.0000
v -32.0000 -0.8000 26.0000
v -30.0000 -0.8000 26.0000
v -28.0000 -0.8000 26.0000
v -26.0000 -0.8000 26.0000
v -24.0000 -0.8000 26.0000
v -22.0000 -0.8000 26.0000
v -20.0000 -0.8000 26.0000
v -18.0000 -0.8000 26.0000
v -16.0000 -0.8000 26.0000
v -14.0000 -0.8000 26.0000
v -12.0000 -0.8000 26.0000
v -10.0000 -0.8000 26.0000
v -8.0000 -0.8000 26.0000
v -6.0000 -0.8000 26.0000
v -4.0000 -0.8000 26.0000
v -2.0000 -0.8000 26.0000
v 0.0000 -0.8000 26.0000
v 2.0000 -0.8000 26.0000
v 4.0000 -0.8000 26.0000
v 6.0000 -0.8000 26.0000
v 8.0000 -0.8000 26.0000
v 10.0000 -0.8000 26.0000
v 12.0000 -0.8000 26.0000
v 14.0000 -0.8000 26.0000
v 16.0000 -0.8000 26.0000
v 18.0000 -0.8000 26.0000
v 20.0000 -0.8000 26.0000
v 22.0000 -0.8000 26.0000
v 24.0000 -0.8000 26.0000
v 26.0000 -0.8000 26.0000
v 28.0000 -0.8000 26.0000
v 30.0000 -0.8000 26.0000
v 32.0000 -0.8000 26.0000
v 34.0000 -0.8000 26.0000
v 36.0000 -0.8000 26.0000
v 38.0000 -0.8000 26.0000
v 40.0000 -0.8000 26.0000
v 42.0000 -0.8000 26.0000
v 44.0000 -0.8000 26.0000
v 46.0000 -0.8000 26.0000
v 48.0000 -0.8000 26.0000
v 50.0000 -0.8000 26.0000
v 52.0000 -0.8000 26.0000
v 54.0000 -0.8000 26.0000
v 56.0000 -0.8000 26.0000
v 58.0000 -0.8000 26.0000
v 60.0000 -0.8000 26.0000
v 62.0000 -0.8000 26.0000
v 64.0000 -0.8000 26.0000
v 66.0000 -0.8000 26.0000
v 68.0000 -0.8000 26.0000
v 70.0000 -0.8000 26.0000
v 72.0000 -0.8000 26.0000
v -72.0000 -0.8000 28.0000
v -70.0000 -0.8000 28.0000
v -68.0000 -0.8000 28.0000
v -66.0000 -0.8000 28.0000
v -64.0000 -0.8000 28.0000
v -62.0000 -0.8000 28.0000
v -60.0000 -0.8000 28.0000
v -58.0000 -0.8000 28.0000
v -56.0000 -0.8000 28.0000
v -54.0000 -0.8000 28.0000
v -52.0000 -0.8000 28.0000
v -50.0000 -0.8000 28.0000
v -48.0000 -0.8000 28.0000
v -46.0000 -0.8000 28.0000
v -44.0000 -0.8000 28.0000
v -42.0000 -0.8000 28.0000
v -40.0000 -0.8000 28.0000
v -38.0000 -0.8000 28.0000
v -36.0000 -0.8000 28.0000
v -34.0000 -0.8000 28.0000
v -32.0000 -0.8000 28.0000
v -30.0000 -0.8000 28.0000
v -28.0000 -0.8000 28.0000
v -26.0000 -0.8000 28.0000
v -24.0000 -0.8000 28.0000
v -22.0000 -0.8000 28.0000
v -20.0000 -0.8000 28.0000
v -18.0000 -0.8000 28.0000
v -16.0000 -0.8000 28.0000
v -14.0000 -0.8000 28.0000
v -12.0000 -0.8000 28.0000
v -10.0000 -0.8000 28.0000
v -8.0000 -0.8000 28.0000
v -6.0000 -0.8000 28.0000
v -4.0000 -0.8000 28.0000
v -2.0000 -0.8000 28.0000
v 0.0000 -0.8000 28.0000
v 2.0000 -0.8000 28.0000
v 4.0000 -0.8000 28.0000
v 6.0000 -0.8000 28.0000
v 8.0000 -0.8000 28.0000
v 10.0000 -0.8000 28.0000
v 12.0000 -0.8000 28.0000
v 14.0000 -0.8000 28.0000
v 16.0000 -0.8000 28.0000
v 18.0000 -0.8000 28.0000
v 20.0000 -0.8000 28.0000
v 22.0000 -0.8000 28.0000
v 24.0000 -0.8000 28.0000
v 26.0000 -0.8000 28.0000
v 28.0000 -0.8000 28.0000
v 30.0000 -0.8000 28.0000
v 32.0000 -0.8000 28.0000
v 34.0000 -0.8000 28.0000
v 36.0000 -0.8000 28.0000
v 38.0000 -0.8000 28.0000
v 40.0000 -0.8000 28.0000
v 42.0000 -0.8000 28.0000
v 44.0000 -0.8000 28.0000
v 46.0000 -0.8000 28.0000
v 48.0000 -0.8000 28.0000
v 50.0000 -0.8000 28.0000
v 52.0000 -0.8000 28.0000
v 54.0000 -0.8000 28.0000
v 56.0000 -0.8000 28.0000
v 58.0000 -0.8000 28.0000
v 60.0000 -0.8000 28.0000
v 62.0000 -0.8000 28.0000
v 64.0000 -0.8000 28.0000
v 66.0000 -0.8000 28.0000
v 68.0000 -0.8000 28.0000
v 70.0000 -0.8000 28.0000
v 72.0000 -0.8000 28.0000
v -72.0000 -0.8000 30.0000
v -70.0000 -0.8000 30.0000
v -68.0000 -0.8000 30.0000
v -66.0000 -0.8000 30.0000
v -64.0000 -0.8000 30.0000
v -62.0000 -0.8000 30.0000
v -60.0000 -0.8000 30.0000
v -58.0000 -0.8000 30.0000
v -56.0000 -0.8000 30.0000
v -54.0000 -0.8000 30.0000
v -52.0000 -0.8000 30.0000
v -50.0000 -0.8000 30.0000
v -48.0000 -0.8000 30.0000
v -46.0000 -0.8000 30.0000
v -44.0000 -0.8000 30.0000
v -42.0000 -0.8000 30.0000
v -40.0000 -0.8000 30.0000
v -38.0000 -0.8000 30.0000
v -36.0000 -0.8000 30.0000
v -34.0000 -0.8000 30.0000
v -32.0000 -0.8000 30.0000
v -30.0000 -0.8000 30.0000
v -28.0000 -0.8000 30.0000
v -26.0000 -0.8000 30.0000
v -24.0000 -0.8000 30.0000
v -22.0000 -0.8000 30.0000
v -20.0000 -0.8000 30.0000
v -18.0000 -0.8000 30.0000
v -16.0000 -0.8000 30.0000
v -14.0000 -0.8000 30.0000
v -12.0000 -0.8000 30.0000
v -10.0000 -0.8000 30.0000
v -8.0000 -0.8000 30.0000
v -6.0000 -0.8000 30.0000
v -4.0000 -0.8000 30.0000
v -2.0000 -0.8000 30.0000
v 0.0000 -0.8000 30.0000
v 2.0000 -0.8000 30.0000
v 4.0000 -0.8000 30.0000
v 6.0000 -0.8000 30.0000
v 8.0000 -0.8000 30.0000
v 10.0000 -0.8000 30.0000
v 12.0000 -0.8000 30.0000
v 14.0000 -0.8000 30.0000
v 16.0000 -0.8000 30.0000
v 18.0000 -0.8000 30.0000
v 20.0000 -0.8000 30.0000
v 22.0000 -0.8000 30.0000
v 24.0000 -0.8000 30.0000
v 26.0000 -0.8000 30.0000
v 28.0000 -0.8000 30.0000
v 30.0000 -0.8000 30.0000
v 32.0000 -0.8000 30.0000
v 34.0000 -0.8000 30.0000
v 36.0000 -0.8000 30.0000
v 38.0000 -0.8000 30.0000
v 40.0000 -0.8000 30.0000
v 42.0000 -0.8000 30.0000
v 44.0000 -0.8000 30.0000
v 46.0000 -0.8000 30.0000
v 48.0000 -0.8000 30.0000
v 50.0000 -0.8000 30.0000
v 52.0000 -0.8000 30.0000
v 54.0000 -0.8000 30.0000
v 56.0000 -0.8000 30.0000
v 58.0000 -0.8000 30.0000
v 60.0000 -0.8000 30.0000
v 62.0000 -0.8000 30.0000
v 64.0000 -0.8000 30.0000
v 66.0000 -0.8000 30.0000
v 68.0000 -0.8000 30.0000
v 70.0000 -0.8000 30.0000
v 72.0000 -0.8000 30.0000
v -72.0000 -0.8000 32.0000
v -70.0000 -0.8000 32.0000
v -68.0000 -0.8000 32.0000
v -66.0000 -0.8000 32.0000
v -64.0000 -0.8000 32.0000
v -62.0000 -0.8000 32.0000
v -60.0000 -0.8000 32.0000
v -58.0000 -0.8000 32.0000
v -56.0000 -0.8000 32.0000
v -54.0000 -0.8000 32.0000
v -52.0000 -0.8000 32.0000
v -50.0000 -0.8000 32.0000
v -48.0000 -0.8000 32.0000
v -46.0000 -0.8000 32.0000
v -44.0000 -0.8000 32.0000
v -42.0000 -0.8000 32.0000
v -40.0000 -0.8000 32.0000
v -38.0000 -0.8000 32.0000
v -36.0000 -0.8000 32.0000
v -34.0000 -0.8000 32.0000
v -32.0000 -0.8000 32.0000
v -30.0000 -0.8000 32.0000
v -28.0000 -0.8000 32.0000
v -26.0000 -0.8000 32.0000
v -24.0000 -0.8000 32.0000
v -22.0000 -0.8000 32.0000
v -20.0000 -0.8000 32.0000
v -18.0000 -0.8000 32.0000
v -16.0000 -0.8000 32.0000
v -14.0000 -0.8000 32.0000
v -12.0000 -0.8000 32.0000
v -10.0000 -0.8000 32.0000
v -8.0000 -0.8000 32.0000
v -6.0000 -0.8000 32.0000
v -4.0000 -0.8000 32.0000
v -2.0000 -0.8000 32.0000
v 0.0000 -0.8000 32.0000
v 2.0000 -0.8000 32.0000
v 4.0000 -0.8000 32.0000
v 6.0000 -0.8000 32.0000
v 8.0000 -0.8000 32.0000
v 10.0000 -0.8000 32.0000
v 12.0000 -0.8000 32.0000
v 14.0000 -0.8000 32.0000
v 16.0000 -0.8000 32.0000
v 18.0000 -0.8000 32.0000
v 20.0000 -0.8000 32.0000
v 22.0000 -0.8000 32.0000
v 24.0000 -0.8000 32.0000
v 26.0000 -0.8000 32.0000
v 28.0000 -0.8000 32.0000
v 30.0000 -0.8000 32.0000
v 32.0000 -0.8000 32.0000
v 34.0000 -0.8000 32.0000
v 36.0000 -0.8000 32.0000
v 38.0000 -0.8000 32.0000
v 40.0000 -0.8000 32.0000
v 42.0000 -0.8000 32.0000
v 44.0000 -0.8000 32.0000
v 46.0000 -0.8000 32.0000
v 48.0000 -0.8000 32.0000
v 50.0000 -0.8000 32.0000
v 52.0000 -0.8000 32.0000
v 54.0000 -0.8000 32.0000
v 56.0000 -0.8000 32.0000
v 58.0000 -0.8000 32.0000
v 60.0000 -0.8000 32.0000
v 62.0000 -0.8000 32.0000
v 64.0000 -0.8000 32.0000
v 66.0000 -0.8000 32.0000
v 68.0000 -0.8000 32.0000
v 70.0000 -0.8000 32.0000
v 72.0000 -0.8000 32.0000
v -72.0000 -0.8000 34.0000
v -70.0000 -0.8000 34.0000
v -68.0000 -0.8000 34.0000
v -66.0000 -0.8000 34.0000
v -64.0000 -0.8000 34.0000
v -62.0000 -0.8000 34.0000
v -60.0000 -0.8000 34.0000
v -58.0000 -0.8000 34.0000
v -56.0000 -0.8000 34.0000
v -54.0000 -0.8000 34.0000
v -52.0000 -0.8000 34.0000
v -50.0000 -0.8000 34.0000
v -48.0000 -0.8000 34.0000
v -46.0000 -0.8000 34.0000
v -44.0000 -0.8000 34.0000
v -42.0000 -0.8000 34.0000
v -40.0000 -0.8000 34.0000
v -38.0000 -0.8000 34.0000
v -36.0000 -0.8000 34.0000
v -34.0000 -0.8000 34.0000
v -32.0000 -0.8000 34.0000
v -30.0000 -0.8000 34.0000
v -28.0000 -0.8000 34.0000
v -26.0000 -0.8000 34.0000
v -24.0000 -0.8000 34.0000
v -22.0000 -0.8000 34.0000
v -20.0000 -0.8000 34.0000
v -18.0000 -0.8000 34.0000
v -16.0000 -0.8000 34.0000
v -14.0000 -0.8000 34.0000
v -12.0000 -0.8000 34.0000
v -10.0000 -0.8000 34.0000
v -8.0000 -0.8000 34.0000
v -6.0000 -0.8000 34.0000
v -4.0000 -0.8000 34.0000
v -2.0000 -0.8000 34.0000
v 0.0000 -0.8000 34.0000
v 2.0000 -0.8000 34.0000
v 4.0000 -0.8000 34.0000
v 6.0000 -0.8000 34.0000
v 8.0000 -0.8000 34.0000
v 10.0000 -0.8000 34.0000
v 12.0000 -0.8000 34.0000
v 14.0000 -0.8000 34.0000
v 16.0000 -0.8000 34.0000
v 18.0000 -0.8000 34.0000
v 20.0000 -0.8000 34.0000
v 22.0000 -0.8000 34.0000
v 24.0000 -0.8000 34.0000
v 26.0000 -0.8000 34.0000
v 28.0000 -0.8000 34.0000
v 30.0000 -0.8000 34.0000
v 32.0000 -0.8000 34.0000
v 34.0000 -0.8000 34.0000
v 36.0000 -0.8000 34.0000
v 38.0000 -0.8000 34.0000
v 40.0000 -0.8000 34.0000
v 42.0000 -0.8000 34.0000
v 44.0000 -0.8000 34.0000
v 46.0000 -0.8000 34.0000
v 48.0000 -0.8000 34.0000
v 50.0000 -0.8000 34.0000
v 52.0000 -0.8000 34.0000
v 54.0000 -0.8000 34.0000
v 56.0000 -0.8000 34.0000
v 58.0000 -0.8000 34.0000
v 60.0000 -0.8000 34.0000
v 62.0000 -0.8000 34.0000
v 64.0000 -0.8000 34.0000
v 66.0000 -0.8000 34.0000
v 68.0000 -0.8000 34.0000
v 70.0000 -0.8000 34.0000
v 72.0000 -0.8000 34.0000
v -72.0000 -0.8000 36.0000
v -70.0000 -0.8000 36.0000
v -68.0000 -0.8000 36.0000
v -66.0000 -0.8000 36.0000
v -64.0000 -0.8000 36.0000
v -62.0000 -0.8000 36.0000
v -60.0000 -0.8000 36.0000
v -58.0000 -0.8000 36.0000
v -56.0000 -0.8000 36.0000
v -54.0000 -0.8000 36.0000
v -52.0000 -0.8000 36.0000
v -50.0000 -0.8000 36.0000
v -48.0000 -0.8000 36.0000
v -46.0000 -0.8000 36.0000
v -44.0000 -0.8000 36.0000
v -42.0000 -0.8000 36.0000
v -40.0000 -0.8000 36.0000
v -38.0000 -0.8000 36.0000
v -36.0000 -0.8000 36.0000
v -34.0000 -0.8000 36.0000
v -32.0000 -0.8000 36.0000
v -30.0000 -0.8000 36.0000
v -28.0000 -0.8000 36.0000
v -26.0000 -0.8000 36.0000
v -24.0000 -0.8000 36.0000
v -22.0000 -0.8000 36.0000
v -20.0000 -0.8000 36.0000
v -18.0000 -0.8000 36.0000
v -16.0000 -0.8000 36.0000
v -14.0000 -0.8000 36.0000
v -12.0000 -0.8000 36.0000
v -10.0000 -0.8000 36.0000
v -8.0000 -0.8000 36.0000
v -6.0000 -0.8000 36.0000
v -4.0000 -0.8000 36.0000
v -2.0000 -0.8000 36.0000
v 0.0000 -0.8000 36.0000
v 2.0000 -0.8000 36.0000
v 4.0000 -0.8000 36.0000
v 6.0000 -0.8000 36.0000
v 8.0000 -0.8000 36.0000
v 10.0000 -0.8000 36.0000
v 12.0000 -0.8000 36.0000
v 14.0000 -0.8000 36.0000
v 16.0000 -0.8000 36.0000
v 18.0000 -0.8000 36.0000
v 20.0000 -0.8000 36.0000
v 22.0000 -0.8000 36.0000
v 24.0000 -0.8000 36.0000
v 26.0000 -0.8000 36.0000
v 28.0000 -0.8000 36.0000
v 30.0000 -0.8000 36.0000
v 32.0000 -0.8000 36.0000
v 34.0000 -0.8000 36.0000
v 36.0000 -0.8000 36.0000
v 38.0000 -0.8000 36.0000
v 40.0000 -0.8000 36.0000
v 42.0000 -0.8000 36.0000
v 44.0000 -0.8000 36.0000
v 46.0000 -0.8000 36.0000
v 48.0000 -0.8000 36.0000
v 50.0000 -0.8000 36.0000
v 52.0000 -0.8000 36.0000
v 54.0000 -0.8000 36.0000
v 56.0000 -0.8000 36.0000
v 58.0000 -0.8000 36.0000
v 60.0000 -0.8000 36.0000
v 62.0000 -0.8000 36.0000
v 64.0000 -0.8000 36.0000
v 66.0000 -0.8000 36.0000
v 68.0000 -0.8000 36.0000
v 70.0000 -0.8000 36.0000
v 72.0000 -0.8000 36.0000
v -72.0000 -0.8000 38.0000
v -70.0000 -0.8000 38.0000
v -68.0000 -0.8000 38.0000
v -66.0000 -0.8000 38.0000
v -64.0000 -0.8000 38.0000
v -62.0000 -0.8000 38.0000
v -60.0000 -0.8000 38.0000
v -58.0000 -0.8000 38.0000
v -56.0000 -0.8000 38.0000
v -54.0000 -0.8000 38.0000
v -52.0000 -0.8000 38.0000
v -50.0000 -0.8000 38.0000
v -48.0000 -0.8000 38.0000
v -46.0000 -0.8000 38.0000
v -44.0000 -0.8000 38.0000
v -42.0000 -0.8000 38.0000
v -40.0000 -0.8000 38.0000
v -38.0000 -0.8000 38.0000
v -36.0000 -0.8000 38.0000
v -34.0000 -0.8000 38.0000
v -32.0000 -0.8000 38.0000
v -30.0000 -0.8000 38.0000
v -28.0000 -0.8000 38.0000
v -26.0000 -0.8000 38.0000
v -24.0000 -0.8000 38.0000
v -22.0000 -0.8000 38.0000
v -20.0000 -0.8000 38.0000
v -18.0000 -0.8000 38.0000
v -16.0000 -0.8000 38.0000
v -14.0000 -0.8000 38.0000
v -12.0000 -0.8000 38.0000
v -10.0000 -0.8000 38.0000
v -8.0000 -0.8000 38.0000
v -6.0000 -0.8000 38.0000
v -4.0000 -0.8000 38.0000
v -2.0000 -0.8000 38.0000
v 0.0000 -0.8000 38.0000
v 2.0000 -0.8000 38.0000
v 4.0000 -0.8000 38.0000
v 6.0000 -0.8000 38.0000
v 8.0000 -0.8000 38.0000
v 10.0000 -0.8000 38.0000
v 12.0000 -0.8000 38.0000
v 14.0000 -0.8000 38.0000
v 16.0000 -0.8000 38.0000
v 18.0000 -0.8000 38.0000
v 20.0000 -0.8000 38.0000
v 22.0000 -0.8000 38.0000
v 24.0000 -0.8000 38.0000
v 26.0000 -0.8000 38.0000
v 28.0000 -0.8000 38.0000
v 30.0000 -0.8000 38.0000
v 32.0000 -0.8000 38.0000
v 34.0000 -0.8000 38.0000
v 36.0000 -0.8000 38.0000
v 38.0000 -0.8000 38.0000
v 40.0000 -0.8000 38.0000
v 42.0000 -0.8000 38.0000
v 44.0000 -0.8000 38.0000
v 46.0000 -0.8000 38.0000
v 48.0000 -0.8000 38.0000
v 50.0000 -0.8000 38.0000
v 52.0000 -0.8000 38.0000
v 54.0000 -0.8000 38.0000
v 56.0000 -0.8000 38.0000
v 58.0000 -0.8000 38.0000
v 60.0000 -0.8000 38.0000
v 62.0000 -0.8000 38.0000
v 64.0000 -0.8000 38.0000
v 66.0000 -0.8000 38.0000
v 68.0000 -0.8000 38.0000
v 70.0000 -0.8000 38.0000
v 72.0000 -0.8000 38.0000
v -72.0000 -0.8000 40.0000
v -70.0000 -0.8000 40.0000
v -68.0000 -0.8000 40.0000
v -66.0000 -0.8000 40.0000
v -64.0000 -0.8000 40.0000
v -62.0000 -0.8000 40.0000
v -60.0000 -0.8000 40.0000
v -58.0000 -0.8000 40.0000
v -56.0000 -0.8000 40.0000
v -54.0000 -0.8000 40.0000
v -52.0000 -0.8000 40.0000
v -50.0000 -0.8000 40.0000
v -48.0000 -0.8000 40.0000
v -46.0000 -0.8000 40.0000
v -44.0000 -0.8000 40.0000
v -42.0000 -0.8000 40.0000
v -40.0000 -0.8000 40.0000
v -38.0000 -0.8000 40.0000
v -36.0000 -0.8000 40.0000
v -34.0000 -0.8000 40.0000
v -32.0000 -0.8000 40.0000
v -30.0000 -0.8000 40.0000
v -28.0000 -0.8000 40.0000
v -26.0000 -0.8000 40.0000
v -24.0000 -0.8000 40.0000
v -22.0000 -0.8000 40.0000
v -20.0000 -0.8000 40.0000
v -18.0000 -0.8000 40.0000
v -16.0000 -0.8000 40.0000
v -14.0000 -0.8000 40.0000
v -12.0000 -0.8000 40.0000
v -10.0000 -0.8000 40.0000
v -8.0000 -0.8000 40.0000
v -6.0000 -0.8000 40.0000
v -4.0000 -0.8000 40.0000
v -2.0000 -0.8000 40.0000
v 0.0000 -0.8000 40.0000
v 2.0000 -0.8000 40.0000
v 4.0000 -0.8000 40.0000
v 6.0000 -0.8000 40.0000
v 8.0000 -0.8000 40.0000
v 10.0000 -0.8000 40.0000
v 12.0000 -0.8000 40.0000
v 14.0000 -0.8000 40.0000
v 16.0000 -0.8000 40.0000
v 18.0000 -0.8000 40.0000
v 20.0000 -0.8000 40.0000
v 22.0000 -0.8000 40.0000
v 24.0000 -0.8000 40.0000
v 26.0000 -0.8000 40.0000
v 28.0000 -0.8000 40.0000
v 30.0000 -0.8000 40.0000
v 32.0000 -0.8000 40.0000
v 34.0000 -0.8000 40.0000
v 36.0000 -0.8000 40.0000
v 38.0000 -0.8000 40.0000
v 40.0000 -0.8000 40.0000
v 42.0000 -0.8000 40.0000
v 44.0000 -0.8000 40.0000
v 46.0000 -0.8000 40.0000
v 48.0000 -0.8000 40.0000
v 50.0000 -0.8000 40.0000
v 52.0000 -0.8000 40.0000
v 54.0000 -0.8000 40.0000
v 56.0000 -0.8000 40.0000
v 58.0000 -0.8000 40.0000
v 60.0000 -0.8000 40.0000
v 62.0000 -0.8000 40.0000
v 64.0000 -0.8000 40.0000
v 66.0000 -0.8000 40.0000
v 68.0000 -0.8000 40.0000
v 70.0000 -0.8000 40.0000
v 72.0000 -0.8000 40.0000
v -72.0000 -0.8000 42.0000
v -70.0000 -0.8000 42.0000
v -68.0000 -0.8000 42.0000
v -66.0000 -0.8000 42.0000
v -64.0000 -0.8000 42.0000
v -62.0000 -0.8000 42.0000
v -60.0000 -0.8000 42.0000
v -58.0000 -0.8000 42.0000
v -56.0000 -0.8000 42.0000
v -54.0000 -0.8000 42.0000
v -52.0000 -0.8000 42.0000
v -50.0000 -0.8000 42.0000
v -48.0000 -0.8000 42.0000
v -46.0000 -0.8000 42.0000
v -44.0000 -0.8000 42.0000
v -42.0000 -0.8000 42.0000
v -40.0000 -0.8000 42.0000
v -38.0000 -0.8000 42.0000
v -36.0000 -0.8000 42.0000
v -34.0000 -0.8000 42.0000
v -32.0000 -0.8000 42.0000
v -30.0000 -0.8000 42.0000
v -28.0000 -0.8000 42.0000
v -26.0000 -0.8000 42.0000
v -24.0000 -0.8000 42.0000
v -22.0000 -0.8000 42.0000
v -20.0000 -0.8000 42.0000
v -18.0000 -0.8000 42.0000
v -16.0000 -0.8000 42.0000
v -14.0000 -0.8000 42.0000
v -12.0000 -0.8000 42.0000
v -10.0000 -0.8000 42.0000
v -8.0000 -0.8000 42.0000
v -6.0000 -0.8000 42.0000
v -4.0000 -0.8000 42.0000
v -2.0000 -0.8000 42.0000
v 0.0000 -0.8000 42.0000
v 2.0000 -0.8000 42.0000
v 4.0000 -0.8000 42.0000
v 6.0000 -0.8000 42.0000
v 8.0000 -0.8000 42.0000
v 10.0000 -0.8000 42.0000
v 12.0000 -0.8000 42.0000
v 14.0000 -0.8000 42.0000
v 16.0000 -0.8000 42.0000
v 18.0000 -0.8000 42.0000
v 20.0000 -0.8000 42.0000
v 22.0000 -0.8000 42.0000
v 24.0000 -0.8000 42.0000
v 26.0000 -0.8000 42.0000
v 28.0000 -0.8000 42.0000
v 30.0000 -0.8000 42.0000
v 32.0000 -0.8000 42.0000
v 34.0000 -0.8000 42.0000
v 36.0000 -0.8000 42.0000
v 38.0000 -0.8000 42.0000
v 40.0000 -0.8000 42.0000
v 42.0000 -0.8000 42.0000
v 44.0000 -0.8000 42.0000
v 46.0000 -0.8000 42.0000
v 48.0000 -0.8000 42.0000
v 50.0000 -0.8000 42.0000
v 52.0000 -0.8000 42.0000
v 54.0000 -0.8000 42.0000
v 56.0000 -0.8000 42.0000
v 58.0000 -0.8000 42.0000
v 60.0000 -0.8000 42.0000
v 62.0000 -0.8000 42.0000
v 64.0000 -0.8000 42.0000
v 66.0000 -0.8000 42.0000
v 68.0000 -0.8000 42.0000
v 70.0000 -0.8000 42.0000
v 72.0000 -0.8000 42.0000
v -72.0000 -0.8000 44.0000
v -70.0000 -0.8000 44.0000
v -68.0000 -0.8000 44.0000
v -66.0000 -0.8000 44.0000
v -64.0000 -0.8000 44.0000
v -62.0000 -0.8000 44.0000
v -60.0000 -0.8000 44.0000
v -58.0000 -0.8000 44.0000
v -56.0000 -0.8000 44.0000
v -54.0000 -0.8000 44.0000
v -52.0000 -0.8000 44.0000
v -50.0000 -0.8000 44.0000
v -48.0000 -0.8000 44.0000
v -46.0000 -0.8000 44.0000
v -44.0000 -0.8000 44.0000
v -42.0000 -0.8000 44.0000
v -40.0000 -0.8000 44.0000
v -38.0000 -0.8000 44.0000
v -36.0000 -0.8000 44.0000
v -34.0000 -0.8000 44.0000
v -32.0000 -0.8000 44.0000
v -30.0000 -0.8000 44.0000
v -28.0000 -0.8000 44.0000
v -26.0000 -0.8000 44.0000
v -24.0000 -0.8000 44.0000
v -22.0000 -0.8000 44.0000
v -20.0000 -0.8000 44.0000
v -18.0000 -0.8000 44.0000
v -16.0000 -0.8000 44.0000
v -14.0000 -0.8000 44.0000
v -12.0000 -0.8000 44.0000
v -10.0000 -0.8000 44.0000
v -8.0000 -0.8000 44.0000
v -6.0000 -0.8000 44.0000
v -4.0000 -0.8000 44.0000
v -2.0000 -0.8000 44.0000
v 0.0000 -0.8000 44.0000
v 2.0000 -0.8000 44.0000
v 4.0000 -0.8000 44.0000
v 6.0000 -0.8000 44.0000
v 8.0000 -0.8000 44.0000
v 10.0000 -0.8000 44.0000
v 12.0000 -0.8000 44.0000
v 14.0000 -0.8000 44.0000
v 16.0000 -0.8000 44.0000
v 18.0000 -0.8000 44.0000
v 20.0000 -0.8000 44.0000
v 22.0000 -0.8000 44.0000
v 24.0000 -0.8000 44.0000
v 26.0000 -0.8000 44.0000
v 28.0000 -0.8000 44.0000
v 30.0000 -0.8000 44.0000
v 32.0000 -0.8000 44.0000
v 34.0000 -0.8000 44.0000
v 36.0000 -0.8000 44.0000
v 38.0000 -0.8000 44.0000
v 40.0000 -0.8000 44.0000
v 42.0000 -0.8000 44.0000
v 44.0000 -0.8000 44.0000
v 46.0000 -0.8000 44.0000
v 48.0000 -0.8000 44.0000
v 50.0000 -0.8000 44.0000
v 52.0000 -0.8000 44.0000
v 54.0000 -0.8000 44.0000
v 56.0000 -0.8000 44.0000
v 58.0000 -0.8000 44.0000
v 60.0000 -0.8000 44.0000
v 62.0000 -0.8000 44.0000
v 64.0000 -0.8000 44.0000
v 66.0000 -0.8000 44.0000
v 68.0000 -0.8000 44.0000
v 70.0000 -0.8000 44.0000
v 72.0000 -0.8000 44.0000
v -72.0000 -0.8000 46.0000
v -70.0000 -0.8000 46.0000
v -68.0000 -0.8000 46.0000
v -66.0000 -0.8000 46.0000
v -64.0000 -0.8000 46.0000
v -62.0000 -0.8000 46.0000
v -60.0000 -0.8000 46.0000
v -58.0000 -0.8000 46.0000
v -56.0000 -0.8000 46.0000
v -54.0000 -0.8000 46.0000
v -52.0000 -0.8000 46.0000
v -50.0000 -0.8000 46.0000
v -48.0000 -0.8000 46.0000
v -46.0000 -0.8000 46.0000
v -44.0000 -0.8000 46.0000
v -42.0000 -0.8000 46.0000
v -40.0000 -0.8000 46.0000
v -38.0000 -0.8000 46.0000
v -36.0000 -0.8000 46.0000
v -34.0000 -0.8000 46.0000
v -32.0000 -0.8000 46.0000
v -30.0000 -0.8000 46.0000
v -28.0000 -0.8000 46.0000
v -26.0000 -0.8000 46.0000
v -24.0000 -0.8000 46.0000
v -22.0000 -0.8000 46.0000
v -20.0000 -0.8000 46.0000
v -18.0000 -0.8000 46.0000
v -16.0000 -0.8000 46.0000
v -14.0000 -0.8000 46.0000
v -12.0000 -0.8000 46.0000
v -10.0000 -0.8000 46.0000
v -8.0000 -0.8000 46.0000
v -6.0000 -0.8000 46.0000
v -4.0000 -0.8000 46.0000
v -2.0000 -0.8000 46.0000
v 0.0000 -0.8000 46.0000
v 2.0000 -0.8000 46.0000
v 4.0000 -0.8000 46.0000
v 6.0000 -0.8000 46.0000
v 8.0000 -0.8000 46.0000
v 10.0000 -0.8000 46.0000
v 12.0000 -0.8000 46.0000
v 14.0000 -0.8000 46.0000
v 16.0000 -0.8000 46.0000
v 18.0000 -0.8000 46.0000
v 20.0000 -0.8000 46.0000
v 22.0000 -0.8000 46.0000
v 24.0000 -0.8000 46.0000
v 26.0000 -0.8000 46.0000
v 28.0000 -0.8000 46.0000
v 30.0000 -0.8000 46.0000
v 32.0000 -0.8000 46.0000
v 34.0000 -0.8000 46.0000
v 36.0000 -0.8000 46.0000
v 38.0000 -0.8000 46.0000
v 40.0000 -0.8000 46.0000
v 42.0000 -0.8000 46.0000
v 44.0000 -0.8000 46.0000
v 46.0000 -0.8000 46.0000
v 48.0000 -0.8000 46.0000
v 50.0000 -0.8000 46.0000
v 52.0000 -0.8000 46.0000
v 54.0000 -0.8000 46.0000
v 56.0000 -0.8000 46.0000
v 58.0000 -0.8000 46.0000
v 60.0000 -0.8000 46.0000
v 62.0000 -0.8000 46.0000
v 64.0000 -0.8000 46.0000
v 66.0000 -0.8000 46.0000
v 68.0000 -0.8000 46.0000
v 70.0000 -0.8000 46.0000
v 72.0000 -0.8000 46.0000
v -72.0000 -0.8000 48.0000
v -70.0000 -0.8000 48.0000
v -68.0000 -0.8000 48.0000
v -66.0000 -0.8000 48.0000
v -64.0000 -0.8000 48.0000
v -62.0000 -0.8000 48.0000
v -60.0000 -0.8000 48.0000
v -58.0000 -0.8000 48.0000
v -56.0000 -0.8000 48.0000
v -54.0000 -0.8000 48.0000
v -52.0000 -0.8000 48.0000
v -50.0000 -0.8000 48.0000
v -48.0000 -0.8000 48.0000
v -46.0000 -0.8000 48.0000
v -44.0000 -0.8000 48.0000
v -42.0000 -0.8000 48.0000
v -40.0000 -0.8000 48.0000
v -38.0000 -0.8000 48.0000
v -36.0000 -0.8000 48.0000
v -34.0000 -0.8000 48.0000
v -32.0000 -0.8000 48.0000
v -30.0000 -0.8000 48.0000
v -28.0000 -0.8000 48.0000
v -26.0000 -0.8000 48.0000
v -24.0000 -0.8000 48.0000
v -22.0000 -0.8000 48.0000
v -20.0000 -0.8000 48.0000
v -18.0000 -0.8000 48.0000
v -16.0000 -0.8000 48.0000
v -14.0000 -0.8000 48.0000
v -12.0000 -0.8000 48.0000
v -10.0000 -0.8000 48.0000
v -8.0000 -0.8000 48.0000
v -6.0000 -0.8000 48.0000
v -4.0000 -0.8000 48.0000
v -2.0000 -0.8000 48.0000
v 0.0000 -0.8000 48.0000
v 2.0000 -0.8000 48.0000
v 4.0000 -0.8000 48.0000
v 6.0000 -0.8000 48.0000
v 8.0000 -0.8000 48.0000
v 10.0000 -0.8000 48.0000
v 12.0000 -0.8000 48.0000
v 14.0000 -0.8000 48.0000
v 16.0000 -0.8000 48.0000
v 18.0000 -0.8000 48.0000
v 20.0000 -0.8000 48.0000
v 22.0000 -0.8000 48.0000
v 24.0000 -0.8000 48.0000
v 26.0000 -0.8000 48.0000
v 28.0000 -0.8000 48.0000
v 30.0000 -0.8000 48.0000
v 32.0000 -0.8000 48.0000
v 34.0000 -0.8000 48.0000
v 36.0000 -0.8000 48.0000
v 38.0000 -0.8000 48.0000
v 40.0000 -0.8000 48.0000
v 42.0000 -0.8000 48.0000
v 44.0000 -0.8000 48.0000
v 46.0000 -0.8000 48.0000
v 48.0000 -0.8000 48.0000
v 50.0000 -0.8000 48.0000
v 52.0000 -0.8000 48.0000
v 54.0000 -0.8000 48.0000
v 56.0000 -0.8000 48.0000
v 58.0000 -0.8000 48.0000
v 60.0000 -0.8000 48.0000
v 62.0000 -0.8000 48.0000
v 64.0000 -0.8000 48.0000
v 66.0000 -0.8000 48.0000
v 68.0000 -0.8000 48.0000
v 70.0000 -0.8000 48.0000
v 72.0000 -0.8000 48.0000
v -72.0000 -0.8000 50.0000
v -70.0000 -0.8000 50.0000
v -68.0000 -0.8000 50.0000
v -66.0000 -0.8000 50.0000
v -64.0000 -0.8000 50.0000
v -62.0000 -0.8000 50.0000
v -60.0000 -0.8000 50.0000
v -58.0000 -0.8000 50.0000
v -56.0000 -0.8000 50.0000
v -54.0000 -0.8000 50.0000
v -52.0000 -0.8000 50.0000
v -50.0000 -0.8000 50.0000
v -48.0000 -0.8000 50.0000
v -46.0000 -0.8000 50.0000
v -44.0000 -0.8000 50.0000
v -42.0000 -0.8000 50.0000
v -40.0000 -0.8000 50.0000
v -38.0000 -0.8000 50.0000
v -36.0000 -0.8000 50.0000
v -34.0000 -0.8000 50.0000
v -32.0000 -0.8000 50.0000
v -30.0000 -0.8000 50.0000
v -28.0000 -0.8000 50.0000
v -26.0000 -0.8000 50.0000
v -24.0000 -0.8000 50.0000
v -22.0000 -0.8000 50.0000
v -20.0000 -0.8000 50.0000
v -18.0000 -0.8000 50.0000
v -16.0000 -0.8000 50.0000
v -14.0000 -0.8000 50.0000
v -12.0000 -0.8000 50.0000
v -10.0000 -0.8000 50.0000
v -8.0000 -0.8000 50.0000
v -6.0000 -0.8000 50.0000
v -4.0000 -0.8000 50.0000
v -2.0000 -0.8000 50.0000
v 0.0000 -0.8000 50.0000
v 2.0000 -0.8000 50.0000
v 4.0000 -0.8000 50.0000
v 6.0000 -0.8000 50.0000
v 8.0000 -0.8000 50.0000
v 10.0000 -0.8000 50.0000
v 12.0000 -0.8000 50.0000
v 14.0000 -0.8000 50.0000
v 16.0000 -0.8000 50.0000
v 18.0000 -0.8000 50.0000
v 20.0000 -0.8000 50.0000
v 22.0000 -0.8000 50.0000
v 24.0000 -0.8000 50.0000
v 26.0000 -0.8000 50.0000
v 28.0000 -0.8000 50.0000
v 30.0000 -0.8000 50.0000
v 32.0000 -0.8000 50.0000
v 34.0000 -0.8000 50.0000
v 36.0000 -0.8000 50.0000
v 38.0000 -0.8000 50.0000
v 40.0000 -0.8000 50.0000
v 42.0000 -0.8000 50.0000
v 44.0000 -0.8000 50.0000
v 46.0000 -0.8000 50.0000
v 48.0000 -0.8000 50.0000
v 50.0000 -0.8000 50.0000
v 52.0000 -0.8000 50.0000
v 54.0000 -0.8000 50.0000
v 56.0000 -0.8000 50.0000
v 58.0000 -0.8000 50.0000
v 60.0000 -0.8000 50.0000
v 62.0000 -0.8000 50.0000
v 64.0000 -0.8000 50.0000
v 66.0000 -0.8000 50.0000
v 68.0000 -0.8000 50.0000
v 70.0000 -0.8000 50.0000
v 72.0000 -0.8000 50.0000
v -72.0000 -0.8000 52.0000
v -70.0000 -0.8000 52.0000
v -68.0000 -0.8000 52.0000
v -66.0000 -0.8000 52.0000
v -64.0000 -0.8000 52.0000
v -62.0000 -0.8000 52.0000
v -60.0000 -0.8000 52.0000
v -58.0000 -0.8000 52.0000
v -56.0000 -0.8000 52.0000
v -54.0000 -0.8000 52.0000
v -52.0000 -0.8000 52.0000
v -50.0000 -0.8000 52.0000
v -48.0000 -0.8000 52.0000
v -46.0000 -0.8000 52.0000
v -44.0000 -0.8000 52.0000
v -42.0000 -0.8000 52.0000
v -40.0000 -0.8000 52.0000
v -38.0000 -0.8000 52.0000
v -36.0000 -0.8000 52.0000
v -34.0000 -0.8000 52.0000
v -32.0000 -0.8000 52.0000
v -30.0000 -0.8000 52.0000
v -28.0000 -0.8000 52.0000
v -26.0000 -0.8000 52.0000
v -24.0000 -0.8000 52.0000
v -22.0000 -0.8000 52.0000
v -20.0000 -0.8000 52.0000
v -18.0000 -0.8000 52.0000
v -16.0000 -0.8000 52.0000
v -14.0000 -0.8000 52.0000
v -12.0000 -0.8000 52.0000
v -10.0000 -0.8000 52.0000
v -8.0000 -0.8000 52.0000
v -6.0000 -0.8000 52.0000
v -4.0000 -0.8000 52.0000
v -2.0000 -0.8000 52.0000
v 0.0000 -0.8000 52.0000
v 2.0000 -0.8000 52.0000
v 4.0000 -0.8000 52.0000
v 6.0000 -0.8000 52.0000
v 8.0000 -0.8000 52.0000
v 10.0000 -0.8000 52.0000
v 12.0000 -0.8000 52.0000
v 14.0000 -0.8000 52.0000
v 16.0000 -0.8000 52.0000
v 18.0000 -0.8000 52.0000
v 20.0000 -0.8000 52.0000
v 22.0000 -0.8000 52.0000
v 24.0000 -0.8000 52.0000
v 26.0000 -0.8000 52.0000
v 28.0000 -0.8000 52.0000
v 30.0000 -0.8000 52.0000
v 32.0000 -0.8000 52.0000
v 34.0000 -0.8000 52.0000
v 36.0000 -0.8000 52.0000
v 38.0000 -0.8000 52.0000
v 40.0000 -0.8000 52.0000
v 42.0000 -0.8000 52.0000
v 44.0000 -0.8000 52.0000
v 46.0000 -0.8000 52.0000
v 48.0000 -0.8000 52.0000
v 50.0000 -0.8000 52.0000
v 52.0000 -0.8000 52.0000
v 54.0000 -0.8000 52.0000
v 56.0000 -0.8000 52.0000
v 58.0000 -0.8000 52.0000
v 60.0000 -0.8000 52.0000
v 62.0000 -0.8000 52.0000
v 64.0000 -0.8000 52.0000
v 66.0000 -0.8000 52.0000
v 68.0000 -0.8000 52.0000
v 70.0000 -0.8000 52.0000
v 72.0000 -0.8000 52.0000
v -72.0000 -0.8000 54.0000
v -70.0000 -0.8000 54.0000
v -68.0000 -0.8000 54.0000
v -66.0000 -0.8000 54.0000
v -64.0000 -0.8000 54.0000
v -62.0000 -0.8000 54.0000
v -60.0000 -0.8000 54.0000
v -58.0000 -0.8000 54.0000
v -56.0000 -0.8000 54.0000
v -54.0000 -0.8000 54.0000
v -52.0000 -0.8000 54.0000
v -50.0000 -0.8000 54.0000
v -48.0000 -0.8000 54.0000
v -46.0000 -0.8000 54.0000
v -44.0000 -0.8000 54.0000
v -42.0000 -0.8000 54.0000
v -40.0000 -0.8000 54.0000
v -38.0000 -0.8000 54.0000
v -36.0000 -0.8000 54.0000
v -34.0000 -0.8000 54.0000
v -32.0000 -0.8000 54.0000
v -30.0000 -0.8000 54.0000
v -28.0000 -0.8000 54.0000
v -26.0000 -0.8000 54.0000
v -24.0000 -0.8000 54.0000
v -22.0000 -0.8000 54.0000
v -20.0000 -0.8000 54.0000
v -18.0000 -0.8000 54.0000
v -16.0000 -0.8000 54.0000
v -14.0000 -0.8000 54.0000
v -12.0000 -0.8000 54.0000
v -10.0000 -0.8000 54.0000
v -8.0000 -0.8000 54.0000
v -6.0000 -0.8000 54.0000
v -4.0000 -0.8000 54.0000
v -2.0000 -0.8000 54.0000
v 0.0000 -0.8000 54.0000
v 2.0000 -0.8000 54.0000
v 4.0000 -0.8000 54.0000
v 6.0000 -0.8000 54.0000
v 8.0000 -0.8000 54.0000
v 10.0000 -0.8000 54.0000
v 12.0000 -0.8000 54.0000
v 14.0000 -0.8000 54.0000
v 16.0000 -0.8000 54.0000
v 18.0000 -0.8000 54.0000
v 20.0000 -0.8000 54.0000
v 22.0000 -0.8000 54.0000
v 24.0000 -0.8000 54.0000
v 26.0000 -0.8000 54.0000
v 28.0000 -0.8000 54.0000
v 30.0000 -0.8000 54.0000
v 32.0000 -0.8000 54.0000
v 34.0000 -0.8000 54.0000
v 36.0000 -0.8000 54.0000
v 38.0000 -0.8000 54.0000
v 40.0000 -0.8000 54.0000
v 42.0000 -0.8000 54.0000
v 44.0000 -0.8000 54.0000
v 46.0000 -0.8000 54.0000
v 48.0000 -0.8000 54.0000
v 50.0000 -0.8000 54.0000
v 52.0000 -0.8000 54.0000
v 54.0000 -0.8000 54.0000
v 56.0000 -0.8000 54.0000
v 58.0000 -0.8000 54.0000
v 60.0000 -0.8000 54.0000
v 62.0000 -0.8000 54.0000
v 64.0000 -0.8000 54.0000
v 66.0000 -0.8000 54.0000
v 68.0000 -0.8000 54.0000
v 70.0000 -0.8000 54.0000
v 72.0000 -0.8000 54.0000
v -72.0000 -0.8000 56.0000
v -70.0000 -0.8000 56.0000
v -68.0000 -0.8000 56.0000
v -66.0000 -0.8000 56.0000
v -64.0000 -0.8000 56.0000
v -62.0000 -0.8000 56.0000
v -60.0000 -0.8000 56.0000
v -58.0000 -0.8000 56.0000
v -56.0000 -0.8000 56.0000
v -54.0000 -0.8000 56.0000
v -52.0000 -0.8000 56.0000
v -50.0000 -0.8000 56.0000
v -48.0000 -0.8000 56.0000
v -46.0000 -0.8000 56.0000
v -44.0000 -0.8000 56.0000
v -42.0000 -0.8000 56.0000
v -40.0000 -0.8000 56.0000
v -38.0000 -0.8000 56.0000
v -36.0000 -0.8000 56.0000
v -34.0000 -0.8000 56.0000
v -32.0000 -0.8000 56.0000
v -30.0000 -0.8000 56.0000
v -28.0000 -0.8000 56.0000
v -26.0000 -0.8000 56.0000
v -24.0000 -0.8000 56.0000
v -22.0000 -0.8000 56.0000
v -20.0000 -0.8000 56.0000
v -18.0000 -0.8000 56.0000
v -16.0000 -0.8000 56.0000
v -14.0000 -0.8000 56.0000
v -12.0000 -0.8000 56.0000
v -10.0000 -0.8000 56.0000
v -8.0000 -0.8000 56.0000
v -6.0000 -0.8000 56.0000
v -4.0000 -0.8000 56.0000
v -2.0000 -0.8000 56.0000
v 0.0000 -0.8000 56.0000
v 2.0000 -0.8000 56.0000
v 4.0000 -0.8000 56.0000
v 6.0000 -0.8000 56.0000
v 8.0000 -0.8000 56.0000
v 10.0000 -0.8000 56.0000
v 12.0000 -0.8000 56.0000
v 14.0000 -0.8000 56.0000
v 16.0000 -0.8000 56.0000
v 18.0000 -0.8000 56.0000
v 20.0000 -0.8000 56.0000
v 22.0000 -0.8000 56.0000
v 24.0000 -0.8000 56.0000
v 26.0000 -0.8000 56.0000
v 28.0000 -0.8000 56.0000
v 30.0000 -0.8000 56.0000
v 32.0000 -0.8000 56.0000
v 34.0000 -0.8000 56.0000
v 36.0000 -0.8000 56.0000
v 38.0000 -0.8000 56.0000
v 40.0000 -0.8000 56.0000
v 42.0000 -0.8000 56.0000
v 44.0000 -0.8000 56.0000
v 46.0000 -0.8000 56.0000
v 48.0000 -0.8000 56.0000
v 50.0000 -0.8000 56.0000
v 52.0000 -0.8000 56.0000
v 54.0000 -0.8000 56.0000
v 56.0000 -0.8000 56.0000
v 58.0000 -0.8000 56.0000
v 60.0000 -0.8000 56.0000
v 62.0000 -0.8000 56.0000
v 64.0000 -0.8000 56.0000
v 66.0000 -0.8000 56.0000
v 68.0000 -0.8000 56.0000
v 70.0000 -0.8000 56.0000
v 72.0000 -0.8000 56.0000
v -72.0000 -0.8000 58.0000
v -70.0000 -0.8000 58.0000
v -68.0000 -0.8000 58.0000
v -66.0000 -0.8000 58.0000
v -64.0000 -0.8000 58.0000
v -62.0000 -0.8000 58.0000
v -60.0000 -0.8000 58.0000
v -58.0000 -0.8000 58.0000
v -56.0000 -0.8000 58.0000
v -54.0000 -0.8000 58.0000
v -52.0000 -0.8000 58.0000
v -50.0000 -0.8000 58.0000
v -48.0000 -0.8000 58.0000
v -46.0000 -0.8000 58.0000
v -44.0000 -0.8000 58.0000
v -42.0000 -0.8000 58.0000
v -40.0000 -0.8000 58.0000
v -38.0000 -0.8000 58.0000
v -36.0000 -0.8000 58.0000
v -34.0000 -0.8000 58.0000
v -32.0000 -0.8000 58.0000
v -30.0000 -0.8000 58.0000
v -28.0000 -0.8000 58.0000
v -26.0000 -0.8000 58.0000
v -24.0000 -0.8000 58.0000
v -22.0000 -0.8000 58.0000
v -20.0000 -0.8000 58.0000
v -18.0000 -0.8000 58.0000
v -16.0000 -0.8000 58.0000
v -14.0000 -0.8000 58.0000
v -12.0000 -0.8000 58.0000
v -10.0000 -0.8000 58.0000
v -8.0000 -0.8000 58.0000
v -6.0000 -0.8000 58.0000
v -4.0000 -0.8000 58.0000
v -2.0000 -0.8000 58.0000
v 0.0000 -0.8000 58.0000
v 2.0000 -0.8000 58.0000
v 4.0000 -0.8000 58.0000
v 6.0000 -0.8000 58.0000
v 8.0000 -0.8000 58.0000
v 10.0000 -0.8000 58.0000
v 12.0000 -0.8000 58.0000
v 14.0000 -0.8000 58.0000
v 16.0000 -0.8000 58.0000
v 18.0000 -0.8000 58.0000
v 20.0000 -0.8000 58.0000
v 22.0000 -0.8000 58.0000
v 24.0000 -0.8000 58.0000
v 26.0000 -0.8000 58.0000
v 28.0000 -0.8000 58.0000
v 30.0000 -0.8000 58.0000
v 32.0000 -0.8000 58.0000
v 34.0000 -0.8000 58.0000
v 36.0000 -0.8000 58.0000
v 38.0000 -0.8000 58.0000
v 40.0000 -0.8000 58.0000
v 42.0000 -0.8000 58.0000
v 44.0000 -0.8000 58.0000
v 46.0000 -0.8000 58.0000
v 48.0000 -0.8000 58.0000
v 50.0000 -0.8000 58.0000
v 52.0000 -0.8000 58.0000
v 54.0000 -0.8000 58.0000
v 56.0000 -0.8000 58.0000
v 58.0000 -0.8000 58.0000
v 60.0000 -0.8000 58.0000
v 62.0000 -0.8000 58.0000
v 64.0000 -0.8000 58.0000
v 66.0000 -0.8000 58.0000
v 68.0000 -0.8000 58.0000
v 70.0000 -0.8000 58.0000
v 72.0000 -0.8000 58.0000
v -72.0000 -0.8000 60.0000
v -70.0000 -0.8000 60.0000
v -68.0000 -0.8000 60.0000
v -66.0000 -0.8000 60.0000
v -64.0000 -0.8000 60.0000
v -62.0000 -0.8000 60.0000
v -60.0000 -0.8000 60.0000
v -58.0000 -0.8000 60.0000
v -56.0000 -0.8000 60.0000
v -54.0000 -0.8000 60.0000
v -52.0000 -0.8000 60.0000
v -50.0000 -0.8000 60.0000
v -48.0000 -0.8000 60.0000
v -46.0000 -0.8000 60.0000
v -44.0000 -0.8000 60.0000
v -42.0000 -0.8000 60.0000
v -40.0000 -0.8000 60.0000
v -38.0000 -0.8000 60.0000
v -36.0000 -0.8000 60.0000
v -34.0000 -0.8000 60.0000
v -32.0000 -0.8000 60.0000
v -30.0000 -0.8000 60.0000
v -28.0000 -0.8000 60.0000
v -26.0000 -0.8000 60.0000
v -24.0000 -0.8000 60.0000
v -22.0000 -0.8000 60.0000
v -20.0000 -0.8000 60.0000
v -18.0000 -0.8000 60.0000
v -16.0000 -0.8000 60.0000
v -14.0000 -0.8000 60.0000
v -12.0000 -0.8000 60.0000
v -10.0000 -0.8000 60.0000
v -8.0000 -0.8000 60.0000
v -6.0000 -0.8000 60.0000
v -4.0000 -0.8000 60.0000
v -2.0000 -0.8000 60.0000
v 0.0000 -0.8000 60.0000
v 2.0000 -0.8000 60.0000
v 4.0000 -0.8000 60.0000
v 6.0000 -0.8000 60.0000
v 8.0000 -0.8000 60.0000
v 10.0000 -0.8000 60.0000
v 12.0000 -0.8000 60.0000
v 14.0000 -0.8000 60.0000
v 16.0000 -0.8000 60.0000
v 18.0000 -0.8000 60.0000
v 20.0000 -0.8000 60.0000
v 22.0000 -0.8000 60.0000
v 24.0000 -0.8000 60.0000
v 26.0000 -0.8000 60.0000
v 28.0000 -0.8000 60.0000
v 30.0000 -0.8000 60.0000
v 32.0000 -0.8000 60.0000
v 34.0000 -0.8000 60.0000
v 36.0000 -0.8000 60.0000
v 38.0000 -0.8000 60.0000
v 40.0000 -0.8000 60.0000
v 42.0000 -0.8000 60.0000
v 44.0000 -0.8000 60.0000
v 46.0000 -0.8000 60.0000
v 48.0000 -0.8000 60.0000
v 50.0000 -0.8000 60.0000
v 52.0000 -0.8000 60.0000
v 54.0000 -0.8000 60.0000
v 56.0000 -0.8000 60.0000
v 58.0000 -0.8000 60.0000
v 60.0000 -0.8000 60.0000
v 62.0000 -0.8000 60.0000
v 64.0000 -0.8000 60.0000
v 66.0000 -0.8000 60.0000
v 68.0000 -0.8000 60.0000
v 70.0000 -0.8000 60.0000
v 72.0000 -0.8000 60.0000
vn 0.00852 0.99926 -0.03752
vn -0.01857 0.99874 -0.04656
vn 0.00776 0.99698 -0.07724
vn -0.00188 0.99791 -0.06460
vn 0.02275 0.99870 -0.04556
vn -0.02755 0.99924 0.02755
vn 0.00009 0.99847 0.05528
vn 0.00808 0.99978 -0.01958
vn 0.01359 0.99936 -0.03316
vn -0.00564 0.99992 0.01142
vn -0.00322 0.99993 0.01132
vn -0.02487 0.99862 0.04627
vn -0.01034 0.99756 0.06907
vn -0.00262 0.99696 0.07785
vn 0.02176 0.99846 0.05107
vn 0.03086 0.99950 -0.00713
vn -0.00256 0.99999 -0.00256
vn 0.00256 0.99998 -0.00513
vn -0.02884 0.99917 0.02884
vn 0.00011 0.99832 0.05788
vn 0.00496 0.99972 0.02331
vn -0.01081 0.99827 0.05786
vn 0.02043 0.99946 0.02577
vn 0.01126 0.99992 0.00655
vn 0.00327 0.99999 0.00000
vn -0.02114 0.99955 0.02114
vn -0.00671 0.99877 0.04909
vn -0.00394 0.99924 0.03866
vn 0.00555 0.99865 0.05157
vn -0.02105 0.99978 -0.00052
vn 0.02585 0.99965 -0.00601
vn 0.02078 0.99978 -0.00081
vn 0.00081 1.00000 -0.00162
vn -0.00021 1.00000 0.00021
vn -0.02778 0.99924 -0.02735
vn 0.02789 0.99807 -0.05546
vn -0.03831 0.99911 0.01788
vn 0.01029 0.99930 0.03588
vn 0.02811 0.99960 0.00000
vn -0.00184 1.00000 0.00184
vn -0.02733 0.99935 -0.02364
vn -0.00949 0.99817 -0.05976
vn -0.00551 0.99998 0.00234
vn 0.02414 0.99939 0.02528
vn 0.01062 0.99990 0.00940
vn 0.00000 0.99982 0.01879
vn -0.02335 0.99966 -0.01149
vn 0.01824 0.99965 -0.01910
vn -0.00766 0.99985 0.01560
vn -0.01453 0.99912 0.03933
vn -0.00454 0.99791 0.06444
vn 0.01093 0.99882 0.04741
vn 0.00052 0.99909 0.04268
vn -0.01237 0.99989 0.00870
vn 0.04097 0.99784 -0.05139
vn 0.00108 1.00000 -0.00215
vn 0.00000 1.00000 0.00000
vn 0.00000 1.00000 0.00000
vn 0.00000 1.00000 0.00000
vn -0.03448 0.99939 -0.00476
vn 0.00118 0.99961 -0.02794
vn 0.03324 0.99877 -0.03680
vn -0.00164 1.00000 -0.00164
vn 0.00164 0.99999 -0.00329
vn -0.04383 0.99896 -0.01262
vn -0.00101 0.99935 -0.03610
vn 0.02801 0.99932 -0.02382
vn 0.01413 0.99989 -0.00423
vn 0.00131 1.00000 -0.00148
vn -0.04620 0.99893 -0.00043
vn 0.00615 0.99975 0.02156
vn 0.02513 0.99914 0.03294
vn 0.04940 0.99878 0.00000
vn -0.00810 0.99985 -0.01513
vn -0.00501 0.99979 -0.01962
vn -0.00737 0.99997 -0.00144
vn 0.00542 0.99998 -0.00270
vn 0.02092 0.99973 -0.01045
vn 0.01659 0.99971 -0.01757
vn -0.01017 0.99987 0.01263
vn -0.01068 0.99988 0.01094
vn 0.00749 0.99986 -0.01499
vn 0.01353 0.99991 -0.00231
vn 0.00167 0.99998 0.00557
vn -0.00472 0.99990 0.01319
vn -0.00607 0.99952 0.03043
vn 0.00059 0.99941 0.03438
vn -0.01095 0.99950 0.02973
vn 0.01653 0.99983 -0.00827
vn 0.00639 0.99992 -0.01127
vn 0.00000 1.00000 -0.00000
vn -0.01155 0.99981 -0.01540
vn -0.00034 1.00000 0.00069
vn 0.01411 0.99979 0.01464
vn -0.01712 0.99969 0.01835
vn 0.01188 0.99985 0.01231
vn 0.00399 0.99995 0.00890
vn 0.00164 1.00000 0.00164
vn -0.00763 0.99994 -0.00763
vn -0.00294 0.99998 0.00590
vn 0.00721 0.99982 0.01735
vn -0.02383 0.99962 0.01393
vn 0.00197 0.99999 -0.00310
vn -0.01531 0.99974 0.01708
vn 0.02775 0.99934 -0.02330
vn -0.00166 0.99930 -0.03749
vn 0.01437 0.99952 -0.02756
vn -0.02783 0.99951 0.01405
vn 0.00011 1.00000 0.00011
vn 0.01629 0.99982 -0.00992
vn -0.02689 0.99957 0.01177
vn 0.03825 0.99909 -0.01897
vn 0.00000 1.00000 0.00000
vn -0.02819 0.99948 0.01545
vn -0.02096 0.99971 0.01185
vn 0.01159 0.99991 0.00679
vn 0.02028 0.99964 0.01745
vn 0.00298 0.99996 -0.00812
vn -0.00075 0.99955 -0.02998
vn -0.00691 0.99996 -0.00526
vn -0.00851 0.99994 0.00743
vn 0.02346 0.99971 -0.00564
vn -0.00461 0.99988 0.01502
vn -0.01088 0.99980 0.01699
vn 0.01372 0.99987 0.00801
vn -0.00680 0.99990 0.01225
vn -0.02399 0.99965 0.01139
vn 0.01345 0.99990 -0.00303
vn 0.02295 0.99963 -0.01480
vn -0.00619 0.99988 -0.01448
vn 0.00023 0.99960 -0.02823
vn 0.00925 0.99979 -0.01850
vn -0.01960 0.99976 0.00979
vn -0.02584 0.99938 0.02406
vn 0.02705 0.99963 -0.00236
vn 0.00554 0.99979 -0.01961
vn 0.01120 0.99969 -0.02243
vn -0.03850 0.99926 0.00134
vn -0.01591 0.99987 0.00174
vn 0.02338 0.99972 0.00213
vn 0.01506 0.99968 -0.02047
vn 0.01565 0.99960 -0.02369
vn -0.02201 0.99971 0.01014
vn -0.01107 0.99964 0.02439
vn 0.02264 0.99965 0.01346
vn 0.01648 0.99983 0.00792
vn -0.03795 0.99865 0.03550
vn -0.01502 0.99986 0.00714
vn 0.02629 0.99965 -0.00416
vn 0.01099 0.99945 0.03136
vn -0.01362 0.99969 0.02062
vn 0.01075 0.99990 -0.00865
vn -0.00784 0.99997 -0.00287
vn -0.00524 0.99991 -0.01210
vn 0.00159 0.99999 0.00457
vn 0.02477 0.99969 0.00228
vn -0.01193 0.99990 -0.00736
vn 0.00051 0.99954 -0.03016
vn 0.00950 0.99977 -0.01945
vn -0.01601 0.99981 -0.01137
vn -0.01114 0.99952 -0.02888
vn -0.00833 0.99979 -0.01885
vn 0.02334 0.99938 -0.02640
vn 0.01277 0.99987 -0.00938
vn -0.02692 0.99952 0.01536
vn -0.00074 1.00000 -0.00074
vn 0.02894 0.99946 -0.01555
vn -0.02042 0.99978 -0.00399
vn -0.00050 0.99957 -0.02942
vn 0.02088 0.99945 -0.02589
vn 0.00000 1.00000 0.00000
vn -0.02401 0.99971 -0.00113
vn 0.00875 0.99981 -0.01752
vn 0.00064 0.99975 -0.02226
vn -0.02376 0.99943 -0.02379
vn 0.00913 0.99979 -0.01826
vn -0.00264 0.99998 0.00585
vn -0.00234 0.99998 0.00566
vn -0.02774 0.99961 -0.00110
vn 0.02907 0.99886 -0.03774
vn 0.02545 0.99917 -0.03188
vn -0.00661 0.99989 0.01325
vn 0.01149 0.99982 0.01508
vn -0.04407 0.99894 0.01326
vn 0.01362 0.99965 -0.02280
vn 0.03276 0.99919 -0.02358
vn 0.00000 1.00000 0.00000
vn -0.01895 0.99958 0.02193
vn 0.00806 0.99966 0.02488
vn 0.00726 0.99981 0.01834
vn -0.03073 0.99945 0.01256
vn -0.01542 0.99988 -0.00061
vn 0.02205 0.99953 -0.02132
vn 0.01046 0.99994 0.00105
vn 0.00834 0.99993 0.00834
vn 0.00649 0.99997 -0.00340
vn -0.02165 0.99971 0.01026
vn 0.00289 0.99998 -0.00577
vn -0.00632 0.99993 -0.01038
vn -0.01732 0.99950 -0.02655
vn 0.01669 0.99973 -0.01641
vn 0.01729 0.99984 -0.00344
vn -0.01241 0.99992 -0.00205
vn -0.01408 0.99988 0.00703
vn 0.01898 0.99977 -0.00948
vn 0.00622 0.99975 -0.02156
vn 0.00247 0.99998 -0.00496
vn 0.00060 0.99960 0.02822
vn -0.01418 0.99971 0.01947
vn 0.00013 1.00000 -0.00026
vn -0.00769 0.99996 -0.00548
vn -0.01464 0.99987 0.00666
vn 0.01586 0.99987 -0.00292
vn -0.00958 0.99992 -0.00775
vn 0.00527 0.99967 -0.02527
vn 0.03202 0.99904 -0.02983
vn -0.02134 0.99971 0.01083
vn 0.01463 0.99986 -0.00824
vn -0.01711 0.99985 -0.00000
vn 0.00572 0.99998 0.00216
vn -0.03319 0.99883 0.03511
vn 0.00770 0.99980 0.01861
vn 0.02956 0.99952 -0.00927
vn -0.02530 0.99960 0.01263
vn -0.01102 0.99990 -0.00828
vn 0.02108 0.99967 -0.01497
vn -0.01652 0.99984 0.00706
vn 0.01184 0.99992 -0.00516
vn 0.01845 0.99983 -0.00017
vn -0.01933 0.99979 0.00746
vn -0.02213 0.99969 0.01105
vn 0.01603 0.99977 -0.01421
vn -0.00168 0.99998 -0.00538
vn -0.02994 0.99955 0.00147
vn 0.00718 0.99981 -0.01813
vn 0.02291 0.99973 -0.00449
vn 0.02204 0.99975 -0.00294
vn -0.00747 0.99982 -0.01732
vn -0.00156 1.00000 0.00091
vn 0.01412 0.99980 0.01412
vn -0.01779 0.99980 0.00889
vn -0.02591 0.99945 0.02088
vn 0.02458 0.99969 -0.00433
vn 0.02059 0.99974 -0.01029
vn -0.02863 0.99959 -0.00238
vn -0.00290 0.99991 -0.01342
vn 0.00236 1.00000 0.00065
vn -0.02221 0.99974 0.00516
vn 0.01634 0.99986 0.00442
vn 0.00520 0.99999 -0.00138
vn 0.00101 0.99984 -0.01806
vn -0.00359 0.99981 0.01940
vn -0.01269 0.99892 0.04469
vn 0.01048 0.99994 0.00111
vn 0.01013 0.99935 -0.03463
vn 0.02300 0.99930 -0.02961
vn -0.03546 0.99936 -0.00427
vn -0.02275 0.99970 -0.00861
vn 0.05030 0.99840 -0.02574
vn 0.00965 0.99994 -0.00482
vn -0.01639 0.99987 -0.00039
vn -0.00688 0.99969 -0.02400
vn 0.01861 0.99921 -0.03503
vn -0.00746 0.99996 -0.00455
vn -0.01350 0.99954 0.02707
vn 0.00136 0.99932 0.03676
vn 0.01052 0.99989 0.01052
vn 0.00512 0.99998 0.00223
vn 0.00319 0.99999 0.00319
vn -0.00054 1.00000 0.00027
vn -0.02048 0.99972 0.01146
vn 0.00822 0.99996 -0.00288
vn -0.04729 0.99860 0.02354
vn 0.02045 0.99977 -0.00585
vn 0.01258 0.99969 -0.02159
vn 0.01241 0.99943 -0.03131
vn 0.01061 0.99994 0.00358
vn -0.00320 0.99969 0.02457
vn -0.01188 0.99982 0.01467
vn -0.00526 0.99997 -0.00526
vn 0.02980 0.99930 -0.02275
vn -0.00191 1.00000 0.00095
vn -0.02038 0.99970 0.01327
vn 0.00019 0.99996 -0.00905
vn -0.01902 0.99970 0.01541
vn -0.00890 0.99991 0.00987
vn 0.00482 0.99993 -0.01054
vn -0.01153 0.99986 0.01207
vn 0.03613 0.99923 -0.01531
vn -0.00847 0.99996 -0.00262
vn -0.00567 0.99976 -0.02099
vn 0.03903 0.99856 -0.03668
vn 0.00000 1.00000 0.00286
vn 0.00143 1.00000 0.00143
vn -0.01292 0.99958 0.02587
vn 0.01295 0.99983 0.01295
vn -0.01368 0.99981 -0.01368
vn -0.01734 0.99982 0.00714
vn 0.00555 0.99995 0.00830
vn 0.00276 0.99999 -0.00394
vn -0.00260 0.99987 0.01601
vn 0.01822 0.99982 -0.00608
vn -0.00024 0.99992 -0.01280
vn -0.01748 0.99984 -0.00394
vn -0.00930 0.99994 -0.00645
vn 0.01455 0.99949 -0.02840
vn -0.01619 0.99978 0.01329
vn -0.01253 0.99909 0.04071
vn 0.01480 0.99986 0.00725
vn 0.03038 0.99950 -0.00880
vn -0.02704 0.99952 0.01502
vn -0.00105 0.99997 -0.00785
vn 0.03061 0.99935 -0.01914
vn -0.00649 0.99996 -0.00649
vn -0.00240 0.99999 0.00482
vn -0.00067 0.99954 0.03025
vn 0.01030 0.99989 0.01030
vn -0.03532 0.99937 -0.00195
vn -0.00847 0.99996 -0.00226
vn 0.02302 0.99968 -0.01040
vn -0.00358 0.99995 0.00883
vn -0.00201 0.99964 0.02669
vn -0.00110 0.99997 0.00713
vn -0.01528 0.99965 0.02156
vn 0.03225 0.99948 -0.00219
vn 0.00035 0.99988 0.01536
vn -0.01392 0.99943 0.03082
vn -0.02232 0.99929 0.03031
vn 0.02142 0.99977 -0.00142
vn -0.01603 0.99984 -0.00781
vn -0.03178 0.99944 0.01057
vn 0.03936 0.99922 -0.00353
vn 0.02252 0.99953 -0.02066
vn -0.01102 0.99957 -0.02710
vn -0.03293 0.99939 -0.01120
vn 0.02064 0.99955 -0.02197
vn 0.01084 0.99965 -0.02414
vn 0.01178 0.99967 -0.02273
vn 0.01173 0.99992 -0.00399
vn -0.01135 0.99989 0.00927
vn 0.01135 0.99993 -0.00208
vn -0.01210 0.99992 -0.00395
vn 0.01209 0.99980 -0.01604
vn -0.02263 0.99962 0.01578
vn 0.00299 0.99999 0.00299
vn -0.00811 0.99981 0.01773
vn -0.01134 0.99910 0.04087
vn -0.00514 0.99984 0.01726
vn -0.00152 1.00000 0.00010
vn 0.02940 0.99944 -0.01576
vn 0.00451 0.99984 -0.01713
vn 0.00507 0.99994 -0.01014
vn -0.01589 0.99953 0.02638
vn 0.01231 0.99985 0.01231
vn 0.01049 0.99993 -0.00525
vn -0.02161 0.99973 0.00874
vn -0.02558 0.99964 -0.00853
vn 0.02411 0.99949 -0.02075
vn -0.00115 0.99975 0.02245
vn -0.00626 0.99939 0.03436
vn -0.00840 0.99977 0.01974
vn 0.00864 0.99994 0.00626
vn 0.01528 0.99988 0.00022
vn -0.03403 0.99923 0.01976
vn 0.00132 0.99999 0.00295
vn -0.01205 0.99985 -0.01205
vn 0.00062 0.99985 -0.01745
vn 0.00540 0.99993 -0.01080
vn 0.00000 1.00000 0.00000
vn -0.04044 0.99918 0.00059
vn 0.01261 0.99957 -0.02666
vn 0.00619 0.99993 0.00999
vn -0.01412 0.99980 -0.01412
vn -0.00791 0.99770 -0.06734
vn -0.02917 0.99280 -0.11614
vn 0.00009 0.98525 -0.17113
vn -0.00990 0.99019 -0.13939
vn -0.02493 0.99128 -0.12939
vn 0.03759 0.99340 -0.10839
vn 0.04753 0.99811 -0.03885
vn 0.00441 0.99998 0.00442
vn -0.00644 0.99971 0.02335
vn 0.00901 0.99992 0.00901
vn 0.01013 0.99994 -0.00506
vn -0.02063 0.99929 0.03138
vn 0.01860 0.99976 0.01178
vn -0.00782 0.99996 0.00391
vn 0.00000 1.00000 0.00000
vn 0.01445 0.99987 -0.00722
vn -0.01350 0.99982 -0.01350
vn -0.01267 0.99982 -0.01395
vn -0.01400 0.99971 0.01937
vn 0.00355 0.99999 -0.00109
vn 0.01281 0.99963 -0.02407
vn -0.00450 0.99989 -0.01432
vn 0.01015 0.99971 -0.02163
vn -0.00338 0.99999 -0.00220
vn 0.01621 0.99987 0.00203
vn 0.00534 0.99997 0.00534
vn -0.01200 0.99986 -0.01200
vn -0.00331 0.99993 -0.01121
vn -0.03122 0.99941 -0.01457
vn 0.00121 0.99776 -0.06691
vn -0.02500 0.99896 -0.03805
vn 0.01699 0.99864 -0.04923
vn -0.00094 0.99763 -0.06879
vn 0.00717 0.99838 -0.05644
vn -0.00658 0.99995 0.00707
vn 0.00991 0.99983 0.01565
vn 0.00899 0.99993 0.00729
vn -0.01480 0.99980 -0.01345
vn 0.04044 0.99835 -0.04074
vn -0.00662 0.99996 -0.00616
vn -0.00519 0.99970 -0.02410
vn 0.00164 0.99984 -0.01805
vn -0.01106 0.99988 -0.01106
vn 0.02757 0.99905 -0.03360
vn -0.00762 0.99985 0.01526
vn 0.00519 0.99997 0.00519
vn -0.01135 0.99993 0.00271
vn -0.00349 0.99994 0.01036
vn -0.01567 0.99944 0.02947
vn 0.01178 0.99984 0.01365
vn -0.00011 1.00000 -0.00296
vn 0.00842 0.99994 -0.00688
vn 0.01510 0.99987 -0.00470
vn -0.00907 0.99994 0.00667
vn -0.00450 0.99986 -0.01595
vn 0.00884 0.99965 -0.02474
vn -0.03476 0.99891 0.03110
vn -0.00892 0.99993 0.00814
vn 0.04826 0.99825 -0.03411
vn -0.00834 0.99983 0.01669
vn -0.01605 0.99974 0.01623
vn -0.00673 0.99988 0.01429
vn 0.01998 0.99980 0.00271
vn -0.01668 0.99981 0.00974
vn -0.01374 0.99976 0.01727
vn -0.03428 0.99934 -0.01188
vn -0.00228 0.99993 -0.01167
vn 0.01205 0.99991 -0.00602
vn 0.01080 0.99993 -0.00540
vn -0.03871 0.99925 0.00056
vn -0.01549 0.99982 -0.01056
vn 0.04684 0.99838 -0.03241
vn -0.09421 0.99519 -0.02685
vn -0.10874 0.98208 -0.15393
vn -0.09245 0.96229 -0.25584
vn -0.04736 0.95458 -0.29415
vn 0.03050 0.94081 -0.33755
vn 0.02299 0.95574 -0.29331
vn 0.10260 0.97028 -0.21917
vn 0.14054 0.98309 -0.11737
vn 0.03555 0.99926 -0.01483
vn 0.00000 1.00000 0.00000
vn 0.00549 0.99995 0.00829
vn 0.00735 0.99995 0.00735
vn -0.00228 0.99999 0.00457
vn -0.00385 0.99997 0.00609
vn 0.00602 0.99998 -0.00243
vn -0.00782 0.99988 0.01351
vn 0.00794 0.99995 0.00579
vn -0.02787 0.99953 0.01256
vn 0.00090 1.00000 -0.00179
vn 0.00817 0.99985 0.01556
vn -0.01979 0.99954 0.02280
vn -0.00865 0.99995 0.00524
vn 0.00714 0.99996 -0.00543
vn -0.00822 0.99990 -0.01166
vn 0.01560 0.99978 -0.01408
vn 0.01260 0.99990 -0.00630
vn 0.02013 0.99975 -0.01006
vn -0.03592 0.99935 0.00009
vn -0.03768 0.99776 -0.05532
vn -0.08303 0.98816 -0.12902
vn -0.05784 0.97118 -0.23121
vn -0.00581 0.95830 -0.28571
vn 0.01489 0.96192 -0.27294
vn 0.00149 0.97013 -0.24258
vn 0.06029 0.97325 -0.22170
vn 0.11514 0.98657 -0.11587
vn -0.00186 0.99954 0.03037
vn 0.00395 0.99985 0.01703
vn -0.03317 0.99886 0.03443
vn 0.01831 0.99972 0.01521
vn 0.02087 0.99977 -0.00395
vn -0.02745 0.99941 0.02042
vn 0.01707 0.99985 -0.00182
vn -0.01132 0.99982 0.01552
vn 0.00785 0.99995 0.00596
vn 0.02206 0.99970 -0.01102
vn -0.01601 0.99983 -0.00869
vn -0.00482 0.99982 -0.01823
vn 0.00945 0.99988 -0.01231
vn 0.00394 0.99997 0.00669
vn -0.00717 0.99991 0.01089
vn -0.00146 0.99999 0.00299
vn 0.00498 0.99991 0.01239
vn 0.00870 0.99996 -0.00235
vn -0.00101 0.99999 -0.00534
vn -0.02696 0.99955 0.01321
vn 0.00761 0.99996 -0.00381
vn 0.01946 0.99971 -0.01413
vn -0.04851 0.99866 0.01814
vn 0.02336 0.99956 -0.01841
vn 0.03161 0.99924 -0.02260
vn -0.00517 0.99999 0.00085
vn -0.01048 0.99972 0.02099
vn 0.01342 0.99987 0.00903
vn -0.02351 0.99972 -0.00177
vn -0.00456 0.99993 -0.01069
vn -0.02814 0.99938 -0.02125
vn 0.00370 0.99973 -0.02307
vn 0.02503 0.99963 -0.01026
vn 0.00669 0.99997 0.00283
vn -0.02503 0.99961 0.01250
vn -0.03977 0.99843 0.03951
vn -0.02381 0.99882 -0.04227
vn -0.10612 0.98336 -0.14742
vn -0.24004 0.95785 -0.15780
vn -0.14074 0.96120 -0.23725
vn -0.05279 0.97141 -0.23147
vn -0.02212 0.97467 -0.22257
vn 0.05281 0.95626 -0.28772
vn 0.18985 0.94483 -0.26693
vn 0.22802 0.95280 -0.20046
vn 0.14880 0.98041 -0.12904
vn 0.01484 0.99985 -0.00869
vn 0.00829 0.99996 0.00268
vn -0.01461 0.99979 -0.01461
vn 0.01456 0.99947 -0.02917
vn -0.00607 0.99998 0.00239
vn -0.00089 1.00000 -0.00185
vn 0.00530 0.99998 -0.00429
vn -0.01147 0.99986 -0.01181
vn -0.00309 0.99929 -0.03763
vn -0.00113 0.99999 -0.00389
vn 0.01736 0.99981 0.00849
vn -0.01445 0.99987 0.00765
vn -0.01606 0.99949 0.02747
vn -0.00330 0.99988 0.01539
vn -0.01163 0.99979 0.01699
vn 0.01799 0.99977 0.01205
vn 0.01109 0.99993 0.00474
vn 0.00317 0.99987 -0.01563
vn -0.04801 0.99751 -0.05170
vn -0.09752 0.99335 -0.06124
vn -0.15226 0.98508 -0.08022
vn -0.22262 0.96228 -0.15638
vn -0.08636 0.93701 -0.33847
vn 0.01965 0.90399 -0.42709
vn 0.07794 0.90779 -0.41212
vn 0.09901 0.94164 -0.32172
vn 0.22191 0.93559 -0.27464
vn 0.13208 0.97491 -0.17918
vn 0.03348 0.99784 -0.05645
vn -0.00053 0.99990 0.01426
vn -0.00981 0.99937 0.03396
vn 0.01284 0.99986 0.01112
vn -0.00573 0.99997 0.00448
vn -0.00284 0.99969 0.02460
vn 0.00204 0.99994 0.01052
vn -0.00724 0.99987 0.01450
vn 0.01449 0.99982 0.01260
vn -0.02742 0.99961 0.00595
vn -0.01658 0.99972 -0.01690
vn 0.02935 0.99939 -0.01876
vn 0.01190 0.99992 0.00405
vn -0.00740 0.99995 0.00641
vn -0.00232 0.99995 0.01007
vn 0.01093 0.99992 0.00625
vn -0.01076 0.99993 0.00503
vn 0.00666 0.99994 -0.00920
vn -0.00184 1.00000 -0.00156
vn -0.00392 0.99980 0.01980
vn 0.00299 0.99982 0.01884
vn -0.03102 0.99946 0.01075
vn -0.01529 0.99979 0.01378
vn 0.04361 0.99890 -0.01715
vn 0.00939 0.99987 -0.01320
vn -0.01265 0.99986 -0.01123
vn 0.00390 0.99934 -0.03607
vn -0.02307 0.99963 -0.01453
vn -0.05663 0.99838 -0.00457
vn -0.03082 0.99942 0.01443
vn 0.00057 0.99998 0.00611
vn 0.02675 0.99963 -0.00393
vn 0.01953 0.99972 -0.01312
vn 0.00044 0.99999 -0.00342
vn -0.01372 0.99975 0.01743
vn -0.14262 0.98919 0.03417
vn -0.22025 0.97141 -0.08859
vn -0.21782 0.96361 -0.15493
vn -0.11615 0.99187 -0.05191
vn -0.00633 0.99770 0.06743
vn -0.02705 0.99449 0.10126
vn -0.05948 0.99747 0.03893
vn 0.17876 0.97416 -0.13804
vn 0.26188 0.94810 -0.18032
vn 0.23686 0.96190 -0.13653
vn 0.08764 0.99444 -0.05834
vn 0.02435 0.99917 -0.03255
vn -0.02731 0.99957 0.01084
vn -0.00411 0.99994 -0.00967
vn 0.03154 0.99909 -0.02871
vn -0.01125 0.99991 -0.00761
vn 0.00740 0.99976 -0.02038
vn -0.01669 0.99986 0.00190
vn -0.02815 0.99949 0.01512
vn 0.00781 0.99980 -0.01850
vn 0.02689 0.99848 -0.04806
vn 0.01225 0.99958 -0.02620
vn -0.00751 0.99992 0.01048
vn -0.02156 0.99977 0.00190
vn 0.01092 0.99990 -0.00873
vn 0.00389 0.99983 0.01796
vn 0.00041 0.99997 0.00735
vn -0.06181 0.99754 -0.03306
vn -0.06436 0.99301 -0.09895
vn -0.10402 0.98972 -0.09818
vn -0.11938 0.98823 -0.09569
vn -0.30119 0.95281 -0.03797
vn -0.30380 0.93410 -0.18753
vn -0.05111 0.92520 -0.37603
vn 0.09765 0.90989 -0.40320
vn 0.18495 0.90323 -0.38726
vn 0.27216 0.91112 -0.30949
vn 0.23311 0.94493 -0.22973
vn 0.13804 0.98030 -0.14125
vn 0.06627 0.99652 -0.05050
vn 0.00348 0.99997 -0.00696
vn -0.01195 0.99992 -0.00324
vn 0.00205 0.99994 -0.01110
vn 0.00435 0.99998 -0.00437
vn -0.00187 1.00000 -0.00190
vn -0.00972 0.99995 -0.00254
vn 0.00441 0.99957 -0.02888
vn -0.00150 0.99981 -0.01918
vn -0.03920 0.99857 0.03627
vn 0.02322 0.99969 0.00903
vn 0.02038 0.99969 -0.01434
vn 0.01027 0.99986 -0.01321
vn -0.01513 0.99989 0.00060
vn 0.01511 0.99978 -0.01451
vn -0.01210 0.99992 0.00424
vn -0.00253 0.99998 0.00505
vn -0.00679 0.99996 -0.00623
vn -0.00131 0.99948 -0.03221
vn 0.02267 0.99932 -0.02895
vn -0.01160 0.99984 0.01371
vn -0.02361 0.99890 0.04059
vn 0.00451 0.99984 0.01759
vn 0.01447 0.99982 -0.01225
vn -0.01343 0.99991 0.00272
vn -0.03356 0.99944 -0.00048
vn 0.02521 0.99924 -0.02978
vn -0.00298 0.99999 0.00234
vn -0.01982 0.99961 0.01987
vn -0.00379 0.99952 0.03063
vn 0.00079 0.99995 0.01037
vn 0.02034 0.99968 -0.01475
vn 0.00151 1.00000 0.00117
vn -0.01105 0.99994 -0.00102
vn -0.15664 0.98699 -0.03631
vn -0.29829 0.95184 -0.07086
vn -0.20184 0.97592 -0.08273
vn 0.05071 0.99867 -0.00965
vn 0.10500 0.98451 0.14038
vn 0.00860 0.98091 0.19429
vn -0.17983 0.95840 0.22164
vn -0.03868 0.99566 0.08466
vn 0.26116 0.96259 -0.07221
vn 0.27536 0.95965 -0.05699
vn 0.15356 0.98789 -0.02236
vn 0.00029 0.99996 -0.00926
vn 0.02937 0.99853 -0.04556
vn -0.02156 0.99969 0.01255
vn 0.01721 0.99983 0.00696
vn -0.00641 0.99997 0.00385
vn -0.01843 0.99980 -0.00800
vn 0.02857 0.99890 -0.03716
vn 0.00192 0.99993 0.01154
vn -0.02386 0.99841 0.05108
vn -0.01442 0.99939 0.03192
vn 0.01573 0.99975 -0.01604
vn 0.02662 0.99925 -0.02812
vn -0.02051 0.99975 0.00889
vn -0.01538 0.99986 0.00707
vn 0.02323 0.99919 -0.03300
vn -0.00394 0.99950 -0.03141
vn -0.13742 0.98952 -0.04440
vn -0.09440 0.98506 -0.14401
vn -0.08624 0.98885 -0.12141
vn -0.10741 0.98915 -0.10026
vn -0.24091 0.96933 -0.04869
vn -0.47762 0.87854 0.00679
vn -0.20862 0.95350 -0.21752
vn 0.10983 0.93544 -0.33599
vn 0.20392 0.92661 -0.31593
vn 0.32625 0.89321 -0.30942
vn 0.33546 0.90576 -0.25898
vn 0.23111 0.96045 -0.15531
vn 0.13955 0.98693 -0.08061
vn 0.02165 0.99959 -0.01888
vn -0.01749 0.99980 -0.00954
vn 0.00927 0.99978 -0.01859
vn 0.00517 0.99998 -0.00359
vn 0.00738 0.99993 -0.00905
vn -0.01550 0.99979 0.01342
vn -0.02197 0.99962 0.01663
vn 0.01461 0.99987 -0.00731
vn 0.00832 0.99992 -0.00937
vn 0.00289 0.99992 0.01246
vn -0.00035 0.99981 0.01929
vn 0.00000 1.00000 0.00000
vn -0.00673 0.99998 -0.00057
vn -0.00091 0.99996 -0.00876
vn 0.02086 0.99966 -0.01570
vn -0.00545 0.99993 0.01089
vn -0.02434 0.99970 0.00294
vn -0.02961 0.99948 -0.01274
vn 0.03825 0.99884 -0.02925
vn 0.01239 0.99966 -0.02284
vn 0.00563 0.99982 -0.01816
vn -0.01674 0.99980 0.01114
vn 0.00229 0.99998 0.00654
vn 0.01079 0.99994 0.00311
vn -0.03793 0.99897 0.02498
vn 0.01164 0.99979 0.01682
vn 0.05809 0.99820 0.01519
vn 0.02071 0.99848 -0.05098
vn 0.01607 0.99974 -0.01588
vn -0.02141 0.99962 0.01753
vn 0.00090 1.00000 -0.00181
vn 0.02819 0.99955 -0.01072
vn -0.01598 0.99987 0.00349
vn -0.18915 0.98177 0.01863
vn -0.33648 0.94169 0.00284
vn -0.19090 0.98075 -0.04113
vn 0.13855 0.98951 -0.04103
vn 0.17477 0.98452 0.01332
vn 0.01645 0.99965 0.02069
vn -0.12908 0.98979 0.06051
vn -0.16726 0.97888 0.11757
vn 0.20267 0.97899 0.02228
vn 0.28445 0.95857 0.01493
vn 0.18172 0.98327 -0.01276
vn -0.01344 0.99964 0.02308
vn -0.00320 0.99999 0.00108
vn 0.02249 0.99959 -0.01776
vn 0.01426 0.99989 0.00460
vn 0.01177 0.99991 0.00710
vn -0.04400 0.99880 0.02166
vn -0.00019 0.99995 -0.01046
vn 0.03818 0.99887 -0.02833
vn 0.00880 0.99993 -0.00750
vn -0.01953 0.99973 0.01223
vn -0.00884 0.99960 0.02700
vn 0.00339 0.99982 0.01843
vn 0.00295 0.99980 -0.01954
vn -0.02357 0.99970 -0.00668
vn 0.00203 1.00000 -0.00137
vn -0.05247 0.99815 -0.03070
vn -0.16092 0.98121 -0.10643
vn -0.18574 0.97128 -0.14873
vn -0.00525 0.98307 -0.18314
vn -0.09541 0.99093 -0.09467
vn -0.12382 0.99089 -0.05295
vn -0.42161 0.90007 0.11004
vn -0.43836 0.89404 0.09235
vn 0.02789 0.98777 -0.15343
vn 0.21365 0.95387 -0.21093
vn 0.33068 0.92082 -0.20676
vn 0.38901 0.89889 -0.20167
vn 0.31352 0.93724 -0.15259
vn 0.19920 0.97509 -0.09758
vn 0.08367 0.99554 -0.04362
vn -0.02037 0.99979 0.00005
vn 0.00410 0.99996 -0.00823
vn 0.00656 0.99990 -0.01231
vn 0.01124 0.99968 -0.02252
vn 0.01284 0.99991 -0.00358
vn -0.01443 0.99987 0.00754
vn 0.00157 0.99982 0.01882
vn -0.00841 0.99967 0.02413
vn -0.01334 0.99987 -0.00950
vn 0.01895 0.99877 -0.04579
vn 0.00818 0.99989 -0.01253
vn 0.00258 0.99994 0.01046
vn -0.02557 0.99957 0.01464
vn 0.02089 0.99970 -0.01292
vn 0.00873 0.99994 -0.00690
vn -0.03633 0.99934 -0.00154
vn -0.02535 0.99968 -0.00084
vn 0.02375 0.99967 0.00938
vn 0.01254 0.99992 0.00034
vn -0.01307 0.99973 -0.01938
vn 0.02201 0.99930 -0.03027
vn -0.01084 0.99993 -0.00542
vn 0.01770 0.99955 -0.02436
vn -0.01095 0.99994 0.00076
vn -0.02601 0.99963 0.00844
vn 0.06621 0.99742 -0.02765
vn -0.00165 0.99932 0.03670
vn 0.03051 0.99951 -0.00716
vn 0.01619 0.99978 -0.01319
vn -0.01437 0.99979 0.01437
vn 0.02408 0.99971 0.00024
vn -0.01026 0.99993 0.00513
vn -0.14321 0.98935 0.02593
vn -0.32031 0.94197 0.10048
vn -0.24484 0.96253 0.11654
vn 0.07588 0.99698 0.01677
vn 0.22041 0.97355 -0.06014
vn 0.02101 0.99978 0.00204
vn -0.03459 0.99850 0.04246
vn -0.13476 0.97822 0.15790
vn 0.11005 0.98198 0.15364
vn 0.26793 0.96098 0.06876
vn 0.14955 0.98862 0.01630
vn 0.02603 0.99966 -0.00157
vn -0.02022 0.99965 0.01714
vn 0.00770 0.99994 0.00733
vn 0.03084 0.99940 -0.01548
vn 0.00264 0.99999 0.00264
vn -0.02571 0.99966 0.00498
vn -0.02772 0.99923 0.02791
vn 0.01551 0.99987 -0.00387
vn 0.02176 0.99865 -0.04708
vn -0.00006 0.99979 -0.02060
vn 0.00000 1.00000 0.00000
vn 0.00983 0.99994 0.00548
vn -0.02099 0.99938 0.02838
vn -0.02831 0.99952 0.01232
vn 0.01406 0.99982 -0.01252
vn -0.08597 0.99620 0.01390
vn -0.23443 0.97150 -0.03517
vn -0.26562 0.95810 -0.10715
vn 0.02487 0.97787 -0.20775
vn 0.00339 0.99313 -0.11699
vn -0.06264 0.99736 -0.03677
vn -0.23056 0.96996 0.07752
vn -0.51069 0.82324 0.24793
vn -0.21584 0.97180 0.09495
vn 0.20268 0.97405 -0.10076
vn 0.32380 0.94031 -0.10476
vn 0.41372 0.90474 -0.10138
vn 0.35948 0.93059 -0.06918
vn 0.24345 0.96881 -0.04625
vn 0.11442 0.99319 -0.02208
vn 0.01364 0.99990 -0.00313
vn -0.01218 0.99963 0.02439
vn -0.00388 0.99999 0.00180
vn 0.00637 0.99990 -0.01279
vn 0.03130 0.99949 -0.00680
vn -0.01507 0.99986 0.00753
vn 0.00000 1.00000 0.00000
vn 0.01507 0.99986 -0.00753
vn -0.03229 0.99895 0.03239
vn -0.01739 0.99949 0.02690
vn 0.02277 0.99970 -0.00945
vn 0.02689 0.99955 -0.01342
vn -0.02663 0.99962 0.00717
vn 0.00005 1.00000 -0.00089
vn 0.01477 0.99983 -0.01117
vn -0.01680 0.99986 -0.00071
vn -0.03617 0.99926 0.01334
vn 0.03690 0.99931 -0.00474
vn 0.01331 0.99984 0.01170
vn -0.03543 0.99899 0.02757
vn 0.02214 0.99975 0.00228
vn -0.00115 0.99990 0.01378
vn -0.00732 0.99988 0.01342
vn 0.01124 0.99968 -0.02276
vn -0.01453 0.99987 0.00635
vn -0.03635 0.99910 0.02165
vn 0.00293 0.99975 0.02218
vn -0.00041 0.99926 0.03849
vn 0.00616 0.99985 0.01637
vn -0.01606 0.99984 0.00780
vn 0.00045 0.99981 -0.01964
vn 0.01192 0.99910 -0.04082
vn -0.06846 0.99746 0.01967
vn -0.26129 0.95702 0.12587
vn -0.24492 0.95442 0.17057
vn -0.06471 0.98554 0.15663
vn 0.19412 0.98091 0.01151
vn 0.09384 0.99527 0.02531
vn 0.02220 0.99743 0.06805
vn -0.02578 0.99106 0.13087
vn 0.05439 0.98334 0.17344
vn 0.20133 0.97431 0.10096
vn 0.07640 0.99621 0.04167
vn 0.03307 0.99937 -0.01301
vn -0.01792 0.99979 0.00998
vn -0.00421 0.99991 0.01247
vn 0.00168 0.99999 -0.00296
vn 0.03132 0.99914 -0.02709
vn -0.01606 0.99986 -0.00519
vn 0.00021 0.99999 0.00448
vn -0.01751 0.99903 0.04035
vn -0.02034 0.99943 0.02705
vn 0.02957 0.99949 -0.01167
vn 0.01853 0.99982 0.00419
vn -0.00345 0.99999 -0.00175
vn 0.00652 0.99961 -0.02727
vn -0.01858 0.99962 0.02021
vn -0.02383 0.99902 0.03727
vn -0.07865 0.99670 -0.01990
vn -0.25379 0.96724 -0.00638
vn -0.36302 0.93168 -0.01335
vn -0.05862 0.98324 -0.17266
vn 0.15219 0.97414 -0.16700
vn -0.01425 0.99951 -0.02770
vn -0.06443 0.99763 0.02418
vn -0.36639 0.90322 0.22348
vn -0.42369 0.85118 0.30981
vn 0.05327 0.99291 0.10630
vn 0.32034 0.94728 -0.00659
vn 0.42768 0.90357 -0.02538
vn 0.38429 0.92320 0.00445
vn 0.25662 0.96625 0.02260
vn 0.09784 0.99513 0.01176
vn 0.04963 0.99853 -0.02185
vn -0.01837 0.99982 0.00532
vn -0.01404 0.99975 -0.01736
vn -0.00562 0.99995 -0.00850
vn 0.04383 0.99896 -0.01272
vn -0.00346 0.99999 -0.00346
vn -0.00407 0.99996 0.00814
vn 0.00754 0.99994 0.00754
vn -0.01058 0.99989 -0.01058
vn -0.00017 1.00000 0.00034
vn -0.01285 0.99954 0.02758
vn 0.02220 0.99972 -0.00815
vn -0.01253 0.99992 0.00346
vn -0.01930 0.99980 0.00522
vn 0.01821 0.99980 -0.00844
vn -0.00123 1.00000 -0.00123
vn -0.02925 0.99920 0.02719
vn 0.00169 0.99994 0.01103
vn 0.03673 0.99895 -0.02722
vn -0.00975 0.99994 0.00439
vn -0.00499 0.99972 0.02323
vn 0.00851 0.99995 -0.00507
vn 0.00178 0.99999 -0.00443
vn -0.01812 0.99919 0.03599
vn 0.00123 1.00000 0.00123
vn 0.01682 0.99984 -0.00532
vn -0.00508 0.99993 -0.01093
vn -0.00267 0.99972 -0.02344
vn 0.01103 0.99970 -0.02208
vn -0.01001 0.99990 0.01011
vn -0.02697 0.99930 0.02577
vn -0.00954 0.99988 0.01197
vn 0.00643 0.99979 -0.01961
vn -0.12113 0.98921 0.08235
vn -0.20548 0.95283 0.22337
vn -0.11218 0.96141 0.25120
vn 0.06956 0.98158 0.17796
vn 0.12286 0.98796 0.09398
vn 0.03160 0.99432 0.10159
vn 0.03130 0.99337 0.11062
vn 0.02549 0.98986 0.13971
vn 0.12192 0.99147 0.04605
vn 0.05565 0.99844 0.00467
vn 0.00908 0.99993 0.00727
vn -0.00200 0.99999 -0.00336
vn 0.00161 0.99972 -0.02368
vn -0.00750 0.99995 -0.00698
vn 0.02182 0.99976 -0.00310
vn -0.01757 0.99980 -0.00920
vn 0.00535 0.99968 -0.02463
vn 0.01957 0.99948 -0.02563
vn -0.01617 0.99987 0.00120
vn 0.00869 0.99979 0.01881
vn 0.01544 0.99983 0.01035
vn -0.03029 0.99953 0.00350
vn -0.03980 0.99810 -0.04698
vn 0.01301 0.99126 -0.13127
vn 0.00630 0.99473 -0.10232
vn -0.08757 0.99607 -0.01315
vn -0.22982 0.97267 0.03303
vn -0.37075 0.92607 0.07023
vn -0.24031 0.97065 0.00971
vn 0.22374 0.95971 -0.17001
vn 0.10853 0.99200 -0.06440
vn -0.01331 0.99984 0.01182
vn -0.12854 0.98532 0.11232
vn -0.38648 0.85407 0.34814
vn -0.18819 0.91662 0.35269
vn 0.25593 0.95432 0.15417
vn 0.40381 0.91003 0.09371
vn 0.39211 0.91813 0.05732
vn 0.26118 0.96476 0.03201
vn 0.08247 0.99560 0.04441
vn 0.00046 0.99996 0.00912
vn 0.00448 0.99985 -0.01694
vn -0.02364 0.99970 0.00627
vn 0.00137 0.99984 0.01776
vn 0.03640 0.99933 -0.00461
vn 0.00520 0.99989 -0.01388
vn 0.00428 0.99995 -0.00855
vn 0.00682 0.99997 -0.00357
vn -0.02103 0.99973 0.01035
vn 0.00000 1.00000 0.00000
vn 0.00093 1.00000 -0.00046
vn -0.00277 1.00000 0.00139
vn 0.00823 0.99975 -0.02067
vn -0.01515 0.99988 0.00108
vn -0.00478 0.99997 -0.00622
vn 0.02033 0.99960 -0.01972
vn -0.00326 0.99999 0.00217
vn -0.01990 0.99953 0.02347
vn 0.00988 0.99980 0.01719
vn 0.00801 0.99991 -0.01042
vn 0.00822 0.99996 -0.00373
vn -0.01533 0.99978 0.01445
vn -0.01239 0.99986 -0.01155
vn 0.03850 0.99858 -0.03688
vn -0.03123 0.99933 0.01921
vn 0.00006 0.99999 0.00482
vn -0.03054 0.99952 0.00517
vn -0.02290 0.99973 -0.00272
vn 0.01747 0.99967 -0.01858
vn 0.02208 0.99970 -0.01103
vn -0.00421 0.99997 0.00570
vn -0.01005 0.99962 0.02554
vn -0.01797 0.99897 0.04161
vn -0.01105 0.99956 0.02743
vn -0.08407 0.98770 0.13184
vn -0.10663 0.96846 0.22521
vn -0.02259 0.97658 0.21394
vn 0.06096 0.98780 0.14331
vn 0.04189 0.99362 0.10475
vn 0.03842 0.99372 0.10513
vn 0.02798 0.99413 0.10452
vn 0.01930 0.99591 0.08828
vn 0.04617 0.99881 0.01602
vn 0.00396 0.99998 0.00521
vn 0.00511 0.99998 0.00372
vn -0.03484 0.99900 0.02797
vn 0.00447 0.99999 -0.00063
vn 0.02615 0.99960 -0.01057
vn -0.00290 0.99991 0.01290
vn -0.02127 0.99949 0.02383
vn 0.01181 0.99992 -0.00526
vn -0.00726 0.99977 -0.02002
vn 0.01347 0.99953 -0.02736
vn -0.00689 0.99835 -0.05693
vn -0.04917 0.99024 -0.13044
vn -0.09651 0.98214 -0.16153
vn -0.08118 0.97702 -0.19710
vn 0.02975 0.96130 -0.27389
vn 0.05085 0.96764 -0.24715
vn -0.11107 0.99216 -0.05731
vn -0.30980 0.94455 0.10885
vn -0.35649 0.91906 0.16804
vn 0.03617 0.99931 -0.00850
vn 0.24962 0.96015 -0.12573
vn 0.03141 0.99931 0.01959
vn 0.00459 0.99844 0.05572
vn -0.13232 0.96674 0.21887
vn -0.26623 0.86188 0.43160
vn 0.05998 0.93282 0.35532
vn 0.36609 0.91088 0.19045
vn 0.34082 0.92883 0.14534
vn 0.20673 0.97526 0.07832
vn 0.09202 0.99572 0.00884
vn -0.03010 0.99906 0.03135
vn 0.00376 0.99991 0.01295
vn -0.00329 0.99997 0.00684
vn 0.01607 0.99969 0.01917
vn -0.00584 0.99970 0.02362
vn -0.00784 0.99987 -0.01435
vn 0.01511 0.99966 -0.02112
vn 0.01200 0.99993 -0.00110
vn -0.00399 0.99998 -0.00399
vn -0.00636 0.99989 0.01306
vn 0.01058 0.99989 0.01058
vn -0.01779 0.99976 0.01253
vn -0.00564 0.99995 0.00855
vn -0.00488 0.99998 -0.00344
vn -0.00762 0.99989 0.01252
vn 0.00104 1.00000 0.00104
vn 0.01887 0.99964 -0.01916
vn 0.00234 0.99998 0.00614
vn 0.00412 0.99989 0.01427
vn -0.00320 0.99975 0.02233
vn 0.00079 0.99994 0.01113
vn -0.00080 0.99991 -0.01365
vn -0.03329 0.99944 0.00373
vn 0.01739 0.99981 -0.00924
vn -0.00083 0.99972 -0.02384
vn -0.04740 0.99881 -0.01169
vn -0.02791 0.99885 -0.03895
vn -0.01235 0.99973 -0.01989
vn 0.01136 0.99991 0.00668
vn 0.02165 0.99976 0.00195
vn -0.00498 0.99994 -0.00988
vn 0.00272 0.99995 -0.00992
vn 0.00182 1.00000 -0.00091
vn -0.00791 0.99976 0.02031
vn 0.00220 0.99960 0.02834
vn -0.06107 0.99550 0.07240
vn -0.03447 0.99358 0.10775
vn 0.00929 0.99416 0.10749
vn 0.02108 0.99678 0.07738
vn 0.01876 0.99879 0.04555
vn 0.02209 0.99964 0.01534
vn 0.01657 0.99973 0.01648
vn -0.00869 0.99967 0.02408
vn -0.00613 0.99993 -0.01038
vn 0.00075 0.99945 -0.03309
vn 0.02142 0.99970 -0.01146
vn -0.01586 0.99892 0.04372
vn -0.00725 0.99982 0.01763
vn 0.02810 0.99920 -0.02843
vn -0.00852 0.99982 0.01707
vn -0.01374 0.99945 0.03015
vn -0.02254 0.99969 0.01038
vn -0.01778 0.99956 -0.02387
vn -0.06789 0.99510 -0.07190
vn -0.17749 0.97409 -0.14017
vn -0.14394 0.95002 -0.27702
vn -0.07875 0.94146 -0.32780
vn -0.00859 0.95169 -0.30694
vn 0.09074 0.94690 -0.30845
vn 0.11702 0.96505 -0.23449
vn -0.11323 0.99317 0.02811
vn -0.32406 0.91987 0.22098
vn -0.19644 0.96133 0.19304
vn 0.20559 0.97830 -0.02589
vn 0.18961 0.98162 -0.02171
vn 0.02783 0.99338 0.11142
vn 0.03707 0.99108 0.12801
vn -0.07798 0.95774 0.27685
vn -0.07796 0.90476 0.41872
vn 0.23247 0.92092 0.31284
vn 0.27435 0.94600 0.17266
vn 0.11324 0.99097 0.07174
vn 0.05907 0.99823 -0.00731
vn -0.00129 1.00000 0.00064
vn -0.02456 0.99968 0.00545
vn 0.00223 0.99999 -0.00236
vn -0.00208 0.99998 -0.00511
vn 0.01276 0.99976 -0.01807
vn -0.02786 0.99944 0.01876
vn 0.01144 0.99992 0.00553
vn 0.02886 0.99955 -0.00802
vn -0.00768 0.99996 0.00400
vn 0.00011 1.00000 0.00011
vn 0.00797 0.99996 -0.00399
vn -0.01536 0.99985 0.00768
vn 0.00000 1.00000 0.00000
vn -0.00721 0.99977 0.02016
vn -0.00323 0.99999 -0.00323
vn -0.00678 0.99998 0.00064
vn 0.01138 0.99985 0.01302
vn 0.01343 0.99991 0.00183
vn 0.00024 1.00000 -0.00141
vn 0.00756 0.99988 -0.01359
vn -0.01865 0.99981 -0.00580
vn -0.01930 0.99953 -0.02396
vn -0.00600 0.99986 -0.01547
vn 0.00407 0.99987 0.01570
vn 0.00704 0.99987 0.01418
vn -0.04452 0.99897 0.00816
vn -0.00402 0.99992 0.01198
vn -0.00235 0.99997 0.00765
vn 0.02689 0.99963 0.00293
vn 0.01695 0.99986 -0.00027
vn -0.01031 0.99994 0.00350
vn 0.00360 0.99999 -0.00131
vn 0.01140 0.99993 -0.00297
vn 0.00149 1.00000 0.00149
vn 0.00000 1.00000 0.00000
vn -0.03152 0.99949 -0.00480
vn -0.01123 0.99989 0.00946
vn 0.01419 0.99943 0.03072
vn -0.00420 0.99938 0.03496
vn -0.00922 0.99959 0.02717
vn -0.00590 0.99996 0.00658
vn 0.02892 0.99953 -0.01008
vn -0.00465 0.99997 0.00616
vn -0.03157 0.99950 0.00226
vn -0.00462 0.99998 -0.00434
vn 0.03893 0.99916 -0.01260
vn 0.01934 0.99974 -0.01214
vn -0.03109 0.99931 0.02044
vn -0.00676 0.99996 0.00514
vn 0.02952 0.99936 -0.02039
vn 0.00140 1.00000 -0.00070
vn -0.02924 0.99920 0.02718
vn -0.09257 0.99570 0.00459
vn -0.13071 0.98476 -0.11470
vn -0.21409 0.96293 -0.16412
vn -0.24647 0.95586 -0.15994
vn -0.12882 0.96774 -0.21652
vn 0.00392 0.96569 -0.25966
vn 0.11644 0.96037 -0.25324
vn 0.22597 0.94766 -0.22555
vn 0.17442 0.97945 -0.10127
vn -0.13625 0.97211 0.19089
vn -0.25821 0.89563 0.36217
vn -0.02235 0.96253 0.27025
vn 0.22407 0.97198 0.07108
vn 0.12890 0.98796 0.08551
vn 0.03794 0.98667 0.15824
vn 0.05637 0.98761 0.14648
vn 0.01982 0.97289 0.23041
vn 0.10549 0.95913 0.26258
vn 0.15319 0.97784 0.14266
vn 0.01661 0.99764 0.06664
vn 0.00987 0.99992 0.00756
vn 0.02623 0.99957 -0.01309
vn -0.02769 0.99951 0.01478
vn -0.01429 0.99983 -0.01127
vn 0.00490 0.99962 -0.02710
vn -0.00960 0.99887 -0.04663
vn -0.04080 0.99046 -0.13163
vn -0.04952 0.97205 -0.22947
vn -0.02379 0.94172 -0.33555
vn -0.00483 0.91806 -0.39641
vn -0.00608 0.91821 -0.39605
vn 0.03184 0.92336 -0.38262
vn 0.05445 0.95254 -0.29949
vn 0.04875 0.99023 -0.13068
vn 0.01042 0.99973 -0.02089
vn -0.02715 0.99958 0.00977
vn -0.00493 0.99997 -0.00666
vn 0.02123 0.99946 -0.02506
vn 0.00780 0.99984 -0.01592
vn -0.00296 0.99992 -0.01229
vn -0.00054 1.00000 -0.00072
vn -0.02628 0.99964 -0.00611
vn -0.02156 0.99957 -0.01981
vn 0.01529 0.99976 -0.01543
vn 0.03173 0.99948 -0.00575
vn 0.01016 0.99992 0.00718
vn -0.01323 0.99937 0.03286
vn 0.02458 0.99966 0.00894
vn 0.01601 0.99968 0.01954
vn -0.00442 0.99982 0.01853
vn 0.01739 0.99976 -0.01323
vn -0.00254 0.99998 0.00509
vn -0.00212 0.99991 0.01343
vn 0.00367 0.99999 0.00367
vn -0.00404 0.99992 -0.01188
vn 0.00722 0.99987 -0.01446
vn -0.02735 0.99953 0.01365
vn -0.02236 0.99974 0.00493
vn 0.02905 0.99909 -0.03137
vn -0.00175 0.99986 -0.01640
vn 0.00152 0.99996 -0.00873
vn -0.01231 0.99983 0.01385
vn 0.01650 0.99982 0.00940
vn 0.01344 0.99991 -0.00086
vn -0.02651 0.99925 0.02834
vn -0.01119 0.99912 0.04036
vn 0.00484 0.99994 0.00938
vn 0.02190 0.99922 -0.03277
vn 0.00896 0.99974 -0.02113
vn -0.02023 0.99949 0.02467
vn 0.01313 0.99979 0.01557
vn 0.01259 0.99992 0.00127
vn -0.01328 0.99991 -0.00026
vn -0.12873 0.99167 0.00454
vn -0.24100 0.97028 -0.02199
vn -0.26338 0.95876 -0.10682
vn -0.22079 0.96326 -0.15292
vn -0.12491 0.98783 -0.09273
vn -0.01742 0.99879 -0.04601
vn 0.10828 0.99157 -0.07116
vn 0.21921 0.96986 -0.10637
vn 0.30751 0.94357 -0.12291
vn 0.14960 0.98862 0.01608
vn -0.09926 0.96328 0.24946
vn -0.14605 0.91584 0.37403
vn 0.03739 0.96149 0.27229
vn 0.13925 0.98242 0.12435
vn 0.07865 0.99037 0.11396
vn 0.04405 0.98823 0.14649
vn 0.05977 0.98985 0.12891
vn 0.06102 0.99304 0.10077
vn 0.05800 0.99797 0.02613
vn 0.01157 0.99976 -0.01848
vn -0.00888 0.99980 0.01780
vn 0.00057 1.00000 -0.00174
vn 0.00914 0.99941 -0.03315
vn -0.06871 0.99764 -0.00154
vn -0.09251 0.98500 -0.14568
vn -0.10963 0.93463 -0.33831
vn -0.15316 0.87858 -0.45238
vn -0.18172 0.81791 -0.54589
vn -0.15195 0.78191 -0.60458
vn -0.08113 0.76560 -0.63818
vn -0.01226 0.75458 -0.65609
vn 0.05758 0.74122 -0.66879
vn 0.17254 0.71672 -0.67568
vn 0.23151 0.75221 -0.61691
vn 0.16360 0.87606 -0.45360
vn 0.08337 0.96261 -0.25776
vn 0.01780 0.99857 -0.05043
vn -0.00239 0.99982 0.01863
vn 0.00398 0.99998 -0.00470
vn 0.01677 0.99982 -0.00838
vn 0.01036 0.99994 0.00282
vn -0.01555 0.99976 0.01575
vn -0.02951 0.99890 0.03635
vn 0.00296 0.99946 0.03275
vn 0.02177 0.99976 0.00179
vn 0.01870 0.99978 -0.00934
vn 0.02361 0.99965 -0.01180
vn -0.00644 0.99989 -0.01299
vn 0.00239 0.99987 -0.01588
vn -0.00144 0.99986 -0.01670
vn -0.01296 0.99981 -0.01486
vn 0.02820 0.99859 -0.04487
vn 0.00558 0.99984 -0.01680
vn -0.00167 0.99999 -0.00276
vn -0.01388 0.99987 0.00781
vn 0.00007 0.99998 -0.00602
vn 0.01652 0.99972 -0.01711
vn -0.03774 0.99862 0.03649
vn -0.02083 0.99969 0.01351
vn 0.01754 0.99949 -0.02683
vn 0.01268 0.99990 -0.00697
vn -0.00675 0.99995 -0.00789
vn 0.01326 0.99976 -0.01771
vn 0.00368 0.99981 -0.01904
vn 0.01665 0.99953 -0.02571
vn -0.00538 0.99985 0.01619
vn -0.02714 0.99911 0.03242
vn -0.02697 0.99964 -0.00076
vn 0.03933 0.99855 -0.03675
vn 0.00416 0.99986 -0.01648
vn 0.00957 0.99983 -0.01600
vn 0.01008 0.99995 0.00062
vn -0.02147 0.99976 0.00535
vn -0.11605 0.99318 0.01107
vn -0.26188 0.96485 0.02192
vn -0.30173 0.95322 0.01800
vn -0.25343 0.96732 0.00834
vn -0.07554 0.99632 -0.04050
vn 0.03491 0.99929 -0.01384
vn 0.09058 0.99517 0.03774
vn 0.17938 0.98320 0.03370
vn 0.30069 0.95368 -0.00932
vn 0.26987 0.96289 -0.00429
vn 0.06986 0.99474 0.07486
vn -0.07364 0.98038 0.18282
vn -0.05510 0.96702 0.24866
vn 0.01627 0.97952 0.20068
vn 0.06371 0.99366 0.09261
vn 0.06211 0.99654 0.05524
vn 0.03635 0.99726 0.06437
vn 0.01625 0.99886 0.04480
vn -0.00034 0.99993 0.01207
vn 0.00087 0.99999 -0.00450
vn 0.01661 0.99977 -0.01345
vn -0.01977 0.99980 0.00033
vn -0.19547 0.96139 -0.19371
vn -0.05142 0.83257 -0.55153
vn -0.20242 0.81026 -0.55001
vn -0.26037 0.74003 -0.62013
vn -0.21773 0.71406 -0.66537
vn -0.15465 0.74801 -0.64541
vn -0.08879 0.79365 -0.60186
vn -0.05252 0.83428 -0.54883
vn -0.00542 0.85067 -0.52568
vn 0.01512 0.85043 -0.52588
vn 0.08537 0.81105 -0.57871
vn 0.15860 0.72293 -0.67248
vn 0.20854 0.62956 -0.74844
vn 0.20153 0.63107 -0.74909
vn 0.19248 0.72041 -0.66630
vn 0.18129 0.92213 -0.34178
vn 0.01183 0.99993 0.00060
vn 0.00151 0.99989 0.01445
vn -0.00027 0.99995 -0.00971
vn 0.01129 0.99968 -0.02242
vn -0.00815 0.99969 0.02332
vn -0.00474 0.99944 0.03300
vn -0.00774 0.99976 0.02032
vn 0.01831 0.99983 0.00311
vn 0.01181 0.99986 0.01181
vn 0.02567 0.99958 0.01349
vn -0.00175 0.99997 0.00810
vn 0.01568 0.99987 -0.00256
vn -0.01388 0.99966 0.02198
vn -0.00354 0.99982 0.01880
vn 0.01178 0.99969 -0.02191
vn 0.01194 0.99903 -0.04245
vn 0.01751 0.99950 -0.02614
vn -0.01316 0.99970 0.02047
vn 0.00341 0.99995 0.00915
vn -0.00511 0.99984 -0.01707
vn -0.02493 0.99968 0.00455
vn -0.00045 0.99966 0.02624
vn 0.01165 0.99993 0.00376
vn -0.00514 0.99999 -0.00071
vn -0.00207 0.99996 0.00833
vn -0.00466 0.99998 -0.00475
vn 0.01610 0.99970 -0.01834
vn 0.02399 0.99963 -0.01299
vn -0.00953 0.99991 -0.00992
vn -0.03270 0.99912 0.02630
vn 0.00761 0.99940 0.03382
vn 0.00229 1.00000 0.00007
vn 0.00713 0.99987 -0.01428
vn 0.02774 0.99957 -0.00914
vn -0.01787 0.99981 -0.00710
vn -0.08011 0.99678 -0.00164
vn -0.22990 0.96999 0.07909
vn -0.30348 0.94598 0.11409
vn -0.24791 0.96086 0.12368
vn -0.13036 0.98189 0.13747
vn 0.04136 0.99580 0.08167
vn 0.11863 0.99015 0.07432
vn 0.19073 0.97759 0.08916
vn 0.27560 0.95465 0.11262
vn 0.25297 0.96412 0.08047
vn 0.10864 0.99389 0.01939
vn 0.00160 0.99963 0.02720
vn -0.01963 0.99790 0.06179
vn -0.01022 0.99524 0.09692
vn -0.01862 0.99419 0.10605
vn 0.01788 0.99848 0.05208
vn 0.03297 0.99945 0.00375
vn 0.00699 0.99997 -0.00349
vn -0.00026 1.00000 -0.00222
vn -0.00765 0.99997 0.00015
vn 0.00843 0.99992 -0.00945
vn -0.18037 0.96522 -0.18925
vn -0.42769 0.81039 -0.40043
vn -0.44539 0.77715 -0.44459
vn -0.08294 0.84166 -0.53360
vn -0.05244 0.86590 -0.49747
vn -0.06267 0.90441 -0.42203
vn -0.04535 0.93931 -0.34005
vn -0.02311 0.95992 -0.27933
vn -0.00815 0.96836 -0.24943
vn -0.00152 0.97068 -0.24038
vn 0.00155 0.97035 -0.24170
vn 0.00746 0.96685 -0.25525
vn 0.02287 0.95454 -0.29721
vn 0.03797 0.92911 -0.36786
vn 0.05070 0.89141 -0.45035
vn 0.10459 0.83043 -0.54721
vn 0.36377 0.64001 -0.67680
vn 0.41587 0.79877 -0.43475
vn 0.02407 0.99947 -0.02202
vn -0.01663 0.99983 0.00830
vn -0.00438 0.99989 -0.01400
vn 0.03135 0.99864 -0.04155
vn 0.00651 0.99989 -0.01303
vn -0.01805 0.99973 0.01486
vn 0.00389 0.99998 0.00389
vn 0.02833 0.99950 -0.01416
vn 0.00000 0.99966 0.02624
vn 0.00641 0.99963 0.02657
vn -0.00870 0.99946 0.03182
vn 0.01160 0.99987 0.01160
vn -0.01029 0.99960 0.02639
vn -0.02889 0.99926 0.02549
vn -0.01562 0.99984 -0.00862
vn 0.03137 0.99927 -0.02182
vn 0.02723 0.99954 -0.01359
vn -0.00398 0.99996 0.00797
vn -0.02405 0.99949 0.02086
vn -0.00845 0.99994 0.00710
vn -0.00313 0.99999 -0.00159
vn 0.00882 0.99993 -0.00774
vn -0.00393 0.99999 0.00179
vn 0.00736 0.99994 0.00759
vn -0.00578 0.99988 0.01413
vn -0.00913 0.99991 0.00939
vn 0.03739 0.99920 -0.01385
vn -0.01464 0.99987 0.00731
vn 0.00260 0.99999 0.00221
vn 0.00396 0.99977 0.02109
vn -0.00752 0.99970 0.02333
vn -0.02308 0.99964 0.01387
vn 0.04360 0.99886 -0.01946
vn -0.02136 0.99971 0.01067
vn -0.05571 0.99790 0.03302
vn -0.14090 0.98762 0.06902
vn -0.25754 0.95499 0.14722
vn -0.22760 0.95268 0.20150
vn -0.12491 0.96627 0.22520
vn 0.01544 0.97031 0.24138
vn 0.12070 0.96012 0.25218
vn 0.17291 0.95455 0.24278
vn 0.25770 0.95054 0.17339
vn 0.19499 0.97535 0.10330
vn 0.03026 0.99879 0.03885
vn 0.01104 0.99981 -0.01632
vn -0.00758 0.99990 0.01189
vn 0.01257 0.99992 0.00182
vn 0.00043 0.99989 0.01514
vn -0.01027 0.99923 0.03797
vn -0.00560 0.99986 0.01569
vn 0.00064 0.99985 -0.01720
vn 0.00511 0.99988 -0.01483
vn -0.01505 0.99987 0.00503
vn -0.18434 0.96361 -0.19360
vn -0.40425 0.80821 -0.42822
vn -0.44061 0.78082 -0.44292
vn -0.22917 0.94226 -0.24418
vn -0.04042 0.99836 -0.04042
vn 0.00000 1.00000 0.00000
vn 0.00000 1.00000 0.00000
vn 0.00000 1.00000 0.00000
vn 0.00000 1.00000 0.00000
vn 0.00000 1.00000 0.00000
vn 0.00000 1.00000 0.00000
vn 0.00000 1.00000 0.00000
vn 0.00000 1.00000 0.00000
vn 0.00000 1.00000 0.00000
vn 0.00000 1.00000 0.00000
vn 0.00000 1.00000 0.00000
vn 0.00000 1.00000 0.00000
vn 0.10044 0.98882 -0.11017
vn 0.48026 0.72636 -0.49167
vn 0.43556 0.79777 -0.41696
vn 0.01250 0.99988 -0.00890
vn -0.02470 0.99934 0.02678
vn -0.01511 0.99988 0.00432
vn 0.03842 0.99842 -0.04095
vn 0.01303 0.99989 -0.00651
vn -0.00832 0.99988 0.01292
vn 0.01417 0.99983 0.01169
vn -0.02251 0.99949 -0.02251
vn 0.00061 0.99945 -0.03314
vn 0.01062 0.99972 -0.02127
vn -0.00459 0.99999 0.00116
vn -0.00269 0.99994 -0.01071
vn -0.02210 0.99976 -0.00121
vn -0.02392 0.99936 0.02667
vn 0.01504 0.99980 0.01314
vn 0.03838 0.99916 -0.01458
vn -0.00009 1.00000 -0.00009
vn -0.00052 1.00000 -0.00080
vn -0.01806 0.99965 0.01929
vn -0.01431 0.99956 0.02615
vn -0.00425 0.99994 0.00992
vn 0.01070 0.99993 0.00583
vn 0.00670 0.99995 0.00780
vn 0.00093 1.00000 -0.00046
vn -0.01849 0.99962 0.02022
vn 0.01864 0.99983 0.00070
vn 0.00564 0.99985 -0.01629
vn 0.00526 0.99997 -0.00512
vn 0.00405 0.99999 0.00206
vn 0.00393 0.99996 -0.00786
vn -0.03827 0.99896 0.02479
vn 0.01681 0.99986 -0.00270
vn 0.02149 0.99971 -0.01074
vn -0.01304 0.99973 0.01899
vn -0.07599 0.99314 0.08892
vn -0.18193 0.96595 0.18398
vn -0.19094 0.94761 0.25609
vn -0.09094 0.95185 0.29278
vn 0.01177 0.95502 0.29631
vn 0.13926 0.95614 0.25770
vn 0.15369 0.95519 0.25298
vn 0.12972 0.96993 0.20595
vn 0.10376 0.99244 0.06553
vn -0.00988 0.99982 0.01631
vn -0.00557 0.99992 0.01113
vn 0.02465 0.99969 -0.00268
vn -0.00034 0.99993 0.01145
vn 0.00604 0.99996 0.00698
vn -0.00508 0.99998 0.00409
vn -0.02187 0.99965 0.01500
vn -0.02190 0.99967 0.01348
vn 0.00732 0.99990 -0.01233
vn -0.16786 0.96524 -0.20034
vn -0.41052 0.81330 -0.41234
vn -0.43987 0.78405 -0.43793
vn -0.22991 0.94549 -0.23064
vn -0.03601 0.99870 -0.03601
vn 0.08179 0.99402 0.07231
vn 0.00000 0.97160 0.23665
vn 0.00000 0.97160 0.23665
vn 0.00000 0.97160 0.23665
vn 0.00000 0.97160 0.23665
vn 0.00000 0.97160 0.23665
vn 0.00000 0.97160 0.23665
vn 0.00000 0.97160 0.23665
vn 0.00000 0.97160 0.23665
vn 0.00000 0.97160 0.23665
vn 0.00000 0.97160 0.23665
vn -0.07487 0.98616 0.14791
vn 0.00357 0.99997 -0.00714
vn 0.00000 1.00000 0.00000
vn 0.09439 0.99119 -0.09296
vn 0.49337 0.72457 -0.48123
vn 0.41123 0.80938 -0.41927
vn 0.01553 0.99964 -0.02181
vn -0.02721 0.99916 0.03054
vn 0.00048 0.99984 0.01790
vn 0.02924 0.99908 -0.03137
vn 0.00942 0.99970 -0.02261
vn -0.00497 0.99999 -0.00000
vn -0.05091 0.99857 0.01656
vn -0.02425 0.99971 -0.00119
vn 0.02464 0.99934 -0.02684
vn 0.01726 0.99969 -0.01794
vn -0.01576 0.99988 -0.00121
vn 0.00723 0.99993 -0.00906
vn -0.00022 0.99979 0.02067
vn -0.01164 0.99925 0.03702
vn 0.00711 0.99995 0.00711
vn 0.00709 0.99968 -0.02438
vn 0.00306 0.99932 -0.03677
vn -0.01006 0.99970 -0.02234
vn 0.00203 0.99967 -0.02569
vn 0.00087 0.99997 0.00764
vn 0.00219 0.99982 0.01889
vn -0.00394 0.99999 0.00214
vn -0.00674 0.99995 -0.00674
vn 0.00464 0.99983 -0.01758
vn 0.00250 0.99999 0.00296
vn -0.01574 0.99988 -0.00141
vn 0.00204 0.99938 -0.03519
vn 0.02242 0.99932 -0.02913
vn 0.00176 0.99999 -0.00507
vn -0.00473 0.99999 -0.00055
vn -0.01033 0.99975 0.01968
vn 0.01238 0.99989 -0.00815
vn 0.00696 0.99975 -0.02107
vn 0.00000 1.00000 0.00000
vn -0.05638 0.99552 0.07586
vn -0.11853 0.97366 0.19477
vn -0.05851 0.96524 0.25473
vn -0.01854 0.95592 0.29305
vn 0.05476 0.97120 0.23188
vn 0.11490 0.98608 0.12018
vn 0.07108 0.99537 0.06467
vn 0.00851 0.99976 0.02031
vn 0.01166 0.99984 -0.01370
vn -0.01253 0.99965 0.02329
vn 0.00826 0.99989 0.01245
vn 0.00030 1.00000 -0.00061
vn 0.00500 0.99998 -0.00321
vn 0.00016 1.00000 -0.00032
vn -0.00377 0.99998 0.00539
vn -0.02315 0.99960 0.01647
vn -0.03843 0.99925 -0.00549
vn -0.54648 0.83678 -0.03402
vn -0.41194 0.81102 -0.41539
vn -0.17863 0.95505 -0.23656
vn -0.03561 0.99873 -0.03561
vn 0.05707 0.99674 0.05707
vn 0.07507 0.99666 0.03201
vn 0.16986 0.97629 -0.13419
vn 0.00000 0.99865 -0.05200
vn 0.00000 0.99865 -0.05200
vn 0.00000 0.99865 -0.05200
vn 0.00000 0.99865 -0.05200
vn 0.00000 0.99865 -0.05200
vn 0.00000 0.99865 -0.05200
vn 0.00000 0.99865 -0.05200
vn 0.00000 0.99865 -0.05200
vn 0.00000 0.99865 -0.05200
vn -0.09420 0.98805 0.12202
vn -0.20782 0.96113 0.18179
vn 0.01071 0.99989 -0.01071
vn 0.00000 1.00000 0.00000
vn 0.10602 0.98926 -0.10061
vn 0.67527 0.64499 -0.35778
vn 0.34978 0.92110 -0.17095
vn 0.01398 0.99972 -0.01922
vn -0.02647 0.99964 -0.00472
vn 0.00073 0.99998 -0.00586
vn 0.00758 0.99970 -0.02347
vn 0.04520 0.99825 -0.03826
vn -0.03634 0.99917 -0.01859
vn -0.01087 0.99993 0.00395
vn -0.00912 0.99964 0.02527
vn 0.02573 0.99963 -0.00905
vn -0.00238 0.99998 0.00520
vn -0.00054 0.99990 0.01401
vn 0.01335 0.99990 0.00435
vn 0.00087 1.00000 0.00087
vn -0.00944 0.99974 0.02058
vn -0.02823 0.99951 0.01346
vn -0.00827 0.99989 -0.01225
vn 0.01004 0.99994 -0.00395
vn -0.00140 0.99995 0.01004
vn 0.02143 0.99977 -0.00229
vn 0.00634 0.99997 -0.00317
vn -0.01273 0.99992 -0.00027
vn -0.01001 0.99995 -0.00163
vn -0.01697 0.99982 -0.00810
vn 0.02559 0.99923 -0.02965
vn -0.00977 0.99995 0.00057
vn -0.02504 0.99949 0.01972
vn 0.03175 0.99946 -0.00865
vn 0.01506 0.99983 -0.01063
vn 0.00490 0.99996 -0.00765
vn -0.01234 0.99990 -0.00754
vn -0.00835 0.99991 -0.01018
vn 0.00332 0.99993 -0.01112
vn 0.01490 0.99972 -0.01861
vn 0.00956 0.99985 -0.01441
vn -0.03948 0.99855 0.03653
vn -0.01735 0.99667 0.07962
vn 0.01754 0.99448 0.10349
vn -0.01397 0.99188 0.12644
vn 0.01128 0.99659 0.08174
vn 0.03581 0.99932 0.00924
vn -0.01758 0.99984 -0.00348
vn -0.00409 0.99964 -0.02635
vn 0.02641 0.99922 -0.02930
vn -0.01291 0.99984 -0.01200
vn -0.00060 0.99945 -0.03330
vn 0.01085 0.99957 -0.02712
vn 0.00336 0.99995 -0.00976
vn 0.00196 0.99999 -0.00250
vn -0.01831 0.99978 0.01070
vn -0.16149 0.98398 -0.07556
vn -0.55672 0.81033 -0.18283
vn -0.53999 0.84161 -0.01017
vn 0.00000 1.00000 0.00000
vn 0.07231 0.99402 0.08179
vn 0.03201 0.99666 0.07507
vn -0.03908 0.99847 -0.03908
vn -0.09121 0.98701 -0.13224
vn 0.00000 0.95797 -0.28685
vn 0.00000 0.95797 -0.28685
vn 0.00000 0.95797 -0.28685
vn 0.00000 0.95797 -0.28685
vn 0.00000 0.95797 -0.28685
vn 0.00000 0.95797 -0.28685
vn 0.00000 0.95797 -0.28685
vn 0.00000 0.95797 -0.28685
vn 0.00000 0.95797 -0.28685
vn 0.14499 0.92295 -0.35656
vn 0.03914 0.99847 -0.03914
vn -0.18179 0.96113 0.20782
vn 0.00714 0.99997 -0.00357
vn 0.00000 1.00000 0.00000
vn 0.54855 0.82959 -0.10434
vn 0.65432 0.73830 -0.16362
vn 0.03016 0.99941 -0.01633
vn -0.02615 0.99943 -0.02122
vn 0.02489 0.99943 -0.02295
vn 0.00380 0.99969 0.02464
vn 0.00857 0.99986 0.01466
vn -0.07700 0.99702 -0.00498
vn 0.01142 0.99967 -0.02291
vn -0.00624 0.99998 -0.00085
vn 0.00804 0.99985 -0.01524
vn 0.02320 0.99967 -0.01074
vn -0.00280 0.99994 0.01050
vn 0.00170 1.00000 0.00170
vn -0.00789 0.99987 -0.01440
vn 0.00666 0.99964 -0.02590
vn -0.02166 0.99976 -0.00288
vn -0.00952 0.99977 0.01909
vn 0.01379 0.99986 0.00953
vn 0.01354 0.99991 0.00176
vn 0.00082 0.99971 0.02426
vn 0.00158 0.99996 0.00912
vn -0.01842 0.99980 0.00761
vn -0.01334 0.99989 -0.00686
vn -0.01081 0.99994 0.00177
vn -0.00452 0.99998 0.00435
vn 0.03304 0.99911 -0.02624
vn -0.01487 0.99984 0.01027
vn 0.00813 0.99991 0.01105
vn 0.00874 0.99996 0.00358
vn -0.00103 0.99999 -0.00529
vn -0.01687 0.99986 0.00019
vn 0.00033 0.99995 -0.00967
vn 0.00063 0.99999 -0.00344
vn 0.00422 0.99983 -0.01779
vn 0.00729 0.99953 -0.02981
vn 0.01329 0.99971 -0.02015
vn -0.01259 0.99987 0.00999
vn 0.01984 0.99978 -0.00656
vn 0.00314 0.99998 -0.00628
vn -0.01083 0.99982 0.01582
vn -0.00092 0.99995 0.01035
vn -0.01679 0.99980 -0.01043
vn -0.03013 0.99952 -0.00689
vn 0.03565 0.99913 -0.02146
vn -0.01029 0.99994 -0.00374
vn -0.03168 0.99940 -0.01404
vn 0.03045 0.99888 -0.03619
vn 0.02319 0.99967 -0.01086
vn 0.00922 0.99995 -0.00390
vn -0.03183 0.99888 -0.03488
vn -0.33623 0.93479 -0.11450
vn -0.63553 0.72939 -0.25318
vn -0.49863 0.86518 -0.05326
vn 0.00000 1.00000 0.00000
vn 0.23665 0.97160 0.00000
vn -0.13419 0.97629 0.16986
vn -0.13224 0.98701 -0.09121
vn -0.08001 0.99358 -0.08001
vn 0.00000 1.00000 0.00000
vn 0.00000 1.00000 0.00000
vn 0.00000 1.00000 0.00000
vn 0.00000 1.00000 0.00000
vn 0.00000 1.00000 0.00000
vn 0.00000 1.00000 0.00000
vn 0.00000 1.00000 0.00000
vn 0.00000 1.00000 0.00000
vn 0.00000 1.00000 0.00000
vn 0.00000 1.00000 0.00000
vn 0.35656 0.92295 -0.14499
vn -0.12202 0.98805 0.09420
vn -0.14791 0.98616 0.07487
vn 0.00000 1.00000 0.00000
vn 0.45220 0.89052 -0.04997
vn 0.74536 0.62373 -0.23537
vn 0.22524 0.96714 -0.11794
vn -0.04097 0.99900 0.01767
vn 0.03011 0.99951 0.00895
vn 0.03558 0.99932 0.00940
vn -0.00764 0.99963 0.02625
vn -0.07651 0.99703 0.00841
vn -0.00757 0.99997 -0.00238
vn 0.01005 0.99980 -0.01708
vn -0.01934 0.99960 -0.02043
vn 0.04519 0.99848 -0.03153
vn 0.01128 0.99992 -0.00564
vn -0.00467 0.99998 0.00354
vn -0.02152 0.99971 0.01104
vn -0.00505 0.99999 0.00162
vn 0.01299 0.99989 -0.00648
vn -0.00149 0.99985 0.01731
vn -0.01974 0.99979 0.00490
vn 0.01387 0.99948 -0.02920
vn 0.02559 0.99958 -0.01348
vn -0.00504 0.99999 0.00074
vn -0.00917 0.99996 0.00078
vn -0.02530 0.99948 0.02014
vn 0.00278 0.99994 0.01041
vn -0.01346 0.99968 0.02162
vn 0.01292 0.99989 0.00718
vn 0.00408 0.99999 -0.00070
vn -0.00034 1.00000 -0.00177
vn 0.01362 0.99987 -0.00909
vn 0.00000 1.00000 0.00000
vn -0.00228 0.99999 0.00223
vn -0.00753 0.99982 0.01725
vn -0.00636 0.99983 0.01732
vn -0.01337 0.99989 0.00617
vn 0.00334 0.99999 0.00306
vn 0.01698 0.99973 -0.01593
vn 0.00542 0.99983 -0.01770
vn 0.00342 0.99998 -0.00582
vn 0.01268 0.99985 -0.01203
vn 0.00721 0.99995 -0.00649
vn -0.00967 0.99993 0.00703
vn -0.02491 0.99962 0.01167
vn -0.02948 0.99953 0.00798
vn 0.03127 0.99951 -0.00146
vn 0.01873 0.99979 0.00786
vn -0.04439 0.99839 0.03536
vn 0.00938 0.99983 0.01561
vn 0.03642 0.99918 -0.01760
vn 0.00197 0.99978 -0.02112
vn -0.13043 0.98956 -0.06124
vn -0.45015 0.87503 -0.17802
vn -0.66550 0.70997 -0.23031
vn -0.42421 0.90343 -0.06210
vn 0.00000 1.00000 0.00000
vn 0.23665 0.97160 0.00000
vn -0.05200 0.99865 0.00000
vn -0.28685 0.95797 0.00000
vn 0.00000 1.00000 0.00000
vn 0.00000 1.00000 0.00000
vn 0.00000 1.00000 0.00000
vn 0.00000 1.00000 0.00000
vn 0.00000 1.00000 0.00000
vn 0.00000 1.00000 0.00000
vn 0.00000 1.00000 0.00000
vn 0.00000 1.00000 0.00000
vn 0.00000 1.00000 0.00000
vn 0.00000 1.00000 0.00000
vn 0.00000 1.00000 0.00000
vn 0.28685 0.95797 0.00000
vn 0.05200 0.99865 0.00000
vn -0.23665 0.97160 0.00000
vn 0.00000 1.00000 0.00000
vn 0.36881 0.92863 -0.04036
vn 0.73659 0.64276 -0.21047
vn 0.46583 0.86442 -0.18917
vn 0.02686 0.99964 0.00212
vn -0.00239 0.99984 0.01749
vn 0.04683 0.99865 -0.02233
vn 0.00000 1.00000 0.00000
vn -0.01605 0.99984 -0.00804
vn -0.03345 0.99913 0.02498
vn 0.01478 0.99989 0.00196
vn -0.02732 0.99915 0.03090
vn 0.03407 0.99938 0.00869
vn 0.03372 0.99940 -0.00841
vn 0.00000 1.00000 0.00000
vn -0.00315 0.99999 0.00447
vn -0.00891 0.99968 0.02364
vn 0.00731 0.99978 0.01978
vn -0.01403 0.99990 -0.00090
vn -0.00992 0.99990 -0.01015
vn -0.01349 0.99958 0.02562
vn 0.04127 0.99915 -0.00178
vn -0.00144 1.00000 0.00072
vn -0.00970 0.99994 0.00550
vn -0.01141 0.99991 -0.00712
vn -0.00130 0.99999 -0.00293
vn 0.00591 0.99991 0.01194
vn -0.01033 0.99958 0.02712
vn 0.01287 0.99980 0.01544
vn -0.01012 0.99970 0.02228
vn 0.00368 0.99993 0.01081
vn 0.00411 0.99999 0.00024
vn -0.00043 0.99999 0.00346
vn -0.00550 0.99998 -0.00057
vn 0.00416 0.99996 -0.00742
vn -0.00702 0.99988 0.01406
vn -0.00742 0.99983 0.01664
vn -0.00201 0.99997 0.00682
vn 0.00324 0.99999 0.00190
vn 0.00765 0.99993 -0.00889
vn 0.01198 0.99987 -0.01072
vn 0.00701 0.99994 -0.00861
vn 0.00433 0.99994 -0.00959
vn -0.00717 0.99996 0.00586
vn -0.03894 0.99891 0.02567
vn 0.01389 0.99989 0.00521
vn 0.03496 0.99937 -0.00666
vn -0.01432 0.99973 0.01806
vn -0.03527 0.99887 0.03188
vn 0.00781 0.99989 -0.01279
vn -0.00983 0.99955 -0.02826
vn -0.23602 0.96722 -0.09374
vn -0.52455 0.82632 -0.20504
vn -0.64634 0.74757 -0.15292
vn -0.33974 0.93931 -0.04765
vn 0.00000 1.00000 0.00000
vn 0.23665 0.97160 0.00000
vn -0.05200 0.99865 0.00000
vn -0.28685 0.95797 0.00000
vn 0.00000 1.00000 0.00000
vn 0.00000 1.00000 0.00000
vn 0.00000 1.00000 0.00000
vn 0.00000 1.00000 0.00000
vn 0.00000 1.00000 0.00000
vn 0.00000 1.00000 0.00000
vn 0.00000 1.00000 0.00000
vn 0.00000 1.00000 0.00000
vn 0.00000 1.00000 0.00000
vn 0.00000 1.00000 0.00000
vn 0.00000 1.00000 0.00000
vn 0.28685 0.95797 0.00000
vn 0.05200 0.99865 0.00000
vn -0.23665 0.97160 0.00000
vn 0.00000 1.00000 0.00000
vn 0.29615 0.95490 -0.02122
vn 0.67207 0.72472 -0.15199
vn 0.61528 0.76240 -0.20043
vn 0.16828 0.98516 -0.03380
vn -0.02745 0.99893 0.03725
vn -0.00100 1.00000 -0.00100
vn 0.05061 0.99756 -0.04805
vn 0.06505 0.99779 -0.01320
vn 0.00044 0.99989 0.01511
vn 0.00621 0.99975 0.02145
vn 0.00106 0.99982 0.01879
vn 0.00741 0.99960 0.02745
vn 0.01405 0.99980 0.01405
vn 0.00000 1.00000 0.00000
vn 0.00000 1.00000 0.00000
vn -0.00834 0.99994 -0.00652
vn 0.00833 0.99986 -0.01485
vn -0.02880 0.99948 0.01437
vn 0.00000 1.00000 0.00000
vn 0.01454 0.99979 0.01430
vn 0.01388 0.99979 0.01528
vn -0.00425 0.99998 -0.00425
vn 0.00053 0.99998 -0.00556
vn -0.02532 0.99950 0.01912
vn -0.00699 0.99992 0.01028
vn 0.02298 0.99971 -0.00665
vn 0.00696 0.99994 0.00819
vn 0.00176 0.99993 0.01206
vn -0.00213 0.99995 0.00973
vn -0.00643 0.99986 0.01515
vn -0.00729 0.99996 0.00526
vn 0.00485 0.99995 -0.00838
vn -0.00733 0.99994 0.00755
vn -0.00312 0.99995 0.00928
vn -0.00601 0.99993 -0.01054
vn -0.00086 0.99988 -0.01571
vn -0.00416 0.99999 -0.00226
vn 0.01025 0.99995 0.00023
vn -0.00388 0.99991 0.01254
vn -0.00422 0.99997 -0.00712
vn 0.01733 0.99964 -0.02070
vn 0.00412 0.99995 -0.00918
vn 0.00544 0.99992 -0.01164
vn -0.02084 0.99977 0.00592
vn -0.01570 0.99974 0.01631
vn 0.02356 0.99942 -0.02441
vn 0.02114 0.99928 -0.03160
vn -0.04186 0.99911 0.00456
vn -0.01708 0.99979 -0.01146
vn 0.00205 1.00000 0.00207
vn -0.34864 0.93725 -0.00407
vn -0.59239 0.79329 -0.14059
vn -0.59308 0.79897 -0.09954
vn -0.27831 0.96022 -0.02279
vn 0.00000 1.00000 0.00000
vn 0.23665 0.97160 0.00000
vn -0.05200 0.99865 0.00000
vn -0.28685 0.95797 0.00000
vn 0.00000 1.00000 0.00000
vn 0.00000 1.00000 0.00000
vn 0.00000 1.00000 0.00000
vn 0.00000 1.00000 0.00000
vn 0.00000 1.00000 0.00000
vn 0.00000 1.00000 0.00000
vn 0.00000 1.00000 0.00000
vn 0.00000 1.00000 0.00000
vn 0.00000 1.00000 0.00000
vn 0.00000 1.00000 0.00000
vn 0.00000 1.00000 0.00000
vn 0.28685 0.95797 0.00000
vn 0.05200 0.99865 0.00000
vn -0.23665 0.97160 0.00000
vn 0.00000 1.00000 0.00000
vn 0.25619 0.96659 -0.00820
vn 0.58823 0.80432 -0.08401
vn 0.67330 0.72274 -0.15592
vn 0.29546 0.95436 -0.04349
vn 0.00000 1.00000 -0.00000
vn -0.03243 0.99885 0.03520
vn -0.02026 0.99947 0.02541
vn 0.03154 0.99915 0.02642
vn 0.02788 0.99958 0.00793
vn -0.00708 0.99982 0.01742
vn -0.00657 0.99986 0.01554
vn -0.00091 1.00000 -0.00091
vn 0.01565 0.99984 -0.00919
vn -0.00212 1.00000 -0.00212
vn 0.00212 0.99999 -0.00424
vn -0.02459 0.99970 -0.00140
vn 0.00913 0.99979 -0.01827
vn -0.00589 0.99956 -0.02912
vn 0.00286 0.99984 -0.01792
vn 0.00061 0.99993 -0.01154
vn 0.01774 0.99921 -0.03559
vn -0.00943 0.99994 0.00471
vn -0.01413 0.99980 -0.01413
vn 0.02198 0.99931 -0.02989
vn -0.01017 0.99964 0.02485
vn 0.00584 0.99971 0.02343
vn 0.00588 0.99997 0.00588
vn -0.00033 1.00000 0.00067
vn -0.00199 1.00000 0.00029
vn 0.00073 1.00000 -0.00041
vn -0.02393 0.99970 0.00546
vn -0.01189 0.99973 -0.01982
vn 0.02674 0.99926 -0.02775
vn -0.00483 0.99995 0.00907
vn -0.03439 0.99940 0.00392
vn 0.00613 0.99972 -0.02268
vn 0.01296 0.99991 0.00341
vn -0.00024 0.99997 0.00736
vn 0.01106 0.99987 -0.01146
vn -0.02686 0.99963 0.00518
vn 0.01581 0.99973 -0.01728
vn 0.01116 0.99991 -0.00684
vn -0.00517 0.99993 -0.01062
vn 0.00993 0.99971 -0.02171
vn -0.01360 0.99979 0.01504
vn -0.01555 0.99967 0.02028
vn 0.01376 0.99986 -0.00984
vn -0.00475 0.99993 -0.01052
vn -0.03003 0.99937 0.01886
vn 0.01622 0.99987 0.00017
vn -0.31566 0.94774 0.04627
vn -0.60404 0.78024 0.16235
vn -0.60892 0.78232 0.13110
vn -0.24918 0.96842 -0.00777
vn 0.00000 1.00000 0.00000
vn 0.23665 0.97160 0.00000
vn -0.05200 0.99865 0.00000
vn -0.28685 0.95797 0.00000
vn 0.00000 1.00000 0.00000
vn 0.00000 1.00000 0.00000
vn 0.00000 1.00000 0.00000
vn 0.00000 1.00000 0.00000
vn 0.00000 1.00000 0.00000
vn 0.00000 1.00000 0.00000
vn 0.00000 1.00000 0.00000
vn 0.00000 1.00000 0.00000
vn 0.00000 1.00000 0.00000
vn 0.00000 1.00000 0.00000
vn 0.00000 1.00000 0.00000
vn 0.28685 0.95797 0.00000
vn 0.05200 0.99865 0.00000
vn -0.23665 0.97160 0.00000
vn 0.00000 1.00000 0.00000
vn 0.24151 0.97040 -0.00144
vn 0.52538 0.85031 -0.03068
vn 0.67246 0.73419 -0.09360
vn 0.38624 0.92122 -0.04666
vn -0.00149 0.99999 0.00298
vn -0.00970 0.99991 -0.00970
vn -0.02278 0.99974 0.00037
vn -0.02174 0.99974 -0.00743
vn 0.01977 0.99969 -0.01544
vn -0.00686 0.99995 -0.00686
vn 0.00029 0.99979 -0.02030
vn -0.00262 0.99999 0.00251
vn 0.00737 0.99995 0.00737
vn -0.00242 1.00000 0.00121
vn 0.00000 1.00000 0.00000
vn -0.02736 0.99961 -0.00635
vn -0.01725 0.99928 -0.03388
vn -0.03852 0.99682 -0.06977
vn -0.01540 0.99068 -0.13532
vn 0.00422 0.98752 -0.15742
vn 0.03761 0.99024 -0.13421
vn 0.04177 0.99574 -0.08218
vn -0.01571 0.99981 -0.01110
vn 0.00282 0.99999 0.00282
vn 0.03008 0.99939 -0.01785
vn -0.00678 0.99995 -0.00678
vn -0.00131 0.99976 -0.02167
vn 0.00808 0.99984 -0.01618
vn -0.00313 0.99999 0.00157
vn -0.00081 1.00000 0.00041
vn -0.01327 0.99989 0.00663
vn -0.04833 0.99873 0.01398
vn 0.03379 0.99919 -0.02180
vn 0.02068 0.99978 -0.00423
vn -0.04303 0.99907 0.00380
vn -0.00560 0.99998 -0.00035
vn 0.04178 0.99912 -0.00323
vn -0.00912 0.99987 0.01317
vn 0.00005 0.99997 0.00775
vn -0.02562 0.99967 -0.00162
vn -0.00251 0.99986 -0.01657
vn 0.02296 0.99930 -0.02942
vn -0.01309 0.99958 -0.02599
vn 0.01124 0.99968 -0.02251
vn 0.01493 0.99985 -0.00927
vn -0.00231 1.00000 0.00171
vn -0.00730 0.99974 0.02160
vn 0.00797 0.99994 0.00708
vn -0.01606 0.99968 0.01973
vn -0.00657 0.99951 0.03074
vn -0.23394 0.97159 0.03571
vn -0.47281 0.86665 0.15925
vn -0.63481 0.73267 0.24538
vn -0.36360 0.92836 0.07713
vn 0.00000 1.00000 0.00000
vn 0.23873 0.97108 0.00251
vn -0.05389 0.99853 0.00546
vn -0.28685 0.95797 0.00000
vn 0.00000 1.00000 0.00000
vn 0.00000 1.00000 0.00000
vn 0.00000 1.00000 0.00000
vn 0.00000 1.00000 0.00000
vn 0.00000 1.00000 0.00000
vn 0.00000 1.00000 0.00000
vn 0.00000 1.00000 0.00000
vn 0.00000 1.00000 0.00000
vn 0.00000 1.00000 0.00000
vn 0.00000 1.00000 0.00000
vn 0.00000 1.00000 0.00000
vn 0.28685 0.95797 0.00000
vn 0.05200 0.99865 0.00000
vn -0.23665 0.97160 0.00000
vn 0.00000 1.00000 0.00000
vn 0.24029 0.97070 0.00143
vn 0.50875 0.86083 0.01199
vn 0.62170 0.78245 -0.03543
vn 0.43500 0.88517 -0.16509
vn 0.05896 0.99377 -0.09456
vn -0.02821 0.99960 0.00099
vn -0.04478 0.99889 -0.01458
vn -0.04599 0.99867 0.02324
vn -0.00063 1.00000 -0.00096
vn -0.00416 0.99977 -0.02102
vn -0.00424 0.99961 -0.02760
vn 0.01013 0.99959 -0.02679
vn 0.02124 0.99951 -0.02280
vn 0.00091 1.00000 0.00091
vn -0.03342 0.99908 -0.02703
vn -0.04149 0.99458 -0.09536
vn -0.08587 0.98723 -0.13421
vn -0.07124 0.97394 -0.21531
vn -0.08456 0.96912 -0.23163
vn 0.01188 0.96424 -0.26476
vn 0.05277 0.96634 -0.25178
vn 0.11917 0.96774 -0.22198
vn 0.07165 0.98714 -0.14288
vn 0.03988 0.99864 -0.03366
vn 0.00905 0.99992 0.00905
vn -0.01418 0.99979 -0.01472
vn -0.00672 0.99992 -0.01087
vn -0.00058 0.99978 -0.02096
vn 0.03025 0.99888 -0.03631
vn -0.00496 0.99999 -0.00026
vn -0.00203 0.99994 -0.01098
vn -0.02891 0.99943 0.01747
vn -0.01076 0.99945 0.03145
vn 0.04670 0.99886 -0.00960
vn -0.03179 0.99921 0.02368
vn -0.01834 0.99907 0.03895
vn 0.03339 0.99935 0.01363
vn 0.00783 0.99995 0.00658
vn -0.00828 0.99982 0.01726
vn -0.01849 0.99951 0.02516
vn -0.03031 0.99893 0.03486
vn 0.01306 0.99984 0.01193
vn -0.01045 0.99991 0.00849
vn 0.01456 0.99989 0.00303
vn 0.02908 0.99957 -0.00384
vn 0.00000 1.00000 0.00000
vn 0.00001 1.00000 -0.00002
vn -0.00016 1.00000 -0.00310
vn -0.00277 0.99999 0.00260
vn -0.00488 0.99998 -0.00506
vn -0.18134 0.98335 0.01145
vn -0.42863 0.89950 0.08465
vn -0.64167 0.76443 0.06251
vn -0.45172 0.89208 0.01235
vn 0.00000 1.00000 0.00000
vn 0.24081 0.97057 -0.00249
vn -0.05151 0.99867 -0.00000
vn -0.29048 0.95688 0.00237
vn 0.00000 1.00000 0.00000
vn 0.00000 1.00000 0.00000
vn 0.00000 1.00000 0.00000
vn 0.00000 1.00000 0.00000
vn 0.00000 1.00000 0.00000
vn 0.00000 1.00000 0.00000
vn 0.00000 1.00000 0.00000
vn 0.00000 1.00000 0.00000
vn 0.00000 1.00000 0.00000
vn 0.00000 1.00000 0.00000
vn 0.00000 1.00000 0.00000
vn 0.28685 0.95797 0.00000
vn 0.05200 0.99865 0.00000
vn -0.23665 0.97160 0.00000
vn 0.00000 1.00000 0.00000
vn 0.24919 0.96842 0.00814
vn 0.53894 0.84100 0.04767
vn 0.50424 0.86221 0.04830
vn 0.38233 0.89365 -0.23495
vn 0.17847 0.94518 -0.27347
vn 0.10694 0.98801 -0.11131
vn -0.04569 0.99877 0.01946
vn 0.01626 0.99932 -0.03320
vn -0.00932 0.99984 0.01555
vn -0.01698 0.99953 0.02567
vn -0.01803 0.99971 0.01568
vn 0.00932 0.99994 0.00592
vn 0.01105 0.99979 -0.01722
vn 0.01688 0.99900 -0.04128
vn -0.10333 0.99366 -0.04429
vn -0.14329 0.97728 -0.15615
vn -0.14449 0.95570 -0.25644
vn -0.12502 0.94238 -0.31032
vn -0.09079 0.93844 -0.33330
vn 0.01950 0.93598 -0.35151
vn 0.07989 0.94924 -0.30423
vn 0.14383 0.94652 -0.28880
vn 0.15687 0.95599 -0.24796
vn 0.16193 0.97515 -0.15118
vn 0.02848 0.99878 -0.04032
vn -0.00472 0.99989 -0.01420
vn -0.00822 0.99996 -0.00389
vn -0.00277 1.00000 0.00002
vn 0.01207 0.99993 0.00021
vn 0.02145 0.99971 -0.01070
vn -0.02503 0.99967 -0.00531
vn 0.00666 0.99921 -0.03910
vn 0.00145 1.00000 0.00212
vn 0.01388 0.99981 0.01388
vn 0.00982 0.99994 -0.00491
vn -0.01903 0.99960 0.02083
vn 0.01459 0.99984 0.01078
vn -0.00691 0.99997 -0.00340
vn 0.00801 0.99986 -0.01473
vn -0.01106 0.99992 -0.00615
vn -0.00850 0.99991 0.01056
vn -0.01040 0.99967 0.02369
vn 0.00887 0.99986 0.01405
vn -0.01223 0.99929 0.03558
vn 0.01387 0.99990 -0.00274
vn -0.00397 0.99991 -0.01268
vn 0.00092 0.99981 -0.01955
vn 0.00365 0.99994 -0.01068
vn 0.00000 1.00000 0.00000
vn -0.02370 0.99971 -0.00351
vn -0.13697 0.99056 -0.00538
vn -0.43344 0.90116 -0.00592
vn -0.64360 0.76241 -0.06715
vn -0.46041 0.88770 0.00265
vn 0.00000 1.00000 0.00000
vn 0.23665 0.97160 0.00000
vn -0.04986 0.99874 -0.00546
vn -0.28866 0.95743 -0.00239
vn 0.00000 1.00000 0.00000
vn 0.00000 1.00000 0.00000
vn 0.00000 1.00000 0.00000
vn 0.00000 1.00000 0.00000
vn 0.00000 1.00000 0.00000
vn 0.00000 1.00000 0.00000
vn 0.00000 1.00000 0.00000
vn 0.00000 1.00000 0.00000
vn 0.00000 1.00000 0.00000
vn 0.00000 1.00000 0.00000
vn 0.00000 1.00000 0.00000
vn 0.28685 0.95797 0.00000
vn 0.05200 0.99865 0.00000
vn -0.23665 0.97160 0.00000
vn 0.00000 1.00000 0.00000
vn 0.27874 0.96010 0.02256
vn 0.56171 0.82587 0.04915
vn 0.37698 0.92606 0.01732
vn 0.20730 0.96311 -0.17157
vn 0.23163 0.94431 -0.23373
vn 0.26589 0.94792 -0.17537
vn 0.14400 0.98519 -0.09305
vn 0.01965 0.99979 -0.00549
vn 0.03190 0.99915 -0.02616
vn 0.00142 0.99997 -0.00802
vn -0.02385 0.99968 0.00821
vn 0.01271 0.99990 0.00566
vn -0.02106 0.99933 0.02999
vn -0.03140 0.99942 -0.01355
vn -0.14403 0.98454 -0.09971
vn -0.24574 0.95688 -0.15486
vn -0.22308 0.95050 -0.21630
vn -0.16991 0.94547 -0.27788
vn -0.09368 0.94956 -0.29927
vn 0.00220 0.95626 -0.29250
vn 0.11285 0.94252 -0.31452
vn 0.18017 0.93948 -0.29140
vn 0.20212 0.95054 -0.23586
vn 0.24829 0.94395 -0.21751
vn 0.14751 0.98265 -0.11239
vn 0.00534 0.99985 -0.01668
vn -0.00670 0.99996 -0.00582
vn 0.00737 0.99980 -0.01838
vn 0.00732 0.99995 -0.00681
vn 0.02184 0.99960 -0.01779
vn -0.01765 0.99984 -0.00033
vn -0.02711 0.99923 0.02846
vn 0.02776 0.99958 -0.00783
vn 0.01205 0.99979 -0.01672
vn 0.01439 0.99980 -0.01404
vn -0.01149 0.99992 0.00574
vn 0.00000 1.00000 0.00000
vn -0.00895 0.99995 0.00447
vn -0.00147 1.00000 0.00074
vn -0.01095 0.99993 -0.00540
vn 0.00259 0.99977 -0.02132
vn -0.00519 0.99991 -0.01203
vn 0.01011 0.99991 -0.00925
vn -0.00222 1.00000 -0.00195
vn -0.00891 0.99996 0.00006
vn -0.00315 0.99999 0.00150
vn -0.01363 0.99990 -0.00477
vn 0.02136 0.99952 -0.02225
vn 0.01150 0.99993 -0.00284
vn -0.01812 0.99972 0.01497
vn -0.10914 0.99328 0.03852
vn -0.47699 0.87712 0.05604
vn -0.68336 0.72623 -0.07493
vn -0.42176 0.90584 -0.03953
vn 0.00000 1.00000 0.00000
vn 0.23665 0.97160 0.00000
vn -0.05200 0.99865 0.00000
vn -0.28685 0.95797 0.00000
vn 0.00000 1.00000 0.00000
vn 0.00000 1.00000 0.00000
vn 0.00000 1.00000 0.00000
vn 0.00000 1.00000 0.00000
vn 0.00000 1.00000 0.00000
vn 0.00000 1.00000 0.00000
vn 0.00000 1.00000 0.00000
vn 0.00000 1.00000 0.00000
vn 0.00000 1.00000 0.00000
vn 0.00000 1.00000 0.00000
vn 0.00000 1.00000 0.00000
vn 0.28685 0.95797 0.00000
vn 0.05200 0.99865 0.00000
vn -0.23665 0.97160 0.00000
vn 0.00000 1.00000 0.00000
vn 0.33884 0.93974 0.04545
vn 0.51393 0.84785 0.13050
vn 0.29876 0.95415 -0.01831
vn 0.09071 0.99032 -0.10504
vn 0.27066 0.95473 -0.12340
vn 0.31314 0.94569 -0.08729
vn 0.23728 0.96845 -0.07612
vn -0.03129 0.99945 -0.01131
vn 0.00920 0.99978 -0.01864
vn 0.01859 0.99959 -0.02193
vn -0.02517 0.99963 0.01023
vn 0.01084 0.99993 -0.00470
vn -0.00012 0.99980 -0.02002
vn -0.08004 0.99644 -0.02661
vn -0.23222 0.97100 -0.05683
vn -0.29680 0.94570 -0.13249
vn -0.25916 0.94882 -0.18048
vn -0.19749 0.96223 -0.18740
vn -0.08673 0.98102 -0.17341
vn 0.00261 0.98789 -0.15512
vn 0.08251 0.98192 -0.17035
vn 0.19471 0.95699 -0.21508
vn 0.25524 0.94556 -0.20191
vn 0.26223 0.95330 -0.14988
vn 0.26050 0.95591 -0.13555
vn 0.06294 0.99719 -0.04055
vn -0.00017 0.99979 -0.02031
vn 0.00443 0.99998 -0.00394
vn 0.01391 0.99976 0.01675
vn -0.01536 0.99985 -0.00805
vn 0.02417 0.99861 -0.04678
vn 0.01582 0.99987 -0.00316
vn -0.01232 0.99944 0.03125
vn 0.00009 0.99997 0.00724
vn 0.00435 0.99999 -0.00331
vn 0.01159 0.99975 -0.01911
vn -0.00808 0.99985 -0.01521
vn 0.01618 0.99975 -0.01514
vn -0.01021 0.99974 0.02044
vn -0.00501 0.99981 0.01896
vn -0.02410 0.99925 0.03042
vn 0.00049 1.00000 0.00148
vn 0.00641 0.99996 -0.00661
vn 0.01331 0.99991 -0.00128
vn -0.01488 0.99988 0.00487
vn -0.00018 0.99997 -0.00823
vn -0.00804 0.99997 0.00177
vn 0.00038 0.99984 0.01808
vn 0.02350 0.99972 -0.00372
vn 0.00402 0.99999 -0.00201
vn -0.05265 0.99775 0.04156
vn -0.38246 0.90723 0.17511
vn -0.74782 0.64538 0.15575
vn -0.40285 0.91526 -0.00178
vn 0.00000 1.00000 0.00000
vn 0.23665 0.97160 0.00000
vn -0.05200 0.99865 0.00000
vn -0.28685 0.95797 0.00000
vn 0.00000 1.00000 0.00000
vn 0.00000 1.00000 0.00000
vn 0.00000 1.00000 0.00000
vn 0.00000 1.00000 0.00000
vn 0.00000 1.00000 0.00000
vn 0.00000 1.00000 0.00000
vn 0.00000 1.00000 0.00000
vn 0.00000 1.00000 0.00000
vn 0.00000 1.00000 0.00000
vn 0.00000 1.00000 0.00000
vn 0.00000 1.00000 0.00000
vn 0.28685 0.95797 0.00000
vn 0.05200 0.99865 0.00000
vn -0.23665 0.97160 0.00000
vn 0.00000 1.00000 0.00000
vn 0.42113 0.90486 0.06225
vn 0.42190 0.87349 0.24291
vn 0.19651 0.97892 0.05577
vn 0.05321 0.99839 0.01969
vn 0.27573 0.96122 0.00458
vn 0.33229 0.94309 0.01281
vn 0.26485 0.96429 -0.00265
vn 0.00759 0.99990 0.01219
vn -0.00887 0.99985 0.01479
vn 0.03380 0.99941 -0.00649
vn 0.00530 0.99994 -0.00975
vn 0.00332 0.99997 0.00749
vn -0.02774 0.99935 0.02290
vn -0.13615 0.99017 -0.03200
vn -0.22774 0.96895 -0.09631
vn -0.35058 0.93427 -0.06509
vn -0.28369 0.95402 -0.09679
vn -0.18399 0.97876 -0.09044
vn -0.05307 0.99587 -0.07364
vn 0.01362 0.99861 -0.05101
vn 0.06062 0.99645 -0.05836
vn 0.14636 0.98686 -0.06852
vn 0.28142 0.95373 -0.10585
vn 0.30573 0.94837 -0.08437
vn 0.27839 0.95893 -0.05429
vn 0.14525 0.98890 -0.03115
vn -0.01737 0.99980 0.01009
vn 0.03598 0.99933 -0.00719
vn 0.03173 0.99941 0.01304
vn -0.03210 0.99873 0.03873
vn -0.01643 0.99927 0.03459
vn 0.03833 0.99925 -0.00493
vn 0.00321 0.99999 -0.00160
vn -0.00332 0.99999 0.00435
vn -0.00768 0.99997 -0.00056
vn -0.00617 0.99968 -0.02448
vn -0.00580 0.99983 -0.01759
vn 0.01624 0.99984 -0.00812
vn 0.01875 0.99975 -0.01256
vn 0.00213 0.99999 -0.00426
vn -0.00840 0.99985 0.01508
vn -0.03026 0.99936 0.01909
vn -0.00565 0.99997 -0.00528
vn 0.01544 0.99953 -0.02633
vn -0.00174 0.99993 -0.01187
vn -0.02783 0.99961 0.00226
vn 0.01587 0.99958 -0.02431
vn 0.00292 0.99998 -0.00610
vn 0.01851 0.99973 -0.01389
vn -0.00554 0.99994 -0.00964
vn 0.00866 0.99977 -0.01976
vn -0.16730 0.98332 0.07137
vn -0.70717 0.67047 0.22447
vn -0.47159 0.87910 0.06924
vn 0.00000 1.00000 0.00000
vn 0.14791 0.98616 -0.07487
vn 0.12202 0.98805 -0.09420
vn -0.35656 0.92295 0.14499
vn 0.00000 1.00000 0.00000
vn 0.00000 1.00000 0.00000
vn 0.00000 1.00000 0.00000
vn 0.00000 1.00000 0.00000
vn 0.00000 1.00000 0.00000
vn 0.00000 1.00000 0.00000
vn 0.00000 1.00000 0.00000
vn 0.00000 1.00000 0.00000
vn 0.00000 1.00000 0.00000
vn 0.00000 1.00000 0.00000
vn 0.08001 0.99358 0.08001
vn 0.13224 0.98701 0.09121
vn 0.13419 0.97629 -0.16986
vn -0.23665 0.97160 0.00000
vn 0.00000 1.00000 0.00000
vn 0.48860 0.87237 0.01575
vn 0.35399 0.90516 0.23531
vn 0.01637 0.98660 0.16236
vn 0.09096 0.98596 0.14000
vn 0.22648 0.96382 0.14057
vn 0.34128 0.93833 0.05533
vn 0.27201 0.95978 0.06947
vn 0.00852 0.99996 0.00242
vn 0.02035 0.99977 0.00724
vn 0.00386 0.99946 0.03258
vn -0.00888 0.99969 0.02337
vn -0.00348 0.99999 0.00408
vn -0.00173 0.99983 -0.01851
vn -0.16065 0.98642 0.03415
vn -0.29285 0.95609 0.01143
vn -0.31792 0.94770 -0.02797
vn -0.29020 0.95692 0.00905
vn -0.16839 0.98572 0.00078
vn -0.04228 0.99909 0.00600
vn 0.00777 0.99994 0.00766
vn 0.05624 0.99841 -0.00274
vn 0.14916 0.98879 0.00716
vn 0.26558 0.96399 0.01370
vn 0.32806 0.94450 0.01738
vn 0.28623 0.95778 0.02701
vn 0.14848 0.98891 0.00364
vn 0.02699 0.99963 0.00339
vn -0.00976 0.99966 0.02413
vn 0.05172 0.99838 -0.02355
vn -0.00224 1.00000 0.00112
vn -0.02162 0.99953 0.02154
vn 0.01312 0.99981 0.01414
vn 0.00967 0.99995 0.00339
vn -0.00749 0.99989 0.01270
vn -0.02381 0.99954 0.01880
vn -0.02399 0.99967 0.00937
vn 0.01253 0.99990 -0.00581
vn 0.02874 0.99957 -0.00642
vn 0.00868 0.99996 0.00090
vn -0.00074 0.99997 -0.00743
vn 0.00723 0.99994 -0.00807
vn -0.03625 0.99934 -0.00238
vn -0.01669 0.99986 -0.00165
vn 0.00121 0.99998 0.00607
vn 0.01240 0.99989 -0.00816
vn -0.00492 0.99996 0.00809
vn -0.01928 0.99971 0.01460
vn 0.01941 0.99974 -0.01231
vn -0.00156 0.99997 -0.00758
vn 0.01078 0.99989 -0.00989
vn 0.00000 1.00000 0.00000
vn -0.04141 0.99901 0.01597
vn -0.63158 0.77000 0.09057
vn -0.53038 0.84757 0.01786
vn 0.00000 1.00000 0.00000
vn -0.00714 0.99997 0.00357
vn 0.18179 0.96113 -0.20782
vn -0.03914 0.99847 0.03914
vn -0.14499 0.92295 0.35656
vn 0.00000 0.95797 0.28685
vn 0.00000 0.95797 0.28685
vn 0.00000 0.95797 0.28685
vn 0.00000 0.95797 0.28685
vn 0.00000 0.95797 0.28685
vn 0.00000 0.95797 0.28685
vn 0.00000 0.95797 0.28685
vn 0.00000 0.95797 0.28685
vn 0.00000 0.95797 0.28685
vn 0.09121 0.98701 0.13224
vn 0.03908 0.99847 0.03908
vn -0.03201 0.99666 -0.07507
vn -0.07231 0.99402 -0.08179
vn 0.04002 0.99840 0.04002
vn 0.49849 0.86236 0.08855
vn 0.41327 0.89668 0.15865
vn -0.06966 0.97581 0.20724
vn 0.15419 0.96813 0.19736
vn 0.18869 0.95022 0.24796
vn 0.21404 0.96532 0.14948
vn 0.27013 0.96275 0.01193
vn -0.06600 0.99778 0.00887
vn 0.00445 0.99969 -0.02469
vn 0.03047 0.99910 -0.02959
vn -0.00355 0.99991 -0.01268
vn -0.01051 0.99992 -0.00719
vn -0.01684 0.99986 0.00221
vn -0.09074 0.99580 0.01246
vn -0.29232 0.95022 0.10782
vn -0.33263 0.93757 0.10159
vn -0.25830 0.96207 0.08775
vn -0.20804 0.97150 0.11361
vn -0.06114 0.99729 0.04093
vn 0.03219 0.99887 0.03508
vn 0.05429 0.99566 0.07554
vn 0.16446 0.98307 0.08073
vn 0.26728 0.95920 0.09222
vn 0.31538 0.94642 0.06942
vn 0.29814 0.95380 0.03717
vn 0.09493 0.99413 0.05181
vn 0.03894 0.99923 -0.00400
vn -0.01180 0.99959 0.02605
vn 0.01731 0.99978 0.01153
vn 0.01222 0.99966 -0.02292
vn -0.00443 0.99991 -0.01291
vn -0.00305 0.99999 0.00321
vn 0.01222 0.99991 -0.00611
vn 0.00344 0.99999 -0.00283
vn -0.00277 1.00000 0.00142
vn -0.02561 0.99953 0.01704
vn 0.00064 0.99973 0.02327
vn 0.00420 0.99982 0.01837
vn 0.00564 0.99990 -0.01335
vn 0.00762 0.99990 -0.01230
vn 0.00009 0.99996 -0.00893
vn -0.02085 0.99974 -0.00891
vn -0.01708 0.99982 0.00823
vn 0.02060 0.99977 0.00618
vn -0.01281 0.99981 0.01440
vn 0.02344 0.99965 -0.01211
vn -0.03178 0.99898 0.03223
vn 0.00639 0.99988 0.01409
vn 0.00445 0.99983 0.01792
vn 0.01595 0.99977 0.01429
vn -0.00207 0.99988 0.01567
vn 0.00300 0.99991 0.01314
vn -0.35470 0.91679 0.18353
vn -0.63927 0.69448 0.33021
vn -0.03061 0.99762 0.06174
vn 0.00000 1.00000 0.00000
vn -0.01071 0.99989 0.01071
vn 0.20782 0.96113 -0.18179
vn 0.09420 0.98805 -0.12202
vn 0.00000 0.99865 0.05200
vn 0.00000 0.99865 0.05200
vn 0.00000 0.99865 0.05200
vn 0.00000 0.99865 0.05200
vn 0.00000 0.99865 0.05200
vn 0.00000 0.99865 0.05200
vn 0.00000 0.99865 0.05200
vn 0.00000 0.99865 0.05200
vn 0.00000 0.99865 0.05200
vn -0.16986 0.97629 0.13419
vn -0.07507 0.99666 -0.03201
vn -0.05707 0.99674 -0.05707
vn 0.03471 0.99879 0.03471
vn 0.24297 0.94329 0.22620
vn 0.41189 0.78497 0.46278
vn 0.45292 0.86593 0.21221
vn -0.04231 0.95535 0.29243
vn 0.11227 0.95126 0.28724
vn 0.18436 0.96551 0.18385
vn 0.08175 0.99001 0.11490
vn 0.05715 0.99602 0.06840
vn -0.06233 0.99799 0.01158
vn -0.02884 0.99955 0.00853
vn 0.03743 0.99920 -0.01403
vn -0.00261 0.99993 -0.01122
vn -0.01036 0.99992 -0.00751
vn 0.00636 0.99997 -0.00317
vn -0.05602 0.99814 0.02403
vn -0.18124 0.98094 0.07008
vn -0.35437 0.91961 0.16951
vn -0.26070 0.95217 0.15941
vn -0.19002 0.96719 0.16861
vn -0.11818 0.97185 0.20381
vn 0.02834 0.98672 0.15996
vn 0.08898 0.98502 0.14773
vn 0.17786 0.96939 0.16926
vn 0.26212 0.94865 0.17706
vn 0.27024 0.94979 0.15771
vn 0.22850 0.97058 0.07594
vn 0.11305 0.99352 -0.01179
vn 0.00325 0.99997 0.00700
vn 0.03389 0.99942 0.00431
vn -0.01334 0.99969 0.02093
vn -0.01091 0.99988 0.01110
vn 0.00408 0.99996 -0.00815
vn 0.01033 0.99995 -0.00152
vn 0.00479 0.99998 -0.00340
vn 0.00466 0.99998 -0.00526
vn 0.00113 1.00000 0.00113
vn -0.02530 0.99955 0.01639
vn -0.00444 0.99998 -0.00444
vn 0.02267 0.99970 -0.00887
vn -0.02289 0.99966 0.01231
vn 0.00081 0.99960 -0.02829
vn 0.01010 0.99978 -0.01862
vn -0.01473 0.99988 -0.00452
vn -0.00420 0.99998 0.00431
vn 0.01548 0.99984 0.00866
vn -0.01716 0.99978 0.01236
vn 0.00099 1.00000 0.00099
vn 0.02018 0.99972 -0.01239
vn -0.00748 0.99973 0.02212
vn 0.01346 0.99970 0.02050
vn 0.00187 0.99983 0.01826
vn 0.00009 0.99988 0.01529
vn -0.00079 0.99996 0.00920
vn -0.01711 0.99983 0.00633
vn -0.42955 0.80441 0.41038
vn -0.46603 0.75543 0.46058
vn -0.06174 0.99762 0.03061
vn 0.00000 1.00000 0.00000
vn -0.00357 0.99997 0.00714
vn 0.07487 0.98616 -0.14791
vn 0.00000 0.97160 -0.23665
vn 0.00000 0.97160 -0.23665
vn 0.00000 0.97160 -0.23665
vn 0.00000 0.97160 -0.23665
vn 0.00000 0.97160 -0.23665
vn 0.00000 0.97160 -0.23665
vn 0.00000 0.97160 -0.23665
vn 0.00000 0.97160 -0.23665
vn 0.00000 0.97160 -0.23665
vn 0.00000 0.97160 -0.23665
vn -0.08179 0.99402 -0.07231
vn 0.03620 0.99869 0.03620
vn 0.22898 0.94545 0.23174
vn 0.43697 0.78271 0.44320
vn 0.38888 0.80632 0.44566
vn 0.13149 0.93566 0.32751
vn 0.00902 0.97681 0.21392
vn 0.05443 0.97992 0.19183
vn 0.05746 0.99061 0.12402
vn 0.01474 0.99861 0.05051
vn -0.04549 0.99894 0.00770
vn -0.02779 0.99950 0.01513
vn -0.02753 0.99907 0.03305
vn 0.01173 0.99957 0.02686
vn 0.00757 0.99992 0.01059
vn -0.00377 0.99986 0.01635
vn 0.01715 0.99965 0.01999
vn -0.03606 0.99872 0.03551
vn -0.13318 0.98934 0.05886
vn -0.24172 0.95923 0.14644
vn -0.28045 0.92600 0.25274
vn -0.15733 0.95773 0.24083
vn -0.08463 0.96218 0.25895
vn -0.00678 0.95882 0.28394
vn 0.08825 0.95798 0.27292
vn 0.17592 0.94417 0.27857
vn 0.21934 0.94747 0.23279
vn 0.21091 0.97215 0.10222
vn 0.10189 0.99464 -0.01772
vn 0.05341 0.98677 -0.15309
vn 0.03026 0.98676 -0.15936
vn 0.06713 0.99282 -0.09903
vn -0.00838 0.99952 -0.02980
vn 0.00403 0.99980 -0.01951
vn -0.00346 0.99982 0.01855
vn 0.00974 0.99988 0.01195
vn -0.01521 0.99988 0.00032
vn 0.01449 0.99979 -0.01452
vn -0.00454 0.99983 -0.01787
vn 0.01485 0.99951 -0.02754
vn -0.03452 0.99915 0.02264
vn 0.02058 0.99978 -0.00508
vn -0.02521 0.99965 -0.00832
vn -0.03175 0.99940 -0.01371
vn 0.04056 0.99874 -0.02966
vn -0.00715 0.99997 0.00130
vn 0.00300 1.00000 0.00015
vn 0.01181 0.99993 -0.00055
vn 0.00239 1.00000 0.00025
vn -0.01206 0.99974 0.01952
vn 0.00933 0.99991 0.00933
vn -0.00077 0.99994 -0.01076
vn 0.01272 0.99969 -0.02130
vn -0.00092 0.99985 -0.01743
vn 0.00364 0.99969 -0.02452
vn -0.00750 0.99982 -0.01716
vn -0.01126 0.99989 -0.00967
vn -0.04378 0.99893 0.01518
vn -0.43415 0.79655 0.42074
vn -0.45293 0.79329 0.40688
vn 0.00000 1.00000 0.00000
vn 0.00000 1.00000 0.00000
vn 0.00000 1.00000 0.00000
vn 0.00000 1.00000 0.00000
vn 0.00000 1.00000 0.00000
vn 0.00000 1.00000 0.00000
vn 0.00000 1.00000 0.00000
vn 0.00000 1.00000 0.00000
vn 0.00000 1.00000 0.00000
vn 0.00000 1.00000 0.00000
vn 0.00000 1.00000 0.00000
vn 0.00000 1.00000 0.00000
vn 0.00000 1.00000 0.00000
vn 0.04008 0.99839 0.04008
vn 0.22997 0.94213 0.24395
vn 0.44213 0.77978 0.44324
vn 0.40929 0.80967 0.42062
vn 0.18568 0.96211 0.19967
vn -0.01410 0.99875 0.04788
vn -0.00368 0.99838 0.05674
vn -0.00376 0.99952 0.03065
vn 0.02056 0.99973 -0.01098
vn 0.00580 0.99992 -0.01084
vn -0.01407 0.99982 0.01305
vn -0.01658 0.99973 -0.01658
vn -0.01178 0.99983 -0.01425
vn 0.01155 0.99993 -0.00226
vn 0.00556 0.99990 0.01280
vn -0.00552 0.99979 0.01984
vn 0.00846 0.99993 0.00846
vn -0.02063 0.99975 -0.00803
vn -0.06219 0.99732 0.03859
vn -0.13638 0.98188 0.13160
vn -0.17807 0.95507 0.23692
vn -0.18022 0.92812 0.32574
vn -0.08185 0.94563 0.31479
vn 0.01856 0.94704 0.32057
vn 0.07841 0.93763 0.33867
vn 0.13290 0.95547 0.26346
vn 0.08805 0.99156 0.09514
vn 0.02553 0.99571 -0.08890
vn -0.03229 0.97228 -0.23158
vn -0.03213 0.95206 -0.30423
vn 0.07610 0.94933 -0.30494
vn 0.14946 0.95424 -0.25900
vn 0.10012 0.98408 -0.14682
vn 0.03377 0.99886 -0.03377
vn 0.01866 0.99982 -0.00400
vn 0.00849 0.99995 -0.00472
vn -0.02391 0.99970 0.00509
vn 0.00903 0.99995 -0.00361
vn -0.02020 0.99977 0.00772
vn 0.00676 0.99989 -0.01351
vn 0.00261 0.99990 -0.01414
vn -0.00309 0.99997 -0.00757
vn 0.00093 0.99999 0.00325
vn -0.03822 0.99854 0.03814
vn 0.01970 0.99960 0.02007
vn 0.01867 0.99980 -0.00720
vn -0.00853 0.99995 0.00474
vn 0.01160 0.99993 -0.00164
vn 0.00269 0.99998 -0.00637
vn 0.00142 1.00000 -0.00071
vn -0.00675 0.99997 -0.00313
vn -0.00897 0.99995 -0.00431
vn 0.00138 1.00000 -0.00269
vn -0.00414 0.99996 -0.00833
vn 0.00021 0.99988 -0.01576
vn -0.00106 0.99995 -0.00945
vn -0.00458 0.99972 -0.02340
vn 0.00869 0.99986 -0.01432
vn -0.01729 0.99896 0.04216
vn -0.42102 0.79381 0.43887
vn -0.28681 0.70304 0.65075
vn -0.04450 0.85504 0.51664
vn -0.05057 0.89084 0.45149
vn -0.03871 0.92871 0.36879
vn -0.02273 0.95452 0.29729
vn -0.00767 0.96681 0.25538
vn -0.00145 0.97039 0.24155
vn 0.00148 0.97068 0.24037
vn 0.00820 0.96837 0.24939
vn 0.02291 0.95994 0.27926
vn 0.04665 0.93916 0.34029
vn 0.06461 0.90333 0.42406
vn 0.04387 0.86527 0.49938
vn 0.08459 0.84410 0.52947
vn 0.45336 0.77217 0.44521
vn 0.40856 0.81026 0.42019
vn 0.17590 0.96810 0.17842
vn 0.00693 0.99997 -0.00170
vn -0.02377 0.99972 0.00135
vn -0.00601 0.99988 -0.01457
vn -0.00427 0.99999 0.00213
vn 0.00734 0.99990 0.01187
vn 0.00540 0.99998 0.00416
vn -0.04039 0.99912 -0.01157
vn -0.03222 0.99933 -0.01730
vn -0.01843 0.99981 -0.00688
vn 0.00529 0.99966 -0.02541
vn 0.03777 0.99857 -0.03785
vn 0.00000 1.00000 0.00000
vn 0.00000 1.00000 0.00000
vn -0.02803 0.99957 0.00861
vn -0.00060 1.00000 0.00120
vn -0.04318 0.99658 0.07051
vn -0.07839 0.98536 0.15138
vn -0.11795 0.96636 0.22857
vn -0.07121 0.95419 0.29062
vn 0.00718 0.96001 0.27986
vn 0.05042 0.97997 0.19266
vn -0.05445 0.99468 0.08745
vn -0.14584 0.98169 -0.12254
vn -0.12886 0.94701 -0.29424
vn -0.07271 0.93188 -0.35541
vn -0.02566 0.94272 -0.33259
vn 0.09344 0.94341 -0.31820
vn 0.18395 0.93157 -0.31358
vn 0.21792 0.93448 -0.28153
vn 0.14830 0.97756 -0.14962
vn 0.04473 0.99876 -0.02168
vn -0.00344 0.99999 -0.00344
vn -0.00651 0.99998 -0.00192
vn -0.01459 0.99989 -0.00003
vn 0.00578 0.99950 -0.03121
vn -0.00579 0.99997 -0.00533
vn 0.01626 0.99986 0.00467
vn -0.02029 0.99962 0.01865
vn 0.02841 0.99958 -0.00550
vn -0.00472 0.99972 0.02325
vn -0.01970 0.99917 0.03578
vn -0.00093 0.99999 -0.00414
vn -0.00980 0.99985 -0.01418
vn 0.01044 0.99963 -0.02509
vn 0.00637 0.99990 -0.01276
vn 0.00213 0.99997 -0.00693
vn -0.00647 0.99997 -0.00370
vn -0.00298 0.99999 0.00158
vn 0.00828 0.99994 0.00718
vn -0.00028 0.99992 0.01254
vn -0.00820 0.99983 0.01635
vn 0.01123 0.99988 0.01109
vn -0.02663 0.99917 0.03078
vn 0.00834 0.99993 0.00834
vn 0.01918 0.99982 -0.00022
vn -0.01390 0.99956 0.02638
vn -0.18658 0.91335 0.36191
vn -0.14837 0.74522 0.65010
vn -0.22898 0.63007 0.74201
vn -0.21625 0.64275 0.73492
vn -0.15202 0.73207 0.66405
vn -0.07606 0.80494 0.58846
vn -0.02982 0.84200 0.53865
vn 0.01313 0.85227 0.52294
vn 0.04466 0.83279 0.55179
vn 0.09846 0.79395 0.59996
vn 0.14880 0.74445 0.65088
vn 0.23070 0.71156 0.66367
vn 0.24156 0.73027 0.63903
vn 0.17303 0.79414 0.58258
vn 0.09110 0.83349 0.54497
vn 0.19648 0.96407 0.17877
vn -0.01244 0.99987 0.01020
vn -0.00048 1.00000 -0.00048
vn -0.01019 0.99995 0.00077
vn -0.00748 0.99986 0.01497
vn 0.01937 0.99975 0.01083
vn 0.00188 0.99974 0.02277
vn -0.00507 0.99991 0.01230
vn -0.04331 0.99899 0.01219
vn 0.01882 0.99958 -0.02213
vn 0.00934 0.99996 -0.00070
vn -0.01345 0.99923 0.03690
vn 0.01706 0.99981 0.00963
vn 0.02634 0.99957 -0.01315
vn -0.00686 0.99995 -0.00686
vn -0.01285 0.99966 -0.02261
vn 0.00026 1.00000 -0.00053
vn 0.01013 0.99995 -0.00069
vn -0.02685 0.99956 0.01221
vn -0.03624 0.99698 0.06866
vn -0.03296 0.99042 0.13408
vn -0.07268 0.98804 0.13598
vn -0.10574 0.99438 -0.00468
vn -0.18045 0.97209 -0.14995
vn -0.27404 0.93636 -0.21939
vn -0.20805 0.93894 -0.27407
vn -0.07193 0.94821 -0.30939
vn 0.00198 0.95466 -0.29769
vn 0.09450 0.95418 -0.28392
vn 0.17661 0.94454 -0.27686
vn 0.25213 0.92842 -0.27287
vn 0.28946 0.92994 -0.22679
vn 0.16039 0.98048 -0.11373
vn 0.01912 0.99971 -0.01497
vn -0.00874 0.99992 -0.00874
vn -0.01444 0.99987 -0.00687
vn -0.01301 0.99984 0.01214
vn 0.00138 0.99995 0.00944
vn 0.02013 0.99956 -0.02197
vn 0.01162 0.99982 -0.01500
vn 0.00413 0.99984 0.01744
vn 0.00758 0.99997 -0.00108
vn -0.03058 0.99948 -0.01022
vn -0.00894 0.99988 -0.01233
vn -0.02248 0.99972 0.00765
vn 0.00014 0.99980 -0.02007
vn 0.02700 0.99943 -0.02011
vn 0.00763 0.99997 0.00121
vn 0.00000 1.00000 -0.00000
vn 0.00414 0.99997 0.00675
vn -0.00157 0.99999 0.00283
vn -0.00211 0.99975 -0.02244
vn 0.00329 0.99991 -0.01268
vn 0.00616 0.99998 0.00262
vn 0.00146 1.00000 0.00150
vn -0.00934 0.99958 0.02754
vn 0.00820 0.99990 0.01140
vn 0.00757 0.99993 -0.00916
vn -0.01559 0.99960 0.02362
vn -0.03083 0.99677 0.07410
vn -0.10998 0.96360 0.24366
vn -0.18918 0.86409 0.46643
vn -0.22515 0.75769 0.61255
vn -0.13753 0.74561 0.65204
vn -0.05861 0.74512 0.66435
vn -0.00068 0.75137 0.65988
vn 0.07200 0.76990 0.63409
vn 0.16938 0.79015 0.58904
vn 0.18267 0.82466 0.53531
vn 0.16152 0.88311 0.44048
vn 0.12818 0.94006 0.31601
vn 0.07881 0.98149 0.17455
vn 0.04162 0.99746 0.05787
vn 0.00104 1.00000 0.00104
vn 0.00980 0.99976 -0.01961
vn -0.01001 0.99985 0.01406
vn -0.00950 0.99993 -0.00685
vn 0.00604 0.99996 -0.00613
vn 0.00595 0.99989 0.01394
vn 0.00042 1.00000 -0.00084
vn -0.00091 1.00000 0.00046
vn -0.02757 0.99955 0.01157
vn 0.03389 0.99903 0.02821
vn 0.02777 0.99955 0.01153
vn 0.00940 0.99996 0.00065
vn -0.00864 0.99992 0.00868
vn 0.01881 0.99982 0.00198
vn -0.01372 0.99988 0.00686
vn -0.02500 0.99961 0.01248
vn 0.01009 0.99995 0.00034
vn 0.00996 0.99995 0.00043
vn -0.03442 0.99939 0.00555
vn 0.01622 0.99969 -0.01895
vn 0.00246 0.99984 0.01770
vn -0.11498 0.99332 0.00937
vn -0.25546 0.96468 -0.06427
vn -0.25794 0.94946 -0.17888
vn -0.28618 0.93500 -0.20946
vn -0.22728 0.95669 -0.18190
vn -0.08526 0.98111 -0.17367
vn -0.00321 0.98438 -0.17601
vn 0.09670 0.97306 -0.20928
vn 0.20237 0.95759 -0.20510
vn 0.27119 0.94788 -0.16728
vn 0.33912 0.92868 -0.15019
vn 0.24340 0.96372 -0.10959
vn 0.08690 0.99426 -0.06249
vn -0.01884 0.99980 -0.00656
vn -0.00092 0.99992 -0.01290
vn 0.01936 0.99981 0.00082
vn 0.00698 0.99946 0.03207
vn -0.02098 0.99898 0.03994
vn -0.00264 0.99999 -0.00264
vn 0.03473 0.99907 -0.02540
vn -0.00238 0.99998 0.00552
vn -0.04217 0.99911 0.00094
vn -0.00373 0.99986 -0.01650
vn 0.00878 0.99996 0.00242
vn -0.03329 0.99917 0.02362
vn 0.02298 0.99964 -0.01411
vn 0.03276 0.99924 -0.02097
vn -0.00495 0.99994 0.00990
vn -0.00222 1.00000 -0.00222
vn -0.01005 0.99986 -0.01361
vn -0.01316 0.99991 -0.00139
vn 0.00983 0.99994 -0.00474
vn 0.01753 0.99976 -0.01300
vn 0.00928 0.99995 -0.00415
vn -0.00501 0.99998 -0.00259
vn 0.00061 0.99998 -0.00601
vn -0.01714 0.99985 -0.00358
vn 0.01586 0.99905 -0.04068
vn 0.01162 0.99988 -0.01047
vn -0.00946 0.99958 0.02736
vn -0.01925 0.99812 0.05815
vn -0.07546 0.97875 0.19067
vn -0.06570 0.94193 0.32931
vn 0.00395 0.92588 0.37780
vn 0.01605 0.91997 0.39165
vn -0.01823 0.91718 0.39805
vn 0.03356 0.93951 0.34087
vn 0.06836 0.97028 0.23213
vn 0.02907 0.99091 0.13132
vn 0.03273 0.99897 0.03153
vn 0.00153 0.99990 -0.01397
vn 0.02405 0.99937 -0.02603
vn -0.02440 0.99969 0.00503
vn 0.00478 0.99994 -0.00956
vn 0.00956 0.99976 -0.01986
vn -0.03127 0.99941 -0.01415
vn 0.01289 0.99972 -0.01983
vn 0.02753 0.99954 -0.01242
vn -0.00354 0.99997 0.00709
vn 0.00439 0.99999 0.00313
vn -0.00800 0.99994 0.00800
vn 0.00332 0.99970 0.02440
vn 0.00846 0.99966 0.02469
vn -0.01683 0.99984 0.00536
vn -0.01039 0.99981 -0.01666
vn 0.01909 0.99954 -0.02377
vn 0.00845 0.99985 -0.01544
vn -0.00175 0.99999 0.00351
vn -0.00563 0.99948 0.03182
vn -0.00195 1.00000 -0.00195
vn -0.01840 0.99978 -0.01048
vn -0.00364 0.99992 0.01239
vn 0.01894 0.99980 0.00636
vn -0.15167 0.98842 0.00397
vn -0.30874 0.95099 -0.01731
vn -0.34677 0.93639 -0.05410
vn -0.29142 0.95054 -0.10749
vn -0.18909 0.97716 -0.09696
vn -0.06780 0.99496 -0.07394
vn -0.00500 0.99789 -0.06476
vn 0.06182 0.99587 -0.06646
vn 0.20321 0.97494 -0.09050
vn 0.30777 0.94753 -0.08638
vn 0.33647 0.93947 -0.06472
vn 0.29214 0.95338 -0.07561
vn 0.10963 0.99316 -0.04019
vn 0.03504 0.99883 -0.03347
vn -0.00401 0.99990 0.01324
vn 0.02677 0.99953 0.01480
vn 0.00354 0.99998 -0.00472
vn 0.00759 0.99986 -0.01519
vn -0.04110 0.99877 0.02770
vn 0.01193 0.99977 -0.01778
vn 0.02432 0.99897 -0.03841
vn -0.02459 0.99966 0.00892
vn -0.03121 0.99885 0.03648
vn 0.02996 0.99955 0.00056
vn -0.02053 0.99952 0.02308
vn -0.01657 0.99928 0.03415
vn 0.02022 0.99975 -0.00965
vn 0.02425 0.99930 -0.02858
vn -0.01556 0.99987 -0.00460
vn -0.00558 0.99998 -0.00420
vn 0.00771 0.99996 0.00453
vn 0.00598 0.99980 0.01932
vn -0.01331 0.99990 -0.00375
vn 0.00643 0.99845 -0.05535
vn -0.01162 0.99812 -0.06016
vn 0.00402 0.99712 -0.07574
vn -0.01135 0.99839 -0.05563
vn 0.00401 0.99973 -0.02286
vn 0.01940 0.99963 -0.01921
vn 0.03299 0.99897 -0.03117
vn -0.00901 0.99994 0.00570
vn 0.00225 1.00000 0.00132
vn -0.02102 0.99957 0.02049
vn 0.01106 0.99965 0.02408
vn 0.00266 0.99999 0.00266
vn -0.00142 0.99987 -0.01617
vn -0.02419 0.99937 0.02580
vn 0.02072 0.99978 0.00207
vn -0.00623 0.99997 -0.00403
vn 0.00860 0.99996 0.00052
vn -0.02166 0.99946 0.02452
vn 0.00522 0.99997 -0.00493
vn 0.02334 0.99958 -0.01700
vn -0.01264 0.99978 0.01680
vn -0.00774 0.99997 -0.00044
vn -0.02398 0.99955 -0.01813
vn 0.01031 0.99990 -0.00921
vn 0.03882 0.99913 -0.01531
vn 0.00435 0.99995 -0.00871
vn 0.00042 1.00000 0.00042
vn 0.00000 1.00000 0.00000
vn 0.00663 0.99998 0.00000
vn -0.00822 0.99988 -0.01320
vn -0.00387 0.99987 -0.01539
vn -0.03147 0.99944 0.01135
vn 0.02228 0.99973 -0.00713
vn 0.00964 0.99995 0.00357
vn 0.00474 0.99999 -0.00237
vn 0.00912 0.99994 -0.00620
vn -0.03755 0.99929 0.00247
vn -0.02079 0.99944 -0.02619
vn 0.01375 0.99953 -0.02729
vn 0.01107 0.99939 -0.03310
vn -0.12158 0.99225 -0.02547
vn -0.32099 0.94688 0.01949
vn -0.36484 0.93100 0.01146
vn -0.30839 0.95122 0.00825
vn -0.17650 0.98427 0.00780
vn -0.07142 0.99741 0.00907
vn -0.01135 0.99991 -0.00668
vn 0.07251 0.99734 -0.00751
vn 0.18887 0.98191 0.01361
vn 0.31307 0.94970 -0.00734
vn 0.34957 0.93686 0.00967
vn 0.29555 0.95490 0.02868
vn 0.10846 0.99374 0.02690
vn 0.04697 0.99888 -0.00496
vn 0.02082 0.99973 0.01075
vn 0.00434 0.99998 -0.00446
vn 0.00141 0.99985 -0.01743
vn -0.01048 0.99989 -0.01048
vn 0.00585 0.99981 -0.01864
vn -0.03823 0.99897 0.02456
vn 0.01155 0.99978 -0.01744
vn 0.02359 0.99854 -0.04863
vn 0.00197 0.99999 -0.00251
vn -0.01161 0.99975 0.01915
vn 0.00583 0.99987 -0.01483
vn -0.00323 0.99995 0.00949
vn -0.01512 0.99917 0.03773
vn -0.00567 0.99997 0.00484
vn 0.01319 0.99968 -0.02147
vn -0.00400 0.99999 0.00349
vn 0.01642 0.99986 0.00412
vn -0.01443 0.99982 -0.01199
vn -0.05616 0.99645 -0.06272
vn -0.07479 0.98788 -0.13604
vn -0.02278 0.97107 -0.23771
vn -0.00535 0.96913 -0.24649
vn 0.04873 0.97619 -0.21137
vn 0.06206 0.98991 -0.12736
vn 0.05442 0.99813 -0.02793
vn 0.01165 0.99986 0.01165
vn 0.00490 0.99991 -0.01214
vn -0.00611 0.99966 -0.02546
vn -0.00780 0.99966 -0.02478
vn -0.00051 0.99958 -0.02908
vn -0.00124 0.99966 -0.02619
vn 0.00773 0.99991 -0.01120
vn 0.00930 0.99993 0.00698
vn 0.00122 0.99983 0.01824
vn -0.01504 0.99975 0.01645
vn 0.00762 0.99997 -0.00024
vn 0.01598 0.99987 -0.00101
vn -0.03132 0.99923 0.02344
vn 0.02761 0.99956 -0.01111
vn -0.00331 0.99996 0.00884
vn -0.01492 0.99978 0.01463
vn -0.02485 0.99931 0.02749
vn -0.00304 0.99976 0.02153
vn 0.03122 0.99946 -0.01067
vn 0.01252 0.99990 -0.00626
vn -0.00461 0.99981 -0.01895
vn 0.00000 0.99960 -0.02834
vn -0.01166 0.99990 -0.00834
vn -0.01558 0.99988 0.00151
vn -0.00815 0.99993 -0.00815
vn -0.00191 0.99997 -0.00760
vn 0.00586 0.99992 0.01140
vn 0.02391 0.99971 0.00081
vn -0.00641 0.99996 0.00596
vn 0.00757 0.99997 -0.00311
vn -0.03120 0.99951 -0.00184
vn -0.02987 0.99937 0.01915
vn 0.00442 0.99981 0.01924
vn -0.00098 0.99993 0.01163
vn -0.09343 0.99540 0.02145
vn -0.28908 0.95528 0.06228
vn -0.36674 0.92737 0.07404
vn -0.31179 0.94741 0.07208
vn -0.17246 0.98207 0.07609
vn -0.08101 0.99405 0.07280
vn -0.00460 0.99737 0.07232
vn 0.06519 0.99417 0.08583
vn 0.21603 0.97344 0.07573
vn 0.27462 0.95672 0.09632
vn 0.37681 0.92520 0.04489
vn 0.28729 0.95672 0.04644
vn 0.10464 0.99426 0.02217
vn 0.01590 0.99976 0.01488
vn 0.02554 0.99965 0.00671
vn -0.01740 0.99982 0.00814
vn 0.00067 1.00000 -0.00134
vn -0.00398 0.99996 0.00859
vn 0.01083 0.99994 0.00118
vn -0.00661 0.99996 0.00564
vn -0.02390 0.99944 0.02336
vn -0.00800 0.99989 0.01230
vn 0.02205 0.99946 -0.02440
vn 0.00536 0.99986 -0.01559
vn -0.01575 0.99985 0.00757
vn 0.01628 0.99983 -0.00813
vn 0.01142 0.99992 -0.00571
vn -0.02450 0.99940 0.02431
vn -0.00193 0.99991 0.01357
vn 0.00553 0.99998 -0.00092
vn -0.01475 0.99936 -0.03245
vn -0.06962 0.99171 -0.10801
vn -0.11395 0.97499 -0.19082
vn -0.15656 0.96158 -0.22549
vn -0.11201 0.95493 -0.27488
vn -0.01136 0.94565 -0.32500
vn 0.11240 0.93416 -0.33869
vn 0.15998 0.95078 -0.26538
vn 0.14604 0.96901 -0.19925
vn 0.07360 0.99215 -0.10109
vn 0.00096 0.99997 -0.00789
vn -0.02389 0.99966 0.01008
vn -0.00882 0.99996 0.00042
vn -0.01603 0.99981 -0.01092
vn 0.02832 0.99934 -0.02295
vn 0.00482 0.99999 -0.00033
vn 0.03376 0.99932 -0.01482
vn -0.01048 0.99994 -0.00231
vn -0.00610 0.99983 -0.01750
vn 0.00120 1.00000 -0.00012
vn 0.00597 0.99998 -0.00334
vn -0.01789 0.99981 -0.00719
vn -0.01351 0.99988 -0.00732
vn 0.03284 0.99866 -0.03998
vn 0.00013 0.99989 -0.01500
vn -0.00210 0.99992 0.01270
vn -0.02038 0.99915 0.03582
vn 0.00699 0.99983 0.01677
vn 0.01851 0.99980 0.00730
vn -0.03391 0.99939 0.00862
vn -0.05673 0.99818 -0.02068
vn -0.00622 0.99997 -0.00545
vn 0.00000 1.00000 -0.00000
vn -0.02436 0.99956 0.01713
vn 0.00527 0.99998 -0.00365
vn 0.00285 0.99999 -0.00329
vn 0.02596 0.99962 -0.00886
vn -0.01533 0.99988 -0.00136
vn 0.00239 0.99982 -0.01861
vn -0.00941 0.99995 -0.00206
vn -0.00868 0.99975 0.02066
vn 0.00222 0.99937 0.03547
vn 0.00789 0.99957 0.02814
vn -0.06678 0.99697 0.03979
vn -0.21970 0.97063 0.09806
vn -0.36408 0.91528 0.17235
vn -0.30050 0.93372 0.19459
vn -0.18523 0.96309 0.19531
vn -0.08152 0.98132 0.17426
vn 0.01424 0.98310 0.18254
vn 0.06546 0.97478 0.21336
vn 0.21383 0.95675 0.19726
vn 0.27801 0.93685 0.21220
vn 0.29469 0.94064 0.16836
vn 0.25729 0.96382 0.06959
vn 0.07188 0.99698 0.02956
vn 0.01180 0.99986 0.01159
vn 0.02745 0.99962 0.00375
vn -0.00918 0.99993 -0.00808
vn 0.00532 0.99997 0.00554
vn -0.00355 0.99999 0.00409
vn -0.00824 0.99987 -0.01395
vn 0.00901 0.99994 -0.00603
vn -0.01651 0.99978 0.01318
vn -0.01043 0.99983 0.01498
vn 0.00367 0.99980 0.01985
vn 0.00968 0.99994 0.00559
vn 0.00228 1.00000 0.00061
vn 0.00369 0.99985 0.01692
vn 0.00306 0.99999 0.00306
vn 0.00635 0.99997 -0.00335
vn -0.01502 0.99948 0.02847
vn -0.02047 0.99978 0.00388
vn -0.09525 0.99377 -0.05793
vn -0.16322 0.97525 -0.14913
vn -0.20467 0.95143 -0.22996
vn -0.15228 0.94353 -0.29421
vn -0.11592 0.95320 -0.27923
vn -0.03591 0.96333 -0.26591
vn 0.09738 0.95507 -0.27994
vn 0.20833 0.93413 -0.28982
vn 0.19788 0.94776 -0.25019
vn 0.17323 0.96608 -0.19155
vn 0.10524 0.98991 -0.09490
vn 0.00072 0.99997 -0.00814
vn 0.00270 0.99995 0.00970
vn -0.03683 0.99876 0.03341
vn 0.02211 0.99975 0.00457
vn 0.01467 0.99966 0.02162
vn 0.00633 0.99996 0.00633
vn 0.00245 0.99999 -0.00393
vn -0.02799 0.99960 -0.00487
vn 0.02315 0.99947 -0.02308
vn 0.00360 0.99999 0.00298
vn -0.00293 0.99999 0.00159
vn -0.02180 0.99949 0.02340
vn -0.00521 0.99999 0.00024
vn 0.02293 0.99939 -0.02634
vn 0.01576 0.99984 -0.00788
vn 0.00386 0.99999 -0.00193
vn -0.00851 0.99982 0.01703
vn 0.01448 0.99988 0.00553
vn -0.02067 0.99973 0.01033
vn -0.06965 0.99717 0.02832
vn 0.01779 0.99896 -0.04197
vn 0.02582 0.99933 -0.02601
vn -0.01063 0.99984 0.01406
vn -0.01610 0.99967 0.02025
vn 0.00467 0.99983 0.01776
vn 0.01121 0.99994 -0.00075
vn 0.00114 0.99998 -0.00596
vn -0.01232 0.99987 0.01081
vn 0.01669 0.99986 -0.00136
vn -0.00228 0.99987 0.01576
vn 0.00965 0.99995 0.00403
vn -0.00427 0.99995 0.00856
vn -0.03531 0.99893 0.02979
vn -0.14520 0.98635 0.07768
vn -0.26186 0.94733 0.18436
vn -0.27797 0.92053 0.27450
vn -0.18863 0.93666 0.29509
vn -0.09845 0.95080 0.29373
vn 0.01730 0.96043 0.27798
vn 0.11531 0.95033 0.28909
vn 0.15729 0.94046 0.30132
vn 0.29766 0.93083 0.21202
vn 0.20242 0.95433 0.21973
vn 0.16187 0.98108 0.10622
vn 0.05983 0.99776 0.02980
vn -0.00124 0.99926 0.03855
vn 0.01296 0.99982 0.01388
vn -0.02473 0.99956 0.01666
vn 0.00751 0.99997 0.00111
vn -0.01237 0.99992 -0.00060
vn -0.02591 0.99966 -0.00145
vn 0.03213 0.99920 -0.02377
vn 0.00336 0.99999 -0.00427
vn -0.00535 0.99992 0.01114
vn -0.00541 0.99991 0.01245
vn 0.00517 0.99997 0.00602
vn -0.00382 0.99994 0.01062
vn 0.00716 0.99997 -0.00364
vn -0.00259 1.00000 0.00136
vn 0.00797 0.99997 0.00048
vn 0.00843 0.99996 -0.00032
vn -0.06684 0.99776 0.00096
vn -0.17266 0.98385 -0.04727
vn -0.24085 0.96192 -0.12924
vn -0.25272 0.95210 -0.17214
vn -0.19875 0.95821 -0.20573
vn -0.09307 0.96926 -0.22774
vn -0.02584 0.98003 -0.19714
vn 0.08003 0.97763 -0.19450
vn 0.20672 0.95526 -0.21153
vn 0.27888 0.94228 -0.18528
vn 0.22628 0.96964 -0.09265
vn 0.19321 0.97882 -0.06763
vn 0.03384 0.99929 -0.01661
vn 0.00082 0.99963 -0.02721
vn 0.00490 0.99988 -0.01487
vn -0.01674 0.99963 0.02127
vn 0.04765 0.99864 -0.02096
vn -0.00871 0.99981 0.01744
vn 0.00627 0.99991 0.01170
vn -0.03929 0.99910 0.01623
vn 0.00368 0.99999 -0.00327
vn 0.02877 0.99919 -0.02805
vn -0.01196 0.99981 -0.01559
vn 0.01071 0.99989 -0.01048
vn -0.02873 0.99907 0.03222
vn -0.00094 0.99996 0.00900
vn 0.03637 0.99915 -0.01936
vn 0.00492 0.99998 0.00492
vn -0.00299 0.99998 0.00597
vn -0.01102 0.99988 -0.01102
vn 0.01293 0.99950 -0.02901
vn -0.02066 0.99961 0.01858
vn -0.00581 0.99980 0.01931
vn 0.02133 0.99977 0.00222
vn 0.02508 0.99951 -0.01858
vn -0.01822 0.99982 -0.00562
vn 0.01822 0.99977 -0.01174
vn -0.00742 0.99976 0.02069
vn -0.00005 0.99997 0.00757
vn -0.00602 0.99998 -0.00099
vn 0.01188 0.99993 0.00191
vn -0.01142 0.99992 -0.00581
vn -0.00892 0.99927 -0.03723
vn 0.01822 0.99936 -0.03089
vn 0.00170 0.99995 -0.00983
vn -0.05922 0.99700 0.04978
vn -0.14280 0.97799 0.15213
vn -0.22350 0.93933 0.26019
vn -0.16536 0.93565 0.31181
vn -0.10229 0.93594 0.33698
vn 0.00717 0.93985 0.34151
vn 0.12976 0.93701 0.32430
vn 0.11689 0.93628 0.33124
vn 0.18149 0.95603 0.23038
vn 0.18657 0.97678 0.10528
vn 0.05881 0.99601 0.06711
vn 0.01799 0.99982 0.00550
vn 0.00248 0.99975 -0.02203
vn -0.00431 0.99976 -0.02137
vn -0.00708 0.99956 -0.02863
vn -0.00267 0.99993 -0.01174
vn -0.00258 0.99992 -0.01247
vn -0.01572 0.99984 0.00854
vn 0.01113 0.99954 0.02821
vn 0.00541 0.99988 0.01454
vn 0.00285 1.00000 0.00060
vn -0.01497 0.99989 0.00221
vn 0.01434 0.99978 -0.01546
vn -0.00276 0.99999 0.00376
vn 0.00073 0.99997 0.00704
vn 0.00165 1.00000 0.00152
vn 0.00155 1.00000 0.00137
vn 0.01036 0.99994 -0.00218
vn -0.08384 0.99648 0.00019
vn -0.22561 0.97341 -0.03972
vn -0.29384 0.95228 -0.08257
vn -0.28202 0.95279 -0.11255
vn -0.20419 0.97244 -0.11252
vn -0.09744 0.99140 -0.08730
vn 0.01735 0.99594 -0.08835
vn 0.05882 0.99615 -0.06505
vn 0.19130 0.97620 -0.10214
vn 0.30925 0.94279 -0.12455
vn 0.31773 0.94467 -0.08153
vn 0.19599 0.98060 -0.00307
vn 0.05669 0.99839 -0.00289
vn -0.01718 0.99982 0.00824
vn 0.02790 0.99960 0.00359
vn -0.01845 0.99979 0.00890
vn 0.01339 0.99963 -0.02370
vn 0.03271 0.99892 -0.03300
vn 0.00232 1.00000 -0.00116
vn -0.02185 0.99967 0.01363
vn -0.03154 0.99918 0.02525
vn 0.01618 0.99987 -0.00130
vn -0.01015 0.99994 0.00480
vn 0.01901 0.99977 -0.00975
vn 0.02173 0.99976 -0.00398
vn -0.04119 0.99880 0.02632
vn 0.00938 0.99970 -0.02254
vn 0.03150 0.99859 -0.04268
vn 0.00469 0.99986 -0.01576
vn -0.02584 0.99962 0.00970
vn -0.00206 1.00000 0.00103
vn 0.05185 0.99826 -0.02794
vn 0.05401 0.99846 0.01283
vn 0.01882 0.99958 0.02209
vn -0.00780 0.99996 0.00431
vn -0.01883 0.99963 -0.01971
vn 0.01311 0.99981 -0.01415
vn 0.01965 0.99956 -0.02229
vn -0.01063 0.99969 -0.02254
vn -0.00626 0.99985 -0.01638
vn 0.01242 0.99987 -0.01033
vn -0.01374 0.99988 0.00685
vn -0.03968 0.99917 0.00940
vn 0.03335 0.99922 -0.02130
vn 0.02085 0.99977 -0.00466
vn -0.00449 0.99999 0.00225
vn -0.03938 0.99793 0.05080
vn -0.11203 0.98030 0.16267
vn -0.12716 0.95851 0.25514
vn -0.07334 0.95014 0.30308
vn -0.00007 0.94868 0.31623
vn 0.09793 0.95298 0.28677
vn 0.10635 0.96661 0.23312
vn 0.04509 0.98030 0.19229
vn 0.07286 0.99468 0.07280
vn 0.03880 0.99921 -0.00884
vn -0.01528 0.99985 0.00763
vn -0.01384 0.99986 -0.00927
vn 0.00712 0.99978 -0.01975
vn -0.01335 0.99990 0.00396
vn 0.00277 0.99997 -0.00715
vn 0.00677 0.99996 -0.00646
vn -0.00436 0.99997 -0.00582
vn 0.02898 0.99946 -0.01532
vn -0.00254 0.99996 -0.00896
vn 0.00370 0.99998 -0.00517
vn -0.01676 0.99961 0.02236
vn -0.01248 0.99985 0.01169
vn 0.01579 0.99981 -0.01125
vn -0.00174 0.99989 -0.01489
vn 0.00506 0.99994 -0.00945
vn -0.00240 1.00000 0.00181
vn 0.00446 0.99991 -0.01232
vn -0.08280 0.99631 -0.02268
vn -0.24936 0.96840 -0.00458
vn -0.32223 0.94666 0.00265
vn -0.30028 0.95377 -0.01216
vn -0.18312 0.98227 -0.04027
vn -0.06306 0.99778 -0.02141
vn 0.00929 0.99996 -0.00017
vn 0.06461 0.99790 -0.00528
vn 0.16472 0.98633 0.00459
vn 0.29442 0.95548 0.01913
vn 0.33326 0.94275 -0.01278
vn 0.24459 0.96865 -0.04361
vn 0.07068 0.99744 -0.01094
vn -0.01070 0.99994 -0.00326
vn 0.02466 0.99965 -0.00944
vn -0.00817 0.99993 0.00854
vn -0.03385 0.99924 0.01958
vn 0.02980 0.99931 -0.02205
vn 0.03392 0.99894 -0.03108
vn 0.00000 1.00000 0.00000
vn -0.02248 0.99940 0.02627
vn -0.01281 0.99985 0.01178
vn 0.02450 0.99968 -0.00622
vn -0.00273 0.99932 0.03674
vn 0.01249 0.99981 0.01501
vn -0.02307 0.99969 0.00892
vn -0.03317 0.99891 0.03291
vn 0.02132 0.99972 0.00983
vn 0.01810 0.99980 -0.00903
vn 0.01364 0.99988 -0.00681
vn -0.01937 0.99968 0.01619
vn 0.02599 0.99960 0.01078
vn 0.00829 0.99979 0.01870
vn 0.01349 0.99982 0.01349
vn -0.03595 0.99933 0.00693
vn -0.00992 0.99994 -0.00472
vn 0.02180 0.99970 0.01153
vn 0.00755 0.99982 0.01726
vn -0.02461 0.99962 0.01229
vn 0.00377 0.99999 0.00155
vn 0.02053 0.99979 0.00278
vn 0.01215 0.99992 -0.00371
vn -0.02601 0.99933 0.02568
vn -0.00550 0.99926 0.03804
vn 0.03638 0.99933 -0.00285
vn -0.01949 0.99981 -0.00151
vn 0.01720 0.99972 -0.01646
vn -0.01311 0.99937 0.03298
vn -0.05530 0.99199 0.11358
vn -0.03800 0.98664 0.15844
vn -0.00492 0.98431 0.17637
vn 0.02973 0.98917 0.14371
vn 0.06014 0.99592 0.06724
vn -0.00577 0.99863 0.05202
vn -0.00095 0.99969 0.02475
vn 0.00785 0.99992 0.00944
vn 0.01978 0.99980 -0.00283
vn -0.03732 0.99911 0.01948
vn -0.00014 0.99983 -0.01836
vn 0.02793 0.99954 -0.01191
vn -0.01545 0.99932 0.03347
vn 0.01368 0.99983 0.01246
vn -0.01746 0.99923 0.03511
vn 0.00615 0.99987 0.01483
vn -0.00360 0.99999 0.00179
vn 0.00577 0.99998 -0.00289
vn 0.02457 0.99962 -0.01227
vn -0.02408 0.99950 0.02056
vn -0.00356 0.99997 0.00747
vn -0.01179 0.99993 0.00304
vn 0.01025 0.99993 -0.00512
vn 0.01226 0.99992 -0.00360
vn -0.00864 0.99986 0.01401
vn -0.09315 0.99555 0.01434
vn -0.21217 0.97715 0.01269
vn -0.28469 0.95569 0.07488
vn -0.30498 0.94464 0.12099
vn -0.21840 0.96847 0.11988
vn -0.06754 0.99430 0.08254
vn 0.01103 0.99812 0.06030
vn 0.09221 0.99262 0.07879
vn 0.16961 0.97936 0.10996
vn 0.31732 0.94451 0.08490
vn 0.30021 0.94847 0.10144
vn 0.19324 0.97831 0.07459
vn 0.07082 0.99748 -0.00496
vn -0.01184 0.99989 -0.00869
vn 0.01528 0.99986 -0.00740
vn 0.02156 0.99965 -0.01544
vn -0.02024 0.99973 0.01132
vn -0.00029 0.99984 0.01803
vn 0.02345 0.99971 0.00499
vn 0.01533 0.99975 -0.01641
vn 0.00583 0.99992 -0.01166
vn -0.04557 0.99882 0.01704
vn 0.01623 0.99977 -0.01394
vn 0.01541 0.99948 -0.02818
vn 0.00221 0.99924 -0.03900
vn 0.00617 0.99977 -0.02063
vn -0.01760 0.99974 0.01441
vn 0.01195 0.99979 0.01640
vn 0.00035 0.99978 0.02079
vn 0.00870 0.99996 0.00306
vn -0.01894 0.99977 0.00999
vn -0.03860 0.99925 -0.00357
vn 0.00775 0.99904 -0.04317
vn 0.01561 0.99924 -0.03573
vn -0.01524 0.99983 -0.01005
vn -0.02076 0.99970 0.01314
vn 0.02571 0.99967 -0.00022
vn 0.01597 0.99985 -0.00730
vn -0.01519 0.99984 0.00973
vn -0.01051 0.99993 0.00575
vn 0.01393 0.99985 -0.01039
vn 0.00217 0.99999 -0.00289
vn -0.01402 0.99980 -0.01402
vn -0.00160 0.99982 -0.01876
vn 0.01664 0.99984 -0.00687
vn -0.03042 0.99953 -0.00279
vn 0.01199 0.99964 -0.02401
vn 0.02695 0.99955 -0.01345
vn -0.00199 1.00000 0.00099
vn -0.03204 0.99936 0.01581
vn 0.01054 0.99983 0.01500
vn -0.01772 0.99898 0.04150
vn 0.01296 0.99990 0.00579
vn -0.00596 0.99989 -0.01382
vn 0.00781 0.99964 -0.02577
vn 0.01467 0.99988 0.00518
vn 0.01171 0.99986 0.01171
vn -0.02351 0.99965 0.01174
vn -0.03948 0.99858 0.03586
vn 0.02869 0.99957 -0.00652
vn 0.02198 0.99957 -0.01943
vn -0.00119 0.99997 0.00779
vn 0.01343 0.99991 0.00057
vn -0.01063 0.99973 0.02082
vn -0.00163 0.99998 0.00659
vn -0.00788 0.99997 0.00081
vn 0.02018 0.99979 -0.00345
vn -0.02401 0.99971 -0.00193
vn -0.00470 0.99990 -0.01359
vn -0.00185 1.00000 0.00190
vn 0.00521 0.99997 0.00614
vn 0.01049 0.99994 0.00247
vn -0.00526 0.99991 -0.01271
vn -0.03985 0.99911 0.01370
vn -0.17815 0.97540 0.12982
vn -0.24059 0.95598 0.16799
vn -0.27472 0.94430 0.18117
vn -0.20642 0.95623 0.20742
vn -0.10753 0.97018 0.21724
vn 0.00723 0.98182 0.18965
vn 0.12234 0.97262 0.19757
vn 0.18212 0.95479 0.23498
vn 0.24696 0.94746 0.20329
vn 0.29362 0.94976 0.10838
vn 0.15556 0.98491 0.07584
vn 0.02222 0.99829 0.05400
vn -0.01292 0.99935 0.03356
vn 0.01333 0.99963 0.02374
vn 0.00920 0.99993 0.00720
vn 0.00052 1.00000 -0.00229
vn -0.00204 0.99986 0.01645
vn 0.01191 0.99989 0.00921
vn 0.00559 0.99998 0.00310
vn -0.00032 1.00000 -0.00032
vn -0.02040 0.99975 -0.00863
vn -0.00257 0.99998 0.00493
vn 0.00559 0.99985 0.01657
vn -0.02150 0.99974 0.00812
vn 0.02751 0.99953 -0.01373
vn 0.00548 0.99998 -0.00052
vn 0.00404 0.99999 0.00019
vn 0.00585 0.99998 -0.00292
vn 0.00000 1.00000 -0.00000
vn 0.00446 0.99999 -0.00223
vn -0.02639 0.99947 0.01928
vn -0.02640 0.99960 -0.01006
vn 0.01159 0.99925 -0.03707
vn 0.01844 0.99913 -0.03727
vn -0.00417 0.99999 -0.00089
vn 0.00964 0.99993 0.00738
vn 0.01360 0.99989 -0.00546
vn -0.00946 0.99991 -0.00940
vn -0.01962 0.99981 -0.00100
vn 0.00079 1.00000 -0.00039
vn 0.02679 0.99955 -0.01337
vn -0.02143 0.99965 0.01544
vn -0.01110 0.99991 0.00744
vn 0.01894 0.99969 -0.01598
vn 0.00270 0.99998 -0.00502
vn -0.01348 0.99954 0.02702
vn 0.03749 0.99930 0.00149
vn -0.00839 0.99993 -0.00839
vn -0.02483 0.99967 -0.00637
vn 0.00358 0.99998 -0.00417
vn 0.02721 0.99961 -0.00617
vn -0.01198 0.99947 0.03037
vn -0.00796 0.99966 0.02477
vn -0.02265 0.99950 0.02191
vn 0.03831 0.99923 -0.00857
vn -0.00267 0.99991 -0.01282
vn 0.00942 0.99978 -0.01886
vn -0.01812 0.99969 0.01715
vn -0.00738 0.99942 0.03332
vn 0.01064 0.99981 0.01623
vn 0.00573 0.99998 0.00184
vn 0.00917 0.99996 0.00011
vn -0.01174 0.99987 -0.01128
vn -0.00738 0.99988 -0.01347
vn -0.02230 0.99975 0.00083
vn 0.01460 0.99931 -0.03413
vn 0.00292 0.99966 -0.02588
vn -0.01898 0.99981 -0.00314
vn 0.01758 0.99981 -0.00893
vn -0.00206 0.99998 0.00642
vn 0.00720 0.99996 -0.00453
vn -0.02781 0.99960 -0.00603
vn 0.01901 0.99944 -0.02771
vn -0.04306 0.99798 0.04661
vn -0.18280 0.96754 0.17450
vn -0.25682 0.93413 0.24787
vn -0.20344 0.94288 0.26379
vn -0.09817 0.95828 0.26846
vn 0.00495 0.95660 0.29135
vn 0.10948 0.95135 0.28799
vn 0.19505 0.95580 0.21999
vn 0.20642 0.95470 0.21434
vn 0.18494 0.96894 0.16420
vn 0.10986 0.99253 0.05301
vn -0.00076 1.00000 -0.00076
vn -0.00330 0.99997 -0.00726
vn 0.00046 0.99992 0.01242
vn -0.01282 0.99985 0.01122
vn 0.00314 0.99999 0.00314
vn 0.01537 0.99984 0.00960
vn -0.00184 0.99983 0.01816
vn -0.01368 0.99981 -0.01368
vn 0.02047 0.99955 -0.02195
vn -0.03190 0.99948 0.00479
vn 0.00383 0.99997 -0.00675
vn 0.03093 0.99952 -0.00025
vn -0.01363 0.99953 0.02754
vn -0.00874 0.99974 0.02115
vn 0.02340 0.99961 -0.01555
vn -0.00693 0.99988 0.01386
vn 0.00950 0.99994 0.00565
vn -0.00401 0.99996 0.00801
vn 0.00401 0.99998 0.00401
vn -0.00355 0.99999 0.00355
vn -0.02092 0.99974 -0.00858
vn 0.00379 0.99995 0.00961
vn 0.01997 0.99964 0.01797
vn 0.00790 0.99997 -0.00179
vn 0.02409 0.99967 -0.00881
vn -0.00669 0.99995 0.00680
vn -0.00105 0.99998 -0.00556
vn -0.00241 0.99993 0.01154
vn -0.00306 0.99987 0.01554
vn 0.00440 0.99995 -0.00893
vn 0.01660 0.99969 -0.01868
vn -0.02543 0.99943 0.02227
vn -0.00036 0.99988 0.01550
vn 0.01568 0.99987 -0.00209
vn -0.00235 0.99991 0.01345
vn 0.01536 0.99987 0.00392
vn -0.02956 0.99955 -0.00578
vn -0.00748 0.99946 -0.03191
vn 0.01376 0.99990 -0.00227
vn 0.02380 0.99968 0.00845
vn -0.00056 1.00000 0.00028
vn -0.01413 0.99980 -0.01413
vn -0.01587 0.99980 -0.01228
vn 0.01680 0.99985 -0.00466
vn -0.00504 0.99997 0.00525
vn 0.00000 1.00000 -0.00000
vn 0.00423 0.99998 -0.00495
vn -0.00948 0.99984 -0.01515
vn 0.00555 0.99951 -0.03082
vn 0.01177 0.99977 -0.01792
vn 0.00241 0.99998 -0.00527
vn -0.01851 0.99981 0.00622
vn -0.01114 0.99988 -0.01068
vn 0.01082 0.99991 -0.00750
vn -0.02052 0.99914 0.03615
vn 0.00476 0.99999 -0.00005
vn -0.00585 0.99998 0.00154
vn 0.01767 0.99984 0.00403
vn 0.01213 0.99989 0.00843
vn -0.01505 0.99987 0.00641
vn -0.00998 0.99993 -0.00555
vn -0.01311 0.99985 0.01133
vn 0.03386 0.99935 -0.01246
vn -0.07098 0.99575 0.05868
vn -0.16488 0.97052 0.17578
vn -0.17577 0.94211 0.28554
vn -0.08354 0.94364 0.32027
vn 0.02451 0.94517 0.32565
vn 0.09239 0.93816 0.33366
vn 0.07706 0.95221 0.29557
vn 0.16501 0.97595 0.14243
vn 0.12107 0.99090 0.05879
vn 0.04178 0.99901 0.01539
vn -0.03071 0.99946 0.01205
vn -0.01086 0.99993 -0.00360
vn 0.01035 0.99978 -0.01839
vn 0.01079 0.99978 -0.01801
vn 0.00195 0.99998 0.00628
vn 0.01858 0.99982 0.00312
vn -0.00999 0.99990 -0.00999
vn -0.02398 0.99969 0.00695
vn -0.00488 0.99998 -0.00488
vn 0.01195 0.99967 -0.02280
vn -0.01539 0.99965 0.02129
vn 0.04224 0.99908 -0.00801
vn -0.00204 0.99999 0.00323
vn -0.02735 0.99952 0.01459
vn 0.00085 1.00000 -0.00170
vn 0.02725 0.99956 -0.01167
vn -0.00003 1.00000 -0.00003
vn -0.00865 0.99988 -0.01258
vn 0.00441 0.99967 -0.02546
vn 0.00000 0.99994 -0.01110
vn -0.00660 0.99894 0.04551
vn 0.02009 0.99953 0.02316
vn 0.02934 0.99931 0.02282
vn -0.02596 0.99933 0.02599
vn 0.00875 0.99986 -0.01423
vn 0.01158 0.99987 -0.01108
vn -0.00858 0.99996 -0.00188
vn 0.01751 0.99983 -0.00600
vn -0.01341 0.99979 0.01560
vn -0.02689 0.99955 0.01342
vn 0.02184 0.99970 -0.01091
vn 0.00993 0.99995 -0.00248
vn -0.01985 0.99980 -0.00211
vn 0.02200 0.99964 -0.01539
vn 0.00712 0.99995 0.00652
vn -0.00867 0.99994 -0.00731
vn -0.01108 0.99992 -0.00613
vn -0.02844 0.99924 0.02677
vn 0.02979 0.99954 0.00536
vn 0.02611 0.99964 -0.00537
vn -0.00078 1.00000 -0.00078
vn -0.02771 0.99953 0.01308
vn -0.02073 0.99973 0.01077
vn 0.02076 0.99978 -0.00371
vn 0.01585 0.99975 -0.01572
vn -0.00415 0.99995 -0.00944
vn 0.01311 0.99991 -0.00361
vn -0.02905 0.99929 0.02406
vn -0.01574 0.99972 0.01741
vn 0.01760 0.99981 -0.00879
vn 0.02067 0.99975 -0.00858
vn 0.00627 0.99998 -0.00140
vn -0.04369 0.99889 0.01734
vn 0.02558 0.99952 -0.01772
vn 0.01532 0.99988 0.00222
vn -0.01680 0.99924 0.03522
vn -0.00528 0.99974 0.02215
vn -0.00165 1.00000 0.00112
vn 0.02034 0.99951 -0.02397
vn -0.01514 0.99989 0.00061
vn -0.01883 0.99982 0.00001
vn 0.00417 0.99998 0.00472
vn 0.00813 0.99996 0.00272
vn 0.01714 0.99982 -0.00779
vn -0.05281 0.99554 0.07824
vn -0.08248 0.98197 0.17009
vn -0.04585 0.96885 0.24338
vn -0.00961 0.96573 0.25938
vn 0.08997 0.97903 0.18278
vn 0.03521 0.98303 0.18002
vn -0.00332 0.98840 0.15183
vn 0.04896 0.99838 0.02888
vn 0.01293 0.99978 -0.01664
vn 0.01116 0.99952 -0.02887
vn -0.01357 0.99979 0.01567
vn 0.00409 0.99964 0.02633
vn -0.00887 0.99984 0.01549
vn 0.00243 0.99989 -0.01442
vn 0.01838 0.99948 -0.02652
vn -0.02292 0.99970 -0.00840
vn 0.01322 0.99956 -0.02649
vn -0.01664 0.99945 0.02881
vn 0.01370 0.99981 0.01370
vn 0.00283 0.99982 0.01852
vn 0.00072 1.00000 0.00072
vn 0.01246 0.99932 -0.03477
vn 0.00477 0.99992 -0.01211
vn -0.01368 0.99951 0.02827
vn 0.01600 0.99978 0.01344
vn -0.00263 1.00000 0.00131
vn -0.02309 0.99971 0.00679
vn -0.01652 0.99977 -0.01333
vn 0.01766 0.99895 -0.04234
vn 0.00661 0.99995 -0.00682
vn -0.00852 0.99986 0.01468
vn 0.02536 0.99958 -0.01368
vn -0.02503 0.99969 0.00039
vn -0.01786 0.99978 0.01125
vn 0.02081 0.99965 -0.01610
vn -0.00607 0.99988 -0.01432
vn 0.00525 0.99986 -0.01616
vn 0.02197 0.99945 -0.02495
vn -0.01390 0.99979 0.01510
vn 0.00298 0.99964 0.02681
vn 0.01343 0.99982 0.01343
vn -0.03070 0.99917 0.02676
vn -0.00273 0.99995 0.00925
vn 0.03347 0.99923 -0.02027
vn -0.01931 0.99970 0.01537
vn 0.00336 0.99998 0.00473
vn -0.00671 0.99993 0.00970
vn 0.01222 0.99981 0.01534
vn -0.00351 0.99999 -0.00351
vn 0.01240 0.99955 -0.02720
vn 0.00000 1.00000 0.00000
vn -0.01916 0.99960 0.02081
vn 0.00078 0.99992 0.01243
vn -0.00501 0.99999 0.00012
vn -0.01387 0.99990 -0.00403
vn 0.00960 0.99940 -0.03328
vn 0.02728 0.99911 -0.03222
vn -0.01206 0.99969 0.02196
vn 0.00103 0.99949 0.03197
vn 0.00356 0.99993 0.01121
vn 0.00736 0.99995 -0.00706
vn -0.03641 0.99931 0.00682
vn -0.00192 0.99999 0.00298
vn 0.03976 0.99920 -0.00347
vn -0.00262 0.99999 -0.00350
vn -0.01275 0.99990 0.00644
vn -0.01910 0.99961 0.02027
vn -0.00725 0.99993 0.00947
vn 0.01095 0.99960 -0.02601
vn -0.00696 0.99998 -0.00009
vn 0.00956 0.99984 0.01496
vn -0.00073 0.99979 0.02029
vn 0.01147 0.99987 0.01147
vn 0.01154 0.99990 -0.00772
vn -0.01229 0.99941 0.03193
vn -0.00797 0.99751 0.07008
vn -0.02752 0.99619 0.08278
vn 0.00606 0.99858 0.05299
vn 0.04604 0.99894 0.00085
vn -0.02188 0.99955 0.02028
vn -0.00790 0.99973 0.02166
vn 0.00954 0.99984 0.01493
vn -0.00834 0.99982 0.01675
vn 0.01215 0.99992 -0.00278
vn 0.01506 0.99989 0.00153
vn -0.02226 0.99970 0.01005
vn -0.01199 0.99992 0.00426
vn 0.00983 0.99992 0.00793
vn -0.00652 0.99998 -0.00143
vn -0.00172 0.99999 0.00344
vn 0.03644 0.99933 -0.00324
vn -0.01149 0.99967 0.02301
vn 0.00963 0.99991 0.00963
vn -0.02957 0.99948 0.01284
vn -0.01755 0.99982 -0.00680
vn 0.03579 0.99878 -0.03391
vn 0.00274 0.99990 -0.01415
vn 0.01050 0.99977 -0.01844
vn -0.00245 0.99999 -0.00245
vn -0.00674 0.99998 -0.00065
vn -0.04369 0.99893 0.01519
vn -0.02336 0.99972 -0.00368
vn 0.01623 0.99982 0.00936
vn -0.02045 0.99974 -0.00982
vn 0.02254 0.99926 -0.03130
vn 0.01296 0.99990 -0.00646
vn -0.01494 0.99974 0.01733
vn -0.00305 0.99979 0.02023
vn -0.00630 0.99991 0.01201
vn -0.00457 0.99997 0.00679
vn 0.02059 0.99973 -0.01080
vn 0.00127 0.99971 -0.02396
vn 0.01204 0.99963 -0.02456
vn 0.01112 0.99992 -0.00577
vn 0.00000 1.00000 0.00000
vn -0.03078 0.99926 0.02294
vn 0.01808 0.99984 -0.00146
vn 0.00490 0.99989 -0.01421
vn -0.00222 0.99999 -0.00248
vn -0.01034 0.99988 0.01110
vn -0.00648 0.99992 -0.01094
vn -0.00112 0.99993 -0.01141
vn 0.00000 1.00000 0.00000
vn 0.02720 0.99955 -0.01240
vn -0.01247 0.99989 0.00740
vn -0.01896 0.99978 0.00947
vn 0.00486 0.99999 -0.00243
vn -0.00003 0.99990 0.01448
vn -0.03005 0.99929 0.02274
vn 0.01864 0.99934 -0.03109
vn 0.03155 0.99894 -0.03347
vn -0.00273 0.99996 -0.00807
vn -0.00391 0.99998 -0.00481
vn -0.00161 1.00000 -0.00161
vn -0.00396 0.99999 -0.00044
vn -0.01615 0.99950 0.02712
vn 0.03508 0.99938 0.00191
vn -0.00612 0.99998 0.00350
vn -0.00614 0.99998 0.00307
vn -0.01022 0.99990 -0.00999
vn 0.01045 0.99994 -0.00185
vn -0.03206 0.99886 0.03548
vn 0.00682 0.99982 -0.01765
vn 0.02403 0.99969 -0.00697
vn 0.01351 0.99982 0.01351
vn -0.00904 0.99980 0.01810
vn -0.00224 0.99995 0.00956
vn -0.00190 0.99993 -0.01162
vn 0.01158 0.99985 -0.01321
vn -0.01604 0.99984 0.00802
vn -0.02479 0.99947 0.02109
vn 0.01518 0.99980 -0.01335
vn 0.02400 0.99936 -0.02645
vn -0.01656 0.99967 0.01977
vn -0.00384 0.99997 -0.00676
vn 0.01645 0.99971 -0.01762
vn -0.00864 0.99983 0.01644
vn 0.01581 0.99985 -0.00654
vn -0.02192 0.99974 0.00671
vn -0.00295 0.99998 0.00590
vn 0.00381 0.99994 0.00978
vn 0.00451 0.99999 0.00075
vn -0.01322 0.99956 0.02650
vn 0.02029 0.99978 -0.00455
vn 0.00949 0.99977 -0.01900
vn -0.00377 0.99999 0.00188
vn -0.00578 0.99998 0.00289
vn -0.03558 0.99894 0.02929
vn 0.01676 0.99978 0.01288
vn -0.00345 0.99997 -0.00738
vn 0.00553 0.99947 -0.03212
vn 0.02139 0.99955 -0.02120
vn -0.00308 0.99999 0.00154
vn -0.02654 0.99949 0.01800
vn -0.06650 0.99746 0.02555
vn 0.00601 0.99980 0.01896
vn -0.02031 0.99923 0.03362
vn -0.02018 0.99962 0.01891
vn 0.05138 0.99840 -0.02373
vn -0.01190 0.99977 0.01807
vn 0.00426 0.99993 0.01109
vn -0.00264 0.99974 0.02252
vn -0.00319 0.99948 0.03195
vn -0.01371 0.99951 0.02800
vn -0.00481 0.99993 0.01098
vn -0.00471 0.99999 -0.00158
vn 0.03792 0.99902 -0.02284
vn -0.00395 0.99998 -0.00438
vn -0.00878 0.99996 -0.00197
vn -0.00647 0.99990 0.01265
vn 0.00382 0.99996 0.00750
vn -0.01883 0.99975 -0.01194
vn 0.02336 0.99900 -0.03825
vn -0.02397 0.99965 0.01078
vn 0.01412 0.99984 -0.01057
vn 0.00124 0.99999 0.00413
vn 0.01978 0.99980 0.00247
vn 0.00000 1.00000 0.00000
vn -0.01062 0.99990 0.00924
vn 0.00115 0.99985 0.01757
vn -0.00260 0.99995 0.00999
vn -0.01651 0.99982 0.00974
vn -0.04292 0.99863 0.03001
vn 0.04790 0.99860 -0.02237
vn 0.00845 0.99996 -0.00029
vn -0.00584 0.99992 -0.01119
vn 0.01096 0.99985 -0.01326
vn 0.00229 0.99999 0.00229
vn -0.00534 0.99993 0.01028
vn 0.00921 0.99992 0.00921
vn -0.00660 0.99989 -0.01307
vn 0.00728 0.99987 -0.01458
vn -0.02651 0.99939 0.02265
vn 0.00308 0.99999 0.00308
vn 0.01027 0.99993 -0.00512
vn -0.03400 0.99872 0.03753
vn 0.02694 0.99963 0.00246
vn 0.02342 0.99959 -0.01635
vn 0.00000 1.00000 0.00000
vn -0.00916 0.99996 0.00114
vn -0.01153 0.99990 0.00822
vn 0.00756 0.99997 -0.00216
vn 0.00152 0.99979 -0.02060
vn -0.01194 0.99986 -0.01149
vn -0.02167 0.99977 0.00042
vn 0.02426 0.99954 -0.01823
vn 0.01508 0.99983 -0.01089
vn -0.02811 0.99948 0.01589
vn 0.00205 1.00000 -0.00086
vn 0.00798 0.99966 -0.02490
vn 0.00894 0.99980 -0.01790
vn 0.00057 0.99991 -0.01326
vn -0.00090 1.00000 0.00180
vn -0.00383 0.99986 0.01625
vn -0.00639 0.99996 -0.00639
vn 0.01145 0.99987 -0.01146
vn -0.01365 0.99990 -0.00229
vn 0.00862 0.99981 -0.01726
vn 0.01900 0.99977 -0.00949
vn -0.00188 0.99999 0.00377
vn -0.02472 0.99969 -0.00142
vn -0.00077 0.99995 -0.00976
vn 0.00235 0.99998 0.00529
vn -0.02372 0.99938 0.02621
vn 0.03481 0.99939 -0.00311
vn 0.01162 0.99993 -0.00220
vn -0.01333 0.99987 -0.00870
vn -0.02520 0.99968 0.00282
vn -0.01814 0.99922 -0.03495
vn 0.01547 0.99953 -0.02648
vn -0.04564 0.99838 0.03410
vn 0.01917 0.99981 0.00182
vn 0.01632 0.99959 -0.02352
vn 0.00399 0.99986 -0.01632
vn -0.00101 0.99996 -0.00935
vn -0.00680 0.99957 -0.02852
vn 0.00343 0.99984 -0.01773
vn -0.01109 0.99993 0.00268
vn -0.01853 0.99983 0.00194
vn 0.02388 0.99965 -0.01114
vn 0.00514 0.99997 -0.00636
vn -0.00141 0.99995 -0.00943
vn 0.00586 0.99998 0.00071
vn 0.00651 0.99996 0.00651
vn -0.03597 0.99891 0.02971
vn -0.00143 0.99987 0.01594
vn 0.01138 0.99991 -0.00650
vn -0.00521 0.99993 0.01026
vn 0.00767 0.99996 0.00473
vn 0.00918 0.99988 -0.01275
vn 0.01471 0.99982 -0.01216
vn -0.00800 0.99996 0.00399
vn 0.00000 1.00000 -0.00000
vn -0.02183 0.99971 -0.01023
vn 0.01129 0.99946 -0.03102
vn -0.01986 0.99952 0.02364
vn -0.00457 0.99967 0.02544
vn 0.03681 0.99917 -0.01733
vn -0.02219 0.99966 0.01370
vn 0.00209 1.00000 0.00209
vn 0.01228 0.99985 -0.01252
vn 0.00506 0.99997 -0.00530
vn 0.00651 0.99998 -0.00064
vn -0.02977 0.99956 0.00174
vn 0.00576 0.99962 -0.02698
vn 0.02654 0.99941 -0.02159
vn -0.01330 0.99956 0.02665
vn 0.01334 0.99982 0.01334
vn -0.00818 0.99983 0.01638
vn -0.01500 0.99958 0.02480
vn 0.01013 0.99989 -0.01037
vn 0.01306 0.99977 -0.01684
vn -0.01315 0.99989 -0.00627
vn -0.00325 0.99982 -0.01864
vn -0.00023 0.99997 -0.00828
vn -0.02030 0.99979 -0.00410
vn -0.00401 0.99993 -0.01127
vn -0.01733 0.99985 -0.00292
vn 0.01368 0.99975 -0.01763
vn 0.03673 0.99917 -0.01757
vn -0.00790 0.99996 -0.00497
vn -0.01017 0.99987 0.01274
vn -0.00207 0.99984 0.01763
vn -0.00458 0.99999 0.00279
vn 0.01517 0.99986 -0.00707
vn -0.00578 0.99998 0.00272
vn 0.02307 0.99967 -0.01169
vn -0.02227 0.99943 0.02543
vn -0.01069 0.99992 0.00647
vn -0.00411 0.99971 -0.02371
vn 0.01033 0.99994 -0.00349
vn 0.02056 0.99977 -0.00533
vn 0.00610 0.99990 -0.01252
vn -0.02775 0.99952 0.01370
vn -0.01814 0.99970 0.01637
vn 0.02825 0.99951 -0.01366
vn 0.00522 0.99994 0.00933
vn 0.00544 0.99963 0.02661
vn 0.00719 0.99995 0.00692
vn -0.02834 0.99950 0.01415
vn -0.05699 0.99837 -0.00010
vn -0.05154 0.99862 -0.00977
vn 0.02314 0.99924 -0.03149
vn 0.01639 0.99983 -0.00817
vn -0.02523 0.99957 0.01471
vn 0.01633 0.99985 -0.00607
vn -0.00555 0.99998 0.00278
vn 0.00598 0.99998 -0.00298
vn -0.02254 0.99968 0.01124
vn 0.01446 0.99987 -0.00723
vn 0.00474 0.99998 0.00305
vn -0.03171 0.99949 0.00366
vn 0.01219 0.99953 -0.02818
vn 0.03737 0.99903 -0.02317
vn -0.01471 0.99984 0.01026
vn 0.01189 0.99992 -0.00303
vn 0.00261 0.99995 -0.00935
vn 0.00556 0.99993 -0.01082
vn -0.01415 0.99950 0.02835
vn 0.00200 0.99967 0.02557
vn -0.00323 0.99985 0.01701
vn 0.00304 0.99992 0.01193
vn -0.01142 0.99991 0.00694
vn 0.01741 0.99979 -0.01081
vn -0.00403 0.99990 -0.01361
vn 0.00641 0.99990 -0.01282
vn -0.03053 0.99947 0.01171
vn -0.00958 0.99995 0.00328
vn 0.03822 0.99920 -0.01160
vn -0.03446 0.99929 0.01545
vn 0.01827 0.99978 -0.01035
vn 0.01314 0.99989 -0.00656
vn -0.00774 0.99973 0.02189
vn 0.00511 0.99987 0.01548
vn 0.00030 0.99998 0.00666
vn 0.00101 0.99996 -0.00936
vn -0.02094 0.99959 -0.01953
vn -0.01636 0.99986 0.00192
vn 0.03667 0.99927 -0.01027
vn 0.01111 0.99992 -0.00555
vn -0.00144 1.00000 -0.00144
vn 0.00144 0.99999 -0.00288
vn -0.01365 0.99988 0.00682
vn -0.02526 0.99967 0.00463
vn 0.02073 0.99947 -0.02500
vn -0.00757 0.99985 -0.01579
vn -0.02465 0.99953 -0.01848
vn 0.02241 0.99933 -0.02910
vn -0.01624 0.99985 -0.00572
vn 0.01547 0.99987 -0.00509
vn -0.01560 0.99971 0.01812
vn -0.00805 0.99982 0.01716
vn 0.02207 0.99971 -0.00980
vn 0.01255 0.99975 -0.01857
vn -0.00091 0.99998 0.00625
vn -0.00550 0.99992 -0.01127
vn -0.01096 0.99986 -0.01299
vn 0.00997 0.99962 -0.02576
vn 0.01055 0.99991 -0.00861
vn 0.00865 0.99993 0.00865
vn 0.00588 0.99998 -0.00294
vn -0.02392 0.99948 0.02152
vn -0.01611 0.99953 0.02619
vn 0.01466 0.99979 0.01420
vn 0.01300 0.99989 0.00645
vn -0.00020 1.00000 0.00010
vn -0.00008 0.99982 -0.01872
vn -0.01324 0.99987 -0.00930
vn -0.00278 0.99998 -0.00519
vn 0.01857 0.99962 -0.02033
vn 0.01012 0.99993 -0.00650
vn 0.00004 1.00000 0.00019
vn -0.01446 0.99979 -0.01446
vn -0.02845 0.99960 -0.00064
vn -0.04585 0.99894 -0.00406
vn -0.00692 0.99997 0.00165
vn 0.05455 0.99851 0.00150
vn -0.03540 0.99911 0.02315
vn 0.01155 0.99928 -0.03611
vn 0.00334 0.99985 0.01719
vn 0.01493 0.99939 0.03160
vn -0.00893 0.99936 0.03455
vn -0.01357 0.99742 0.07056
vn 0.02807 0.99921 0.02807
vn -0.04302 0.99830 0.03929
vn -0.02605 0.99946 0.02002
vn 0.04692 0.99793 -0.04403
vn 0.01216 0.99986 -0.01141
vn -0.00282 0.99992 0.01249
vn 0.00185 0.99999 0.00357
vn -0.00001 0.99976 -0.02185
vn 0.01092 0.99988 -0.01092
vn 0.00000 1.00000 0.00000
vn -0.00869 0.99981 0.01739
vn 0.00301 0.99996 0.00870
vn -0.01883 0.99982 -0.00237
vn 0.00378 0.99985 -0.01709
vn -0.00013 0.99997 -0.00792
vn -0.00002 0.99913 -0.04166
vn 0.00803 0.99975 -0.02081
vn -0.03317 0.99897 0.03088
vn 0.03464 0.99926 0.01662
vn -0.01749 0.99985 -0.00086
vn -0.01246 0.99945 -0.03081
vn 0.03216 0.99948 0.00318
vn 0.00908 0.99992 0.00908
vn -0.00483 0.99994 0.00967
vn -0.00207 0.99982 0.01865
vn -0.01398 0.99988 0.00691
vn -0.01992 0.99893 -0.04180
vn -0.01039 0.99977 -0.01870
vn 0.02986 0.99955 0.00275
vn 0.02140 0.99977 0.00083
vn -0.00288 1.00000 0.00000
vn -0.00000 0.99998 -0.00575
vn 0.00288 0.99999 -0.00288
vn -0.03047 0.99916 0.02728
vn -0.00893 0.99993 0.00744
vn 0.01337 0.99969 -0.02083
vn -0.03669 0.99929 -0.00906
vn 0.01751 0.99957 -0.02343
vn 0.00947 0.99990 0.01073
vn -0.00653 0.99998 -0.00247
vn 0.01507 0.99986 -0.00682
vn -0.02130 0.99970 -0.01185
vn 0.00609 0.99951 0.03057
vn 0.01822 0.99938 -0.03006
vn 0.01025 0.99994 0.00361
vn -0.01960 0.99953 0.02339
vn -0.01903 0.99843 -0.05264
vn -0.00726 0.99883 -0.04787
vn 0.03794 0.99787 -0.05303
vn 0.01583 0.99983 -0.00993
vn 0.00589 0.99997 0.00589
vn 0.00000 1.00000 0.00000
vn -0.01754 0.99923 0.03511
vn 0.00078 0.99869 0.05110
vn 0.01678 0.99972 0.01678
vn -0.01241 0.99961 0.02483
vn -0.01278 0.99984 0.01284
vn -0.02385 0.99847 -0.04982
vn -0.00091 0.99733 -0.07303
vn 0.01277 0.99826 -0.05759
vn 0.03506 0.99917 -0.02094
vn 0.00210 1.00000 -0.00210
vn -0.02902 0.99958 0.00000
vn -0.04357 0.99810 -0.04357
vn 0.00000 -1.00000 0.00000
vn 0.00000 0.00000 -1.00000
vn 0.00000 0.00000 1.00000
vn -1.00000 0.00000 0.00000
vn 1.00000 0.00000 0.00000
g FarmTop
f 1//1 74//74 75//75
f 1//1 75//75 2//2
f 2//2 75//75 76//76
f 2//2 76//76 3//3
f 3//3 76//76 77//77
f 3//3 77//77 4//4
f 4//4 77//77 78//78
f 4//4 78//78 5//5
f 5//5 78//78 79//79
f 5//5 79//79 6//6
f 6//6 79//79 80//80
f 6//6 80//80 7//7
f 7//7 80//80 81//81
f 7//7 81//81 8//8
f 8//8 81//81 82//82
f 8//8 82//82 9//9
f 9//9 82//82 83//83
f 9//9 83//83 10//10
f 10//10 83//83 84//84
f 10//10 84//84 11//11
f 11//11 84//84 85//85
f 11//11 85//85 12//12
f 12//12 85//85 86//86
f 12//12 86//86 13//13
f 13//13 86//86 87//87
f 13//13 87//87 14//14
f 14//14 87//87 88//88
f 14//14 88//88 15//15
f 15//15 88//88 89//89
f 15//15 89//89 16//16
f 16//16 89//89 90//90
f 16//16 90//90 17//17
f 17//17 90//90 91//91
f 17//17 91//91 18//18
f 18//18 91//91 92//92
f 18//18 92//92 19//19
f 19//19 92//92 93//93
f 19//19 93//93 20//20
f 20//20 93//93 94//94
f 20//20 94//94 21//21
f 21//21 94//94 95//95
f 21//21 95//95 22//22
f 22//22 95//95 96//96
f 22//22 96//96 23//23
f 23//23 96//96 97//97
f 23//23 97//97 24//24
f 24//24 97//97 98//98
f 24//24 98//98 25//25
f 25//25 98//98 99//99
f 25//25 99//99 26//26
f 26//26 99//99 100//100
f 26//26 100//100 27//27
f 27//27 100//100 101//101
f 27//27 101//101 28//28
f 28//28 101//101 102//102
f 28//28 102//102 29//29
f 29//29 102//102 103//103
f 29//29 103//103 30//30
f 30//30 103//103 104//104
f 30//30 104//104 31//31
f 31//31 104//104 105//105
f 31//31 105//105 32//32
f 32//32 105//105 106//106
f 32//32 106//106 33//33
f 33//33 106//106 107//107
f 33//33 107//107 34//34
f 34//34 107//107 108//108
f 34//34 108//108 35//35
f 35//35 108//108 109//109
f 35//35 109//109 36//36
f 36//36 109//109 110//110
f 36//36 110//110 37//37
f 37//37 110//110 111//111
f 37//37 111//111 38//38
f 38//38 111//111 112//112
f 38//38 112//112 39//39
f 39//39 112//112 113//113
f 39//39 113//113 40//40
f 40//40 113//113 114//114
f 40//40 114//114 41//41
f 41//41 114//114 115//115
f 41//41 115//115 42//42
f 42//42 115//115 116//116
f 42//42 116//116 43//43
f 43//43 116//116 117//117
f 43//43 117//117 44//44
f 44//44 117//117 118//118
f 44//44 118//118 45//45
f 45//45 118//118 119//119
f 45//45 119//119 46//46
f 46//46 119//119 120//120
f 46//46 120//120 47//47
f 47//47 120//120 121//121
f 47//47 121//121 48//48
f 48//48 121//121 122//122
f 48//48 122//122 49//49
f 49//49 122//122 123//123
f 49//49 123//123 50//50
f 50//50 123//123 124//124
f 50//50 124//124 51//51
f 51//51 124//124 125//125
f 51//51 125//125 52//52
f 52//52 125//125 126//126
f 52//52 126//126 53//53
f 53//53 126//126 127//127
f 53//53 127//127 54//54
f 54//54 127//127 128//128
f 54//54 128//128 55//55
f 55//55 128//128 129//129
f 55//55 129//129 56//56
f 56//56 129//129 130//130
f 56//56 130//130 57//57
f 57//57 130//130 131//131
f 57//57 131//131 58//58
f 58//58 131//131 132//132
f 58//58 132//132 59//59
f 59//59 132//132 133//133
f 59//59 133//133 60//60
f 60//60 133//133 134//134
f 60//60 134//134 61//61
f 61//61 134//134 135//135
f 61//61 135//135 62//62
f 62//62 135//135 136//136
f 62//62 136//136 63//63
f 63//63 136//136 137//137
f 63//63 137//137 64//64
f 64//64 137//137 138//138
f 64//64 138//138 65//65
f 65//65 138//138 139//139
f 65//65 139//139 66//66
f 66//66 139//139 140//140
f 66//66 140//140 67//67
f 67//67 140//140 141//141
f 67//67 141//141 68//68
f 68//68 141//141 142//142
f 68//68 142//142 69//69
f 69//69 142//142 143//143
f 69//69 143//143 70//70
f 70//70 143//143 144//144
f 70//70 144//144 71//71
f 71//71 144//144 145//145
f 71//71 145//145 72//72
f 72//72 145//145 146//146
f 72//72 146//146 73//73
f 74//74 147//147 148//148
f 74//74 148//148 75//75
f 75//75 148//148 149//149
f 75//75 149//149 76//76
f 76//76 149//149 150//150
f 76//76 150//150 77//77
f 77//77 150//150 151//151
f 77//77 151//151 78//78
f 78//78 151//151 152//152
f 78//78 152//152 79//79
f 79//79 152//152 153//153
f 79//79 153//153 80//80
f 80//80 153//153 154//154
f 80//80 154//154 81//81
f 81//81 154//154 155//155
f 81//81 155//155 82//82
f 82//82 155//155 156//156
f 82//82 156//156 83//83
f 83//83 156//156 157//157
f 83//83 157//157 84//84
f 84//84 157//157 158//158
f 84//84 158//158 85//85
f 85//85 158//158 159//159
f 85//85 159//159 86//86
f 86//86 159//159 160//160
f 86//86 160//160 87//87
f 87//87 160//160 161//161
f 87//87 161//161 88//88
f 88//88 161//161 162//162
f 88//88 162//162 89//89
f 89//89 162//162 163//163
f 89//89 163//163 90//90
f 90//90 163//163 164//164
f 90//90 164//164 91//91
f 91//91 164//164 165//165
f 91//91 165//165 92//92
f 92//92 165//165 166//166
f 92//92 166//166 93//93
f 93//93 166//166 167//167
f 93//93 167//167 94//94
f 94//94 167//167 168//168
f 94//94 168//168 95//95
f 95//95 168//168 169//169
f 95//95 169//169 96//96
f 96//96 169//169 170//170
f 96//96 170//170 97//97
f 97//97 170//170 171//171
f 97//97 171//171 98//98
f 98//98 171//171 172//172
f 98//98 172//172 99//99
f 99//99 172//172 173//173
f 99//99 173//173 100//100
f 100//100 173//173 174//174
f 100//100 174//174 101//101
f 101//101 174//174 175//175
f 101//101 175//175 102//102
f 102//102 175//175 176//176
f 102//102 176//176 103//103
f 103//103 176//176 177//177
f 103//103 177//177 104//104
f 104//104 177//177 178//178
f 104//104 178//178 105//105
f 105//105 178//178 179//179
f 105//105 179//179 106//106
f 106//106 179//179 180//180
f 106//106 180//180 107//107
f 107//107 180//180 181//181
f 107//107 181//181 108//108
f 108//108 181//181 182//182
f 108//108 182//182 109//109
f 109//109 182//182 183//183
f 109//109 183//183 110//110
f 110//110 183//183 184//184
f 110//110 184//184 111//111
f 111//111 184//184 185//185
f 111//111 185//185 112//112
f 112//112 185//185 186//186
f 112//112 186//186 113//113
f 113//113 186//186 187//187
f 113//113 187//187 114//114
f 114//114 187//187 188//188
f 114//114 188//188 115//115
f 115//115 188//188 189//189
f 115//115 189//189 116//116
f 116//116 189//189 190//190
f 116//116 190//190 117//117
f 117//117 190//190 191//191
f 117//117 191//191 118//118
f 118//118 191//191 192//192
f 118//118 192//192 119//119
f 119//119 192//192 193//193
f 119//119 193//193 120//120
f 120//120 193//193 194//194
f 120//120 194//194 121//121
f 121//121 194//194 195//195
f 121//121 195//195 122//122
f 122//122 195//195 196//196
f 122//122 196//196 123//123
f 123//123 196//196 197//197
f 123//123 197//197 124//124
f 124//124 197//197 198//198
f 124//124 198//198 125//125
f 125//125 198//198 199//199
f 125//125 199//199 126//126
f 126//126 199//199 200//200
f 126//126 200//200 127//127
f 127//127 200//200 201//201
f 127//127 201//201 128//128
f 128//128 201//201 202//202
f 128//128 202//202 129//129
f 129//129 202//202 203//203
f 129//129 203//203 130//130
f 130//130 203//203 204//204
f 130//130 204//204 131//131
f 131//131 204//204 205//205
f 131//131 205//205 132//132
f 132//132 205//205 206//206
f 132//132 206//206 133//133
f 133//133 206//206 207//207
f 133//133 207//207 134//134
f 134//134 207//207 208//208
f 134//134 208//208 135//135
f 135//135 208//208 209//209
f 135//135 209//209 136//136
f 136//136 209//209 210//210
f 136//136 210//210 137//137
f 137//137 210//210 211//211
f 137//137 211//211 138//138
f 138//138 211//211 212//212
f 138//138 212//212 139//139
f 139//139 212//212 213//213
f 139//139 213//213 140//140
f 140//140 213//213 214//214
f 140//140 214//214 141//141
f 141//141 214//214 215//215
f 141//141 215//215 142//142
f 142//142 215//215 216//216
f 142//142 216//216 143//143
f 143//143 216//216 217//217
f 143//143 217//217 144//144
f 144//144 217//217 218//218
f 144//144 218//218 145//145
f 145//145 218//218 219//219
f 145//145 219//219 146//146
f 147//147 220//220 221//221
f 147//147 221//221 148//148
f 148//148 221//221 222//222
f 148//148 222//222 149//149
f 149//149 222//222 223//223
f 149//149 223//223 150//150
f 150//150 223//223 224//224
f 150//150 224//224 151//151
f 151//151 224//224 225//225
f 151//151 225//225 152//152
f 152//152 225//225 226//226
f 152//152 226//226 153//153
f 153//153 226//226 227//227
f 153//153 227//227 154//154
f 154//154 227//227 228//228
f 154//154 228//228 155//155
f 155//155 228//228 229//229
f 155//155 229//229 156//156
f 156//156 229//229 230//230
f 156//156 230//230 157//157
f 157//157 230//230 231//231
f 157//157 231//231 158//158
f 158//158 231//231 232//232
f 158//158 232//232 159//159
f 159//159 232//232 233//233
f 159//159 233//233 160//160
f 160//160 233//233 234//234
f 160//160 234//234 161//161
f 161//161 234//234 235//235
f 161//161 235//235 162//162
f 162//162 235//235 236//236
f 162//162 236//236 163//163
f 163//163 236//236 237//237
f 163//163 237//237 164//164
f 164//164 237//237 238//238
f 164//164 238//238 165//165
f 165//165 238//238 239//239
f 165//165 239//239 166//166
f 166//166 239//239 240//240
f 166//166 240//240 167//167
f 167//167 240//240 241//241
f 167//167 241//241 168//168
f 168//168 241//241 242//242
f 168//168 242//242 169//169
f 169//169 242//242 243//243
f 169//169 243//243 170//170
f 170//170 243//243 244//244
f 170//170 244//244 171//171
f 171//171 244//244 245//245
f 171//171 245//245 172//172
f 172//172 245//245 246//246
f 172//172 246//246 173//173
f 173//173 246//246 247//247
f 173//173 247//247 174//174
f 174//174 247//247 248//248
f 174//174 248//248 175//175
f 175//175 248//248 249//249
f 175//175 249//249 176//176
f 176//176 249//249 250//250
f 176//176 250//250 177//177
f 177//177 250//250 251//251
f 177//177 251//251 178//178
f 178//178 251//251 252//252
f 178//178 252//252 179//179
f 179//179 252//252 253//253
f 179//179 253//253 180//180
f 180//180 253//253 254//254
f 180//180 254//254 181//181
f 181//181 254//254 255//255
f 181//181 255//255 182//182
f 182//182 255//255 256//256
f 182//182 256//256 183//183
f 183//183 256//256 257//257
f 183//183 257//257 184//184
f 184//184 257//257 258//258
f 184//184 258//258 185//185
f 185//185 258//258 259//259
f 185//185 259//259 186//186
f 186//186 259//259 260//260
f 186//186 260//260 187//187
f 187//187 260//260 261//261
f 187//187 261//261 188//188
f 188//188 261//261 262//262
f 188//188 262//262 189//189
f 189//189 262//262 263//263
f 189//189 263//263 190//190
f 190//190 263//263 264//264
f 190//190 264//264 191//191
f 191//191 264//264 265//265
f 191//191 265//265 192//192
f 192//192 265//265 266//266
f 192//192 266//266 193//193
f 193//193 266//266 267//267
f 193//193 267//267 194//194
f 194//194 267//267 268//268
f 194//194 268//268 195//195
f 195//195 268//268 269//269
f 195//195 269//269 196//196
f 196//196 269//269 270//270
f 196//196 270//270 197//197
f 197//197 270//270 271//271
f 197//197 271//271 198//198
f 198//198 271//271 272//272
f 198//198 272//272 199//199
f 199//199 272//272 273//273
f 199//199 273//273 200//200
f 200//200 273//273 274//274
f 200//200 274//274 201//201
f 201//201 274//274 275//275
f 201//201 275//275 202//202
f 202//202 275//275 276//276
f 202//202 276//276 203//203
f 203//203 276//276 277//277
f 203//203 277//277 204//204
f 204//204 277//277 278//278
f 204//204 278//278 205//205
f 205//205 278//278 279//279
f 205//205 279//279 206//206
f 206//206 279//279 280//280
f 206//206 280//280 207//207
f 207//207 280//280 281//281
f 207//207 281//281 208//208
f 208//208 281//281 282//282
f 208//208 282//282 209//209
f 209//209 282//282 283//283
f 209//209 283//283 210//210
f 210//210 283//283 284//284
f 210//210 284//284 211//211
f 211//211 284//284 285//285
f 211//211 285//285 212//212
f 212//212 285//285 286//286
f 212//212 286//286 213//213
f 213//213 286//286 287//287
f 213//213 287//287 214//214
f 214//214 287//287 288//288
f 214//214 288//288 215//215
f 215//215 288//288 289//289
f 215//215 289//289 216//216
f 216//216 289//289 290//290
f 216//216 290//290 217//217
f 217//217 290//290 291//291
f 217//217 291//291 218//218
f 218//218 291//291 292//292
f 218//218 292//292 219//219
f 220//220 293//293 294//294
f 220//220 294//294 221//221
f 221//221 294//294 295//295
f 221//221 295//295 222//222
f 222//222 295//295 296//296
f 222//222 296//296 223//223
f 223//223 296//296 297//297
f 223//223 297//297 224//224
f 224//224 297//297 298//298
f 224//224 298//298 225//225
f 225//225 298//298 299//299
f 225//225 299//299 226//226
f 226//226 299//299 300//300
f 226//226 300//300 227//227
f 227//227 300//300 301//301
f 227//227 301//301 228//228
f 228//228 301//301 302//302
f 228//228 302//302 229//229
f 229//229 302//302 303//303
f 229//229 303//303 230//230
f 230//230 303//303 304//304
f 230//230 304//304 231//231
f 231//231 304//304 305//305
f 231//231 305//305 232//232
f 232//232 305//305 306//306
f 232//232 306//306 233//233
f 233//233 306//306 307//307
f 233//233 307//307 234//234
f 234//234 307//307 308//308
f 234//234 308//308 235//235
f 235//235 308//308 309//309
f 235//235 309//309 236//236
f 236//236 309//309 310//310
f 236//236 310//310 237//237
f 237//237 310//310 311//311
f 237//237 311//311 238//238
f 238//238 311//311 312//312
f 238//238 312//312 239//239
f 239//239 312//312 313//313
f 239//239 313//313 240//240
f 240//240 313//313 314//314
f 240//240 314//314 241//241
f 241//241 314//314 315//315
f 241//241 315//315 242//242
f 242//242 315//315 316//316
f 242//242 316//316 243//243
f 243//243 316//316 317//317
f 243//243 317//317 244//244
f 244//244 317//317 318//318
f 244//244 318//318 245//245
f 245//245 318//318 319//319
f 245//245 319//319 246//246
f 246//246 319//319 320//320
f 246//246 320//320 247//247
f 247//247 320//320 321//321
f 247//247 321//321 248//248
f 248//248 321//321 322//322
f 248//248 322//322 249//249
f 249//249 322//322 323//323
f 249//249 323//323 250//250
f 250//250 323//323 324//324
f 250//250 324//324 251//251
f 251//251 324//324 325//325
f 251//251 325//325 252//252
f 252//252 325//325 326//326
f 252//252 326//326 253//253
f 253//253 326//326 327//327
f 253//253 327//327 254//254
f 254//254 327//327 328//328
f 254//254 328//328 255//255
f 255//255 328//328 329//329
f 255//255 329//329 256//256
f 256//256 329//329 330//330
f 256//256 330//330 257//257
f 257//257 330//330 331//331
f 257//257 331//331 258//258
f 258//258 331//331 332//332
f 258//258 332//332 259//259
f 259//259 332//332 333//333
f 259//259 333//333 260//260
f 260//260 333//333 334//334
f 260//260 334//334 261//261
f 261//261 334//334 335//335
f 261//261 335//335 262//262
f 262//262 335//335 336//336
f 262//262 336//336 263//263
f 263//263 336//336 337//337
f 263//263 337//337 264//264
f 264//264 337//337 338//338
f 264//264 338//338 265//265
f 265//265 338//338 339//339
f 265//265 339//339 266//266
f 266//266 339//339 340//340
f 266//266 340//340 267//267
f 267//267 340//340 341//341
f 267//267 341//341 268//268
f 268//268 341//341 342//342
f 268//268 342//342 269//269
f 269//269 342//342 343//343
f 269//269 343//343 270//270
f 270//270 343//343 344//344
f 270//270 344//344 271//271
f 271//271 344//344 345//345
f 271//271 345//345 272//272
f 272//272 345//345 346//346
f 272//272 346//346 273//273
f 273//273 346//346 347//347
f 273//273 347//347 274//274
f 274//274 347//347 348//348
f 274//274 348//348 275//275
f 275//275 348//348 349//349
f 275//275 349//349 276//276
f 276//276 349//349 350//350
f 276//276 350//350 277//277
f 277//277 350//350 351//351
f 277//277 351//351 278//278
f 278//278 351//351 352//352
f 278//278 352//352 279//279
f 279//279 352//352 353//353
f 279//279 353//353 280//280
f 280//280 353//353 354//354
f 280//280 354//354 281//281
f 281//281 354//354 355//355
f 281//281 355//355 282//282
f 282//282 355//355 356//356
f 282//282 356//356 283//283
f 283//283 356//356 357//357
f 283//283 357//357 284//284
f 284//284 357//357 358//358
f 284//284 358//358 285//285
f 285//285 358//358 359//359
f 285//285 359//359 286//286
f 286//286 359//359 360//360
f 286//286 360//360 287//287
f 287//287 360//360 361//361
f 287//287 361//361 288//288
f 288//288 361//361 362//362
f 288//288 362//362 289//289
f 289//289 362//362 363//363
f 289//289 363//363 290//290
f 290//290 363//363 364//364
f 290//290 364//364 291//291
f 291//291 364//364 365//365
f 291//291 365//365 292//292
f 293//293 366//366 367//367
f 293//293 367//367 294//294
f 294//294 367//367 368//368
f 294//294 368//368 295//295
f 295//295 368//368 369//369
f 295//295 369//369 296//296
f 296//296 369//369 370//370
f 296//296 370//370 297//297
f 297//297 370//370 371//371
f 297//297 371//371 298//298
f 298//298 371//371 372//372
f 298//298 372//372 299//299
f 299//299 372//372 373//373
f 299//299 373//373 300//300
f 300//300 373//373 374//374
f 300//300 374//374 301//301
f 301//301 374//374 375//375
f 301//301 375//375 302//302
f 302//302 375//375 376//376
f 302//302 376//376 303//303
f 303//303 376//376 377//377
f 303//303 377//377 304//304
f 304//304 377//377 378//378
f 304//304 378//378 305//305
f 305//305 378//378 379//379
f 305//305 379//379 306//306
f 306//306 379//379 380//380
f 306//306 380//380 307//307
f 307//307 380//380 381//381
f 307//307 381//381 308//308
f 308//308 381//381 382//382
f 308//308 382//382 309//309
f 309//309 382//382 383//383
f 309//309 383//383 310//310
f 310//310 383//383 384//384
f 310//310 384//384 311//311
f 311//311 384//384 385//385
f 311//311 385//385 312//312
f 312//312 385//385 386//386
f 312//312 386//386 313//313
f 313//313 386//386 387//387
f 313//313 387//387 314//314
f 314//314 387//387 388//388
f 314//314 388//388 315//315
f 315//315 388//388 389//389
f 315//315 389//389 316//316
f 316//316 389//389 390//390
f 316//316 390//390 317//317
f 317//317 390//390 391//391
f 317//317 391//391 318//318
f 318//318 391//391 392//392
f 318//318 392//392 319//319
f 319//319 392//392 393//393
f 319//319 393//393 320//320
f 320//320 393//393 394//394
f 320//320 394//394 321//321
f 321//321 394//394 395//395
f 321//321 395//395 322//322
f 322//322 395//395 396//396
f 322//322 396//396 323//323
f 323//323 396//396 397//397
f 323//323 397//397 324//324
f 324//324 397//397 398//398
f 324//324 398//398 325//325
f 325//325 398//398 399//399
f 325//325 399//399 326//326
f 326//326 399//399 400//400
f 326//326 400//400 327//327
f 327//327 400//400 401//401
f 327//327 401//401 328//328
f 328//328 401//401 402//402
f 328//328 402//402 329//329
f 329//329 402//402 403//403
f 329//329 403//403 330//330
f 330//330 403//403 404//404
f 330//330 404//404 331//331
f 331//331 404//404 405//405
f 331//331 405//405 332//332
f 332//332 405//405 406//406
f 332//332 406//406 333//333
f 333//333 406//406 407//407
f 333//333 407//407 334//334
f 334//334 407//407 408//408
f 334//334 408//408 335//335
f 335//335 408//408 409//409
f 335//335 409//409 336//336
f 336//336 409//409 410//410
f 336//336 410//410 337//337
f 337//337 410//410 411//411
f 337//337 411//411 338//338
f 338//338 411//411 412//412
f 338//338 412//412 339//339
f 339//339 412//412 413//413
f 339//339 413//413 340//340
f 340//340 413//413 414//414
f 340//340 414//414 341//341
f 341//341 414//414 415//415
f 341//341 415//415 342//342
f 342//342 415//415 416//416
f 342//342 416//416 343//343
f 343//343 416//416 417//417
f 343//343 417//417 344//344
f 344//344 417//417 418//418
f 344//344 418//418 345//345
f 345//345 418//418 419//419
f 345//345 419//419 346//346
f 346//346 419//419 420//420
f 346//346 420//420 347//347
f 347//347 420//420 421//421
f 347//347 421//421 348//348
f 348//348 421//421 422//422
f 348//348 422//422 349//349
f 349//349 422//422 423//423
f 349//349 423//423 350//350
f 350//350 423//423 424//424
f 350//350 424//424 351//351
f 351//351 424//424 425//425
f 351//351 425//425 352//352
f 352//352 425//425 426//426
f 352//352 426//426 353//353
f 353//353 426//426 427//427
f 353//353 427//427 354//354
f 354//354 427//427 428//428
f 354//354 428//428 355//355
f 355//355 428//428 429//429
f 355//355 429//429 356//356
f 356//356 429//429 430//430
f 356//356 430//430 357//357
f 357//357 430//430 431//431
f 357//357 431//431 358//358
f 358//358 431//431 432//432
f 358//358 432//432 359//359
f 359//359 432//432 433//433
f 359//359 433//433 360//360
f 360//360 433//433 434//434
f 360//360 434//434 361//361
f 361//361 434//434 435//435
f 361//361 435//435 362//362
f 362//362 435//435 436//436
f 362//362 436//436 363//363
f 363//363 436//436 437//437
f 363//363 437//437 364//364
f 364//364 437//437 438//438
f 364//364 438//438 365//365
f 366//366 439//439 440//440
f 366//366 440//440 367//367
f 367//367 440//440 441//441
f 367//367 441//441 368//368
f 368//368 441//441 442//442
f 368//368 442//442 369//369
f 369//369 442//442 443//443
f 369//369 443//443 370//370
f 370//370 443//443 444//444
f 370//370 444//444 371//371
f 371//371 444//444 445//445
f 371//371 445//445 372//372
f 372//372 445//445 446//446
f 372//372 446//446 373//373
f 373//373 446//446 447//447
f 373//373 447//447 374//374
f 374//374 447//447 448//448
f 374//374 448//448 375//375
f 375//375 448//448 449//449
f 375//375 449//449 376//376
f 376//376 449//449 450//450
f 376//376 450//450 377//377
f 377//377 450//450 451//451
f 377//377 451//451 378//378
f 378//378 451//451 452//452
f 378//378 452//452 379//379
f 379//379 452//452 453//453
f 379//379 453//453 380//380
f 380//380 453//453 454//454
f 380//380 454//454 381//381
f 381//381 454//454 455//455
f 381//381 455//455 382//382
f 382//382 455//455 456//456
f 382//382 456//456 383//383
f 383//383 456//456 457//457
f 383//383 457//457 384//384
f 384//384 457//457 458//458
f 384//384 458//458 385//385
f 385//385 458//458 459//459
f 385//385 459//459 386//386
f 386//386 459//459 460//460
f 386//386 460//460 387//387
f 387//387 460//460 461//461
f 387//387 461//461 388//388
f 388//388 461//461 462//462
f 388//388 462//462 389//389
f 389//389 462//462 463//463
f 389//389 463//463 390//390
f 390//390 463//463 464//464
f 390//390 464//464 391//391
f 391//391 464//464 465//465
f 391//391 465//465 392//392
f 392//392 465//465 466//466
f 392//392 466//466 393//393
f 393//393 466//466 467//467
f 393//393 467//467 394//394
f 394//394 467//467 468//468
f 394//394 468//468 395//395
f 395//395 468//468 469//469
f 395//395 469//469 396//396
f 396//396 469//469 470//470
f 396//396 470//470 397//397
f 397//397 470//470 471//471
f 397//397 471//471 398//398
f 398//398 471//471 472//472
f 398//398 472//472 399//399
f 399//399 472//472 473//473
f 399//399 473//473 400//400
f 400//400 473//473 474//474
f 400//400 474//474 401//401
f 401//401 474//474 475//475
f 401//401 475//475 402//402
f 402//402 475//475 476//476
f 402//402 476//476 403//403
f 403//403 476//476 477//477
f 403//403 477//477 404//404
f 404//404 477//477 478//478
f 404//404 478//478 405//405
f 405//405 478//478 479//479
f 405//405 479//479 406//406
f 406//406 479//479 480//480
f 406//406 480//480 407//407
f 407//407 480//480 481//481
f 407//407 481//481 408//408
f 408//408 481//481 482//482
f 408//408 482//482 409//409
f 409//409 482//482 483//483
f 409//409 483//483 410//410
f 410//410 483//483 484//484
f 410//410 484//484 411//411
f 411//411 484//484 485//485
f 411//411 485//485 412//412
f 412//412 485//485 486//486
f 412//412 486//486 413//413
f 413//413 486//486 487//487
f 413//413 487//487 414//414
f 414//414 487//487 488//488
f 414//414 488//488 415//415
f 415//415 488//488 489//489
f 415//415 489//489 416//416
f 416//416 489//489 490//490
f 416//416 490//490 417//417
f 417//417 490//490 491//491
f 417//417 491//491 418//418
f 418//418 491//491 492//492
f 418//418 492//492 419//419
f 419//419 492//492 493//493
f 419//419 493//493 420//420
f 420//420 493//493 494//494
f 420//420 494//494 421//421
f 421//421 494//494 495//495
f 421//421 495//495 422//422
f 422//422 495//495 496//496
f 422//422 496//496 423//423
f 423//423 496//496 497//497
f 423//423 497//497 424//424
f 424//424 497//497 498//498
f 424//424 498//498 425//425
f 425//425 498//498 499//499
f 425//425 499//499 426//426
f 426//426 499//499 500//500
f 426//426 500//500 427//427
f 427//427 500//500 501//501
f 427//427 501//501 428//428
f 428//428 501//501 502//502
f 428//428 502//502 429//429
f 429//429 502//502 503//503
f 429//429 503//503 430//430
f 430//430 503//503 504//504
f 430//430 504//504 431//431
f 431//431 504//504 505//505
f 431//431 505//505 432//432
f 432//432 505//505 506//506
f 432//432 506//506 433//433
f 433//433 506//506 507//507
f 433//433 507//507 434//434
f 434//434 507//507 508//508
f 434//434 508//508 435//435
f 435//435 508//508 509//509
f 435//435 509//509 436//436
f 436//436 509//509 510//510
f 436//436 510//510 437//437
f 437//437 510//510 511//511
f 437//437 511//511 438//438
f 439//439 512//512 513//513
f 439//439 513//513 440//440
f 440//440 513//513 514//514
f 440//440 514//514 441//441
f 441//441 514//514 515//515
f 441//441 515//515 442//442
f 442//442 515//515 516//516
f 442//442 516//516 443//443
f 443//443 516//516 517//517
f 443//443 517//517 444//444
f 444//444 517//517 518//518
f 444//444 518//518 445//445
f 445//445 518//518 519//519
f 445//445 519//519 446//446
f 446//446 519//519 520//520
f 446//446 520//520 447//447
f 447//447 520//520 521//521
f 447//447 521//521 448//448
f 448//448 521//521 522//522
f 448//448 522//522 449//449
f 449//449 522//522 523//523
f 449//449 523//523 450//450
f 450//450 523//523 524//524
f 450//450 524//524 451//451
f 451//451 524//524 525//525
f 451//451 525//525 452//452
f 452//452 525//525 526//526
f 452//452 526//526 453//453
f 453//453 526//526 527//527
f 453//453 527//527 454//454
f 454//454 527//527 528//528
f 454//454 528//528 455//455
f 455//455 528//528 529//529
f 455//455 529//529 456//456
f 456//456 529//529 530//530
f 456//456 530//530 457//457
f 457//457 530//530 531//531
f 457//457 531//531 458//458
f 458//458 531//531 532//532
f 458//458 532//532 459//459
f 459//459 532//532 533//533
f 459//459 533//533 460//460
f 460//460 533//533 534//534
f 460//460 534//534 461//461
f 461//461 534//534 535//535
f 461//461 535//535 462//462
f 462//462 535//535 536//536
f 462//462 536//536 463//463
f 463//463 536//536 537//537
f 463//463 537//537 464//464
f 464//464 537//537 538//538
f 464//464 538//538 465//465
f 465//465 538//538 539//539
f 465//465 539//539 466//466
f 466//466 539//539 540//540
f 466//466 540//540 467//467
f 467//467 540//540 541//541
f 467//467 541//541 468//468
f 468//468 541//541 542//542
f 468//468 542//542 469//469
f 469//469 542//542 543//543
f 469//469 543//543 470//470
f 470//470 543//543 544//544
f 470//470 544//544 471//471
f 471//471 544//544 545//545
f 471//471 545//545 472//472
f 472//472 545//545 546//546
f 472//472 546//546 473//473
f 473//473 546//546 547//547
f 473//473 547//547 474//474
f 474//474 547//547 548//548
f 474//474 548//548 475//475
f 475//475 548//548 549//549
f 475//475 549//549 476//476
f 476//476 549//549 550//550
f 476//476 550//550 477//477
f 477//477 550//550 551//551
f 477//477 551//551 478//478
f 478//478 551//551 552//552
f 478//478 552//552 479//479
f 479//479 552//552 553//553
f 479//479 553//553 480//480
f 480//480 553//553 554//554
f 480//480 554//554 481//481
f 481//481 554//554 555//555
f 481//481 555//555 482//482
f 482//482 555//555 556//556
f 482//482 556//556 483//483
f 483//483 556//556 557//557
f 483//483 557//557 484//484
f 484//484 557//557 558//558
f 484//484 558//558 485//485
f 485//485 558//558 559//559
f 485//485 559//559 486//486
f 486//486 559//559 560//560
f 486//486 560//560 487//487
f 487//487 560//560 561//561
f 487//487 561//561 488//488
f 488//488 561//561 562//562
f 488//488 562//562 489//489
f 489//489 562//562 563//563
f 489//489 563//563 490//490
f 490//490 563//563 564//564
f 490//490 564//564 491//491
f 491//491 564//564 565//565
f 491//491 565//565 492//492
f 492//492 565//565 566//566
f 492//492 566//566 493//493
f 493//493 566//566 567//567
f 493//493 567//567 494//494
f 494//494 567//567 568//568
f 494//494 568//568 495//495
f 495//495 568//568 569//569
f 495//495 569//569 496//496
f 496//496 569//569 570//570
f 496//496 570//570 497//497
f 497//497 570//570 571//571
f 497//497 571//571 498//498
f 498//498 571//571 572//572
f 498//498 572//572 499//499
f 499//499 572//572 573//573
f 499//499 573//573 500//500
f 500//500 573//573 574//574
f 500//500 574//574 501//501
f 501//501 574//574 575//575
f 501//501 575//575 502//502
f 502//502 575//575 576//576
f 502//502 576//576 503//503
f 503//503 576//576 577//577
f 503//503 577//577 504//504
f 504//504 577//577 578//578
f 504//504 578//578 505//505
f 505//505 578//578 579//579
f 505//505 579//579 506//506
f 506//506 579//579 580//580
f 506//506 580//580 507//507
f 507//507 580//580 581//581
f 507//507 581//581 508//508
f 508//508 581//581 582//582
f 508//508 582//582 509//509
f 509//509 582//582 583//583
f 509//509 583//583 510//510
f 510//510 583//583 584//584
f 510//510 584//584 511//511
f 512//512 585//585 586//586
f 512//512 586//586 513//513
f 513//513 586//586 587//587
f 513//513 587//587 514//514
f 514//514 587//587 588//588
f 514//514 588//588 515//515
f 515//515 588//588 589//589
f 515//515 589//589 516//516
f 516//516 589//589 590//590
f 516//516 590//590 517//517
f 517//517 590//590 591//591
f 517//517 591//591 518//518
f 518//518 591//591 592//592
f 518//518 592//592 519//519
f 519//519 592//592 593//593
f 519//519 593//593 520//520
f 520//520 593//593 594//594
f 520//520 594//594 521//521
f 521//521 594//594 595//595
f 521//521 595//595 522//522
f 522//522 595//595 596//596
f 522//522 596//596 523//523
f 523//523 596//596 597//597
f 523//523 597//597 524//524
f 524//524 597//597 598//598
f 524//524 598//598 525//525
f 525//525 598//598 599//599
f 525//525 599//599 526//526
f 526//526 599//599 600//600
f 526//526 600//600 527//527
f 527//527 600//600 601//601
f 527//527 601//601 528//528
f 528//528 601//601 602//602
f 528//528 602//602 529//529
f 529//529 602//602 603//603
f 529//529 603//603 530//530
f 530//530 603//603 604//604
f 530//530 604//604 531//531
f 531//531 604//604 605//605
f 531//531 605//605 532//532
f 532//532 605//605 606//606
f 532//532 606//606 533//533
f 533//533 606//606 607//607
f 533//533 607//607 534//534
f 534//534 607//607 608//608
f 534//534 608//608 535//535
f 535//535 608//608 609//609
f 535//535 609//609 536//536
f 536//536 609//609 610//610
f 536//536 610//610 537//537
f 537//537 610//610 611//611
f 537//537 611//611 538//538
f 538//538 611//611 612//612
f 538//538 612//612 539//539
f 539//539 612//612 613//613
f 539//539 613//613 540//540
f 540//540 613//613 614//614
f 540//540 614//614 541//541
f 541//541 614//614 615//615
f 541//541 615//615 542//542
f 542//542 615//615 616//616
f 542//542 616//616 543//543
f 543//543 616//616 617//617
f 543//543 617//617 544//544
f 544//544 617//617 618//618
f 544//544 618//618 545//545
f 545//545 618//618 619//619
f 545//545 619//619 546//546
f 546//546 619//619 620//620
f 546//546 620//620 547//547
f 547//547 620//620 621//621
f 547//547 621//621 548//548
f 548//548 621//621 622//622
f 548//548 622//622 549//549
f 549//549 622//622 623//623
f 549//549 623//623 550//550
f 550//550 623//623 624//624
f 550//550 624//624 551//551
f 551//551 624//624 625//625
f 551//551 625//625 552//552
f 552//552 625//625 626//626
f 552//552 626//626 553//553
f 553//553 626//626 627//627
f 553//553 627//627 554//554
f 554//554 627//627 628//628
f 554//554 628//628 555//555
f 555//555 628//628 629//629
f 555//555 629//629 556//556
f 556//556 629//629 630//630
f 556//556 630//630 557//557
f 557//557 630//630 631//631
f 557//557 631//631 558//558
f 558//558 631//631 632//632
f 558//558 632//632 559//559
f 559//559 632//632 633//633
f 559//559 633//633 560//560
f 560//560 633//633 634//634
f 560//560 634//634 561//561
f 561//561 634//634 635//635
f 561//561 635//635 562//562
f 562//562 635//635 636//636
f 562//562 636//636 563//563
f 563//563 636//636 637//637
f 563//563 637//637 564//564
f 564//564 637//637 638//638
f 564//564 638//638 565//565
f 565//565 638//638 639//639
f 565//565 639//639 566//566
f 566//566 639//639 640//640
f 566//566 640//640 567//567
f 567//567 640//640 641//641
f 567//567 641//641 568//568
f 568//568 641//641 642//642
f 568//568 642//642 569//569
f 569//569 642//642 643//643
f 569//569 643//643 570//570
f 570//570 643//643 644//644
f 570//570 644//644 571//571
f 571//571 644//644 645//645
f 571//571 645//645 572//572
f 572//572 645//645 646//646
f 572//572 646//646 573//573
f 573//573 646//646 647//647
f 573//573 647//647 574//574
f 574//574 647//647 648//648
f 574//574 648//648 575//575
f 575//575 648//648 649//649
f 575//575 649//649 576//576
f 576//576 649//649 650//650
f 576//576 650//650 577//577
f 577//577 650//650 651//651
f 577//577 651//651 578//578
f 578//578 651//651 652//652
f 578//578 652//652 579//579
f 579//579 652//652 653//653
f 579//579 653//653 580//580
f 580//580 653//653 654//654
f 580//580 654//654 581//581
f 581//581 654//654 655//655
f 581//581 655//655 582//582
f 582//582 655//655 656//656
f 582//582 656//656 583//583
f 583//583 656//656 657//657
f 583//583 657//657 584//584
f 585//585 658//658 659//659
f 585//585 659//659 586//586
f 586//586 659//659 660//660
f 586//586 660//660 587//587
f 587//587 660//660 661//661
f 587//587 661//661 588//588
f 588//588 661//661 662//662
f 588//588 662//662 589//589
f 589//589 662//662 663//663
f 589//589 663//663 590//590
f 590//590 663//663 664//664
f 590//590 664//664 591//591
f 591//591 664//664 665//665
f 591//591 665//665 592//592
f 592//592 665//665 666//666
f 592//592 666//666 593//593
f 593//593 666//666 667//667
f 593//593 667//667 594//594
f 594//594 667//667 668//668
f 594//594 668//668 595//595
f 595//595 668//668 669//669
f 595//595 669//669 596//596
f 596//596 669//669 670//670
f 596//596 670//670 597//597
f 597//597 670//670 671//671
f 597//597 671//671 598//598
f 598//598 671//671 672//672
f 598//598 672//672 599//599
f 599//599 672//672 673//673
f 599//599 673//673 600//600
f 600//600 673//673 674//674
f 600//600 674//674 601//601
f 601//601 674//674 675//675
f 601//601 675//675 602//602
f 602//602 675//675 676//676
f 602//602 676//676 603//603
f 603//603 676//676 677//677
f 603//603 677//677 604//604
f 604//604 677//677 678//678
f 604//604 678//678 605//605
f 605//605 678//678 679//679
f 605//605 679//679 606//606
f 606//606 679//679 680//680
f 606//606 680//680 607//607
f 607//607 680//680 681//681
f 607//607 681//681 608//608
f 608//608 681//681 682//682
f 608//608 682//682 609//609
f 609//609 682//682 683//683
f 609//609 683//683 610//610
f 610//610 683//683 684//684
f 610//610 684//684 611//611
f 611//611 684//684 685//685
f 611//611 685//685 612//612
f 612//612 685//685 686//686
f 612//612 686//686 613//613
f 613//613 686//686 687//687
f 613//613 687//687 614//614
f 614//614 687//687 688//688
f 614//614 688//688 615//615
f 615//615 688//688 689//689
f 615//615 689//689 616//616
f 616//616 689//689 690//690
f 616//616 690//690 617//617
f 617//617 690//690 691//691
f 617//617 691//691 618//618
f 618//618 691//691 692//692
f 618//618 692//692 619//619
f 619//619 692//692 693//693
f 619//619 693//693 620//620
f 620//620 693//693 694//694
f 620//620 694//694 621//621
f 621//621 694//694 695//695
f 621//621 695//695 622//622
f 622//622 695//695 696//696
f 622//622 696//696 623//623
f 623//623 696//696 697//697
f 623//623 697//697 624//624
f 624//624 697//697 698//698
f 624//624 698//698 625//625
f 625//625 698//698 699//699
f 625//625 699//699 626//626
f 626//626 699//699 700//700
f 626//626 700//700 627//627
f 627//627 700//700 701//701
f 627//627 701//701 628//628
f 628//628 701//701 702//702
f 628//628 702//702 629//629
f 629//629 702//702 703//703
f 629//629 703//703 630//630
f 630//630 703//703 704//704
f 630//630 704//704 631//631
f 631//631 704//704 705//705
f 631//631 705//705 632//632
f 632//632 705//705 706//706
f 632//632 706//706 633//633
f 633//633 706//706 707//707
f 633//633 707//707 634//634
f 634//634 707//707 708//708
f 634//634 708//708 635//635
f 635//635 708//708 709//709
f 635//635 709//709 636//636
f 636//636 709//709 710//710
f 636//636 710//710 637//637
f 637//637 710//710 711//711
f 637//637 711//711 638//638
f 638//638 711//711 712//712
f 638//638 712//712 639//639
f 639//639 712//712 713//713
f 639//639 713//713 640//640
f 640//640 713//713 714//714
f 640//640 714//714 641//641
f 641//641 714//714 715//715
f 641//641 715//715 642//642
f 642//642 715//715 716//716
f 642//642 716//716 643//643
f 643//643 716//716 717//717
f 643//643 717//717 644//644
f 644//644 717//717 718//718
f 644//644 718//718 645//645
f 645//645 718//718 719//719
f 645//645 719//719 646//646
f 646//646 719//719 720//720
f 646//646 720//720 647//647
f 647//647 720//720 721//721
f 647//647 721//721 648//648
f 648//648 721//721 722//722
f 648//648 722//722 649//649
f 649//649 722//722 723//723
f 649//649 723//723 650//650
f 650//650 723//723 724//724
f 650//650 724//724 651//651
f 651//651 724//724 725//725
f 651//651 725//725 652//652
f 652//652 725//725 726//726
f 652//652 726//726 653//653
f 653//653 726//726 727//727
f 653//653 727//727 654//654
f 654//654 727//727 728//728
f 654//654 728//728 655//655
f 655//655 728//728 729//729
f 655//655 729//729 656//656
f 656//656 729//729 730//730
f 656//656 730//730 657//657
f 658//658 731//731 732//732
f 658//658 732//732 659//659
f 659//659 732//732 733//733
f 659//659 733//733 660//660
f 660//660 733//733 734//734
f 660//660 734//734 661//661
f 661//661 734//734 735//735
f 661//661 735//735 662//662
f 662//662 735//735 736//736
f 662//662 736//736 663//663
f 663//663 736//736 737//737
f 663//663 737//737 664//664
f 664//664 737//737 738//738
f 664//664 738//738 665//665
f 665//665 738//738 739//739
f 665//665 739//739 666//666
f 666//666 739//739 740//740
f 666//666 740//740 667//667
f 667//667 740//740 741//741
f 667//667 741//741 668//668
f 668//668 741//741 742//742
f 668//668 742//742 669//669
f 669//669 742//742 743//743
f 669//669 743//743 670//670
f 670//670 743//743 744//744
f 670//670 744//744 671//671
f 671//671 744//744 745//745
f 671//671 745//745 672//672
f 672//672 745//745 746//746
f 672//672 746//746 673//673
f 673//673 746//746 747//747
f 673//673 747//747 674//674
f 674//674 747//747 748//748
f 674//674 748//748 675//675
f 675//675 748//748 749//749
f 675//675 749//749 676//676
f 676//676 749//749 750//750
f 676//676 750//750 677//677
f 677//677 750//750 751//751
f 677//677 751//751 678//678
f 678//678 751//751 752//752
f 678//678 752//752 679//679
f 679//679 752//752 753//753
f 679//679 753//753 680//680
f 680//680 753//753 754//754
f 680//680 754//754 681//681
f 681//681 754//754 755//755
f 681//681 755//755 682//682
f 682//682 755//755 756//756
f 682//682 756//756 683//683
f 683//683 756//756 757//757
f 683//683 757//757 684//684
f 684//684 757//757 758//758
f 684//684 758//758 685//685
f 685//685 758//758 759//759
f 685//685 759//759 686//686
f 686//686 759//759 760//760
f 686//686 760//760 687//687
f 687//687 760//760 761//761
f 687//687 761//761 688//688
f 688//688 761//761 762//762
f 688//688 762//762 689//689
f 689//689 762//762 763//763
f 689//689 763//763 690//690
f 690//690 763//763 764//764
f 690//690 764//764 691//691
f 691//691 764//764 765//765
f 691//691 765//765 692//692
f 692//692 765//765 766//766
f 692//692 766//766 693//693
f 693//693 766//766 767//767
f 693//693 767//767 694//694
f 694//694 767//767 768//768
f 694//694 768//768 695//695
f 695//695 768//768 769//769
f 695//695 769//769 696//696
f 696//696 769//769 770//770
f 696//696 770//770 697//697
f 697//697 770//770 771//771
f 697//697 771//771 698//698
f 698//698 771//771 772//772
f 698//698 772//772 699//699
f 699//699 772//772 773//773
f 699//699 773//773 700//700
f 700//700 773//773 774//774
f 700//700 774//774 701//701
f 701//701 774//774 775//775
f 701//701 775//775 702//702
f 702//702 775//775 776//776
f 702//702 776//776 703//703
f 703//703 776//776 777//777
f 703//703 777//777 704//704
f 704//704 777//777 778//778
f 704//704 778//778 705//705
f 705//705 778//778 779//779
f 705//705 779//779 706//706
f 706//706 779//779 780//780
f 706//706 780//780 707//707
f 707//707 780//780 781//781
f 707//707 781//781 708//708
f 708//708 781//781 782//782
f 708//708 782//782 709//709
f 709//709 782//782 783//783
f 709//709 783//783 710//710
f 710//710 783//783 784//784
f 710//710 784//784 711//711
f 711//711 784//784 785//785
f 711//711 785//785 712//712
f 712//712 785//785 786//786
f 712//712 786//786 713//713
f 713//713 786//786 787//787
f 713//713 787//787 714//714
f 714//714 787//787 788//788
f 714//714 788//788 715//715
f 715//715 788//788 789//789
f 715//715 789//789 716//716
f 716//716 789//789 790//790
f 716//716 790//790 717//717
f 717//717 790//790 791//791
f 717//717 791//791 718//718
f 718//718 791//791 792//792
f 718//718 792//792 719//719
f 719//719 792//792 793//793
f 719//719 793//793 720//720
f 720//720 793//793 794//794
f 720//720 794//794 721//721
f 721//721 794//794 795//795
f 721//721 795//795 722//722
f 722//722 795//795 796//796
f 722//722 796//796 723//723
f 723//723 796//796 797//797
f 723//723 797//797 724//724
f 724//724 797//797 798//798
f 724//724 798//798 725//725
f 725//725 798//798 799//799
f 725//725 799//799 726//726
f 726//726 799//799 800//800
f 726//726 800//800 727//727
f 727//727 800//800 801//801
f 727//727 801//801 728//728
f 728//728 801//801 802//802
f 728//728 802//802 729//729
f 729//729 802//802 803//803
f 729//729 803//803 730//730
f 731//731 804//804 805//805
f 731//731 805//805 732//732
f 732//732 805//805 806//806
f 732//732 806//806 733//733
f 733//733 806//806 807//807
f 733//733 807//807 734//734
f 734//734 807//807 808//808
f 734//734 808//808 735//735
f 735//735 808//808 809//809
f 735//735 809//809 736//736
f 736//736 809//809 810//810
f 736//736 810//810 737//737
f 737//737 810//810 811//811
f 737//737 811//811 738//738
f 738//738 811//811 812//812
f 738//738 812//812 739//739
f 739//739 812//812 813//813
f 739//739 813//813 740//740
f 740//740 813//813 814//814
f 740//740 814//814 741//741
f 741//741 814//814 815//815
f 741//741 815//815 742//742
f 742//742 815//815 816//816
f 742//742 816//816 743//743
f 743//743 816//816 817//817
f 743//743 817//817 744//744
f 744//744 817//817 818//818
f 744//744 818//818 745//745
f 745//745 818//818 819//819
f 745//745 819//819 746//746
f 746//746 819//819 820//820
f 746//746 820//820 747//747
f 747//747 820//820 821//821
f 747//747 821//821 748//748
f 748//748 821//821 822//822
f 748//748 822//822 749//749
f 749//749 822//822 823//823
f 749//749 823//823 750//750
f 750//750 823//823 824//824
f 750//750 824//824 751//751
f 751//751 824//824 825//825
f 751//751 825//825 752//752
f 752//752 825//825 826//826
f 752//752 826//826 753//753
f 753//753 826//826 827//827
f 753//753 827//827 754//754
f 754//754 827//827 828//828
f 754//754 828//828 755//755
f 755//755 828//828 829//829
f 755//755 829//829 756//756
f 756//756 829//829 830//830
f 756//756 830//830 757//757
f 757//757 830//830 831//831
f 757//757 831//831 758//758
f 758//758 831//831 832//832
f 758//758 832//832 759//759
f 759//759 832//832 833//833
f 759//759 833//833 760//760
f 760//760 833//833 834//834
f 760//760 834//834 761//761
f 761//761 834//834 835//835
f 761//761 835//835 762//762
f 762//762 835//835 836//836
f 762//762 836//836 763//763
f 763//763 836//836 837//837
f 763//763 837//837 764//764
f 764//764 837//837 838//838
f 764//764 838//838 765//765
f 765//765 838//838 839//839
f 765//765 839//839 766//766
f 766//766 839//839 840//840
f 766//766 840//840 767//767
f 767//767 840//840 841//841
f 767//767 841//841 768//768
f 768//768 841//841 842//842
f 768//768 842//842 769//769
f 769//769 842//842 843//843
f 769//769 843//843 770//770
f 770//770 843//843 844//844
f 770//770 844//844 771//771
f 771//771 844//844 845//845
f 771//771 845//845 772//772
f 772//772 845//845 846//846
f 772//772 846//846 773//773
f 773//773 846//846 847//847
f 773//773 847//847 774//774
f 774//774 847//847 848//848
f 774//774 848//848 775//775
f 775//775 848//848 849//849
f 775//775 849//849 776//776
f 776//776 849//849 850//850
f 776//776 850//850 777//777
f 777//777 850//850 851//851
f 777//777 851//851 778//778
f 778//778 851//851 852//852
f 778//778 852//852 779//779
f 779//779 852//852 853//853
f 779//779 853//853 780//780
f 780//780 853//853 854//854
f 780//780 854//854 781//781
f 781//781 854//854 855//855
f 781//781 855//855 782//782
f 782//782 855//855 856//856
f 782//782 856//856 783//783
f 783//783 856//856 857//857
f 783//783 857//857 784//784
f 784//784 857//857 858//858
f 784//784 858//858 785//785
f 785//785 858//858 859//859
f 785//785 859//859 786//786
f 786//786 859//859 860//860
f 786//786 860//860 787//787
f 787//787 860//860 861//861
f 787//787 861//861 788//788
f 788//788 861//861 862//862
f 788//788 862//862 789//789
f 789//789 862//862 863//863
f 789//789 863//863 790//790
f 790//790 863//863 864//864
f 790//790 864//864 791//791
f 791//791 864//864 865//865
f 791//791 865//865 792//792
f 792//792 865//865 866//866
f 792//792 866//866 793//793
f 793//793 866//866 867//867
f 793//793 867//867 794//794
f 794//794 867//867 868//868
f 794//794 868//868 795//795
f 795//795 868//868 869//869
f 795//795 869//869 796//796
f 796//796 869//869 870//870
f 796//796 870//870 797//797
f 797//797 870//870 871//871
f 797//797 871//871 798//798
f 798//798 871//871 872//872
f 798//798 872//872 799//799
f 799//799 872//872 873//873
f 799//799 873//873 800//800
f 800//800 873//873 874//874
f 800//800 874//874 801//801
f 801//801 874//874 875//875
f 801//801 875//875 802//802
f 802//802 875//875 876//876
f 802//802 876//876 803//803
f 804//804 877//877 878//878
f 804//804 878//878 805//805
f 805//805 878//878 879//879
f 805//805 879//879 806//806
f 806//806 879//879 880//880
f 806//806 880//880 807//807
f 807//807 880//880 881//881
f 807//807 881//881 808//808
f 808//808 881//881 882//882
f 808//808 882//882 809//809
f 809//809 882//882 883//883
f 809//809 883//883 810//810
f 810//810 883//883 884//884
f 810//810 884//884 811//811
f 811//811 884//884 885//885
f 811//811 885//885 812//812
f 812//812 885//885 886//886
f 812//812 886//886 813//813
f 813//813 886//886 887//887
f 813//813 887//887 814//814
f 814//814 887//887 888//888
f 814//814 888//888 815//815
f 815//815 888//888 889//889
f 815//815 889//889 816//816
f 816//816 889//889 890//890
f 816//816 890//890 817//817
f 817//817 890//890 891//891
f 817//817 891//891 818//818
f 818//818 891//891 892//892
f 818//818 892//892 819//819
f 819//819 892//892 893//893
f 819//819 893//893 820//820
f 820//820 893//893 894//894
f 820//820 894//894 821//821
f 821//821 894//894 895//895
f 821//821 895//895 822//822
f 822//822 895//895 896//896
f 822//822 896//896 823//823
f 823//823 896//896 897//897
f 823//823 897//897 824//824
f 824//824 897//897 898//898
f 824//824 898//898 825//825
f 825//825 898//898 899//899
f 825//825 899//899 826//826
f 826//826 899//899 900//900
f 826//826 900//900 827//827
f 827//827 900//900 901//901
f 827//827 901//901 828//828
f 828//828 901//901 902//902
f 828//828 902//902 829//829
f 829//829 902//902 903//903
f 829//829 903//903 830//830
f 830//830 903//903 904//904
f 830//830 904//904 831//831
f 831//831 904//904 905//905
f 831//831 905//905 832//832
f 832//832 905//905 906//906
f 832//832 906//906 833//833
f 833//833 906//906 907//907
f 833//833 907//907 834//834
f 834//834 907//907 908//908
f 834//834 908//908 835//835
f 835//835 908//908 909//909
f 835//835 909//909 836//836
f 836//836 909//909 910//910
f 836//836 910//910 837//837
f 837//837 910//910 911//911
f 837//837 911//911 838//838
f 838//838 911//911 912//912
f 838//838 912//912 839//839
f 839//839 912//912 913//913
f 839//839 913//913 840//840
f 840//840 913//913 914//914
f 840//840 914//914 841//841
f 841//841 914//914 915//915
f 841//841 915//915 842//842
f 842//842 915//915 916//916
f 842//842 916//916 843//843
f 843//843 916//916 917//917
f 843//843 917//917 844//844
f 844//844 917//917 918//918
f 844//844 918//918 845//845
f 845//845 918//918 919//919
f 845//845 919//919 846//846
f 846//846 919//919 920//920
f 846//846 920//920 847//847
f 847//847 920//920 921//921
f 847//847 921//921 848//848
f 848//848 921//921 922//922
f 848//848 922//922 849//849
f 849//849 922//922 923//923
f 849//849 923//923 850//850
f 850//850 923//923 924//924
f 850//850 924//924 851//851
f 851//851 924//924 925//925
f 851//851 925//925 852//852
f 852//852 925//925 926//926
f 852//852 926//926 853//853
f 853//853 926//926 927//927
f 853//853 927//927 854//854
f 854//854 927//927 928//928
f 854//854 928//928 855//855
f 855//855 928//928 929//929
f 855//855 929//929 856//856
f 856//856 929//929 930//930
f 856//856 930//930 857//857
f 857//857 930//930 931//931
f 857//857 931//931 858//858
f 858//858 931//931 932//932
f 858//858 932//932 859//859
f 859//859 932//932 933//933
f 859//859 933//933 860//860
f 860//860 933//933 934//934
f 860//860 934//934 861//861
f 861//861 934//934 935//935
f 861//861 935//935 862//862
f 862//862 935//935 936//936
f 862//862 936//936 863//863
f 863//863 936//936 937//937
f 863//863 937//937 864//864
f 864//864 937//937 938//938
f 864//864 938//938 865//865
f 865//865 938//938 939//939
f 865//865 939//939 866//866
f 866//866 939//939 940//940
f 866//866 940//940 867//867
f 867//867 940//940 941//941
f 867//867 941//941 868//868
f 868//868 941//941 942//942
f 868//868 942//942 869//869
f 869//869 942//942 943//943
f 869//869 943//943 870//870
f 870//870 943//943 944//944
f 870//870 944//944 871//871
f 871//871 944//944 945//945
f 871//871 945//945 872//872
f 872//872 945//945 946//946
f 872//872 946//946 873//873
f 873//873 946//946 947//947
f 873//873 947//947 874//874
f 874//874 947//947 948//948
f 874//874 948//948 875//875
f 875//875 948//948 949//949
f 875//875 949//949 876//876
f 877//877 950//950 951//951
f 877//877 951//951 878//878
f 878//878 951//951 952//952
f 878//878 952//952 879//879
f 879//879 952//952 953//953
f 879//879 953//953 880//880
f 880//880 953//953 954//954
f 880//880 954//954 881//881
f 881//881 954//954 955//955
f 881//881 955//955 882//882
f 882//882 955//955 956//956
f 882//882 956//956 883//883
f 883//883 956//956 957//957
f 883//883 957//957 884//884
f 884//884 957//957 958//958
f 884//884 958//958 885//885
f 885//885 958//958 959//959
f 885//885 959//959 886//886
f 886//886 959//959 960//960
f 886//886 960//960 887//887
f 887//887 960//960 961//961
f 887//887 961//961 888//888
f 888//888 961//961 962//962
f 888//888 962//962 889//889
f 889//889 962//962 963//963
f 889//889 963//963 890//890
f 890//890 963//963 964//964
f 890//890 964//964 891//891
f 891//891 964//964 965//965
f 891//891 965//965 892//892
f 892//892 965//965 966//966
f 892//892 966//966 893//893
f 893//893 966//966 967//967
f 893//893 967//967 894//894
f 894//894 967//967 968//968
f 894//894 968//968 895//895
f 895//895 968//968 969//969
f 895//895 969//969 896//896
f 896//896 969//969 970//970
f 896//896 970//970 897//897
f 897//897 970//970 971//971
f 897//897 971//971 898//898
f 898//898 971//971 972//972
f 898//898 972//972 899//899
f 899//899 972//972 973//973
f 899//899 973//973 900//900
f 900//900 973//973 974//974
f 900//900 974//974 901//901
f 901//901 974//974 975//975
f 901//901 975//975 902//902
f 902//902 975//975 976//976
f 902//902 976//976 903//903
f 903//903 976//976 977//977
f 903//903 977//977 904//904
f 904//904 977//977 978//978
f 904//904 978//978 905//905
f 905//905 978//978 979//979
f 905//905 979//979 906//906
f 906//906 979//979 980//980
f 906//906 980//980 907//907
f 907//907 980//980 981//981
f 907//907 981//981 908//908
f 908//908 981//981 982//982
f 908//908 982//982 909//909
f 909//909 982//982 983//983
f 909//909 983//983 910//910
f 910//910 983//983 984//984
f 910//910 984//984 911//911
f 911//911 984//984 985//985
f 911//911 985//985 912//912
f 912//912 985//985 986//986
f 912//912 986//986 913//913
f 913//913 986//986 987//987
f 913//913 987//987 914//914
f 914//914 987//987 988//988
f 914//914 988//988 915//915
f 915//915 988//988 989//989
f 915//915 989//989 916//916
f 916//916 989//989 990//990
f 916//916 990//990 917//917
f 917//917 990//990 991//991
f 917//917 991//991 918//918
f 918//918 991//991 992//992
f 918//918 992//992 919//919
f 919//919 992//992 993//993
f 919//919 993//993 920//920
f 920//920 993//993 994//994
f 920//920 994//994 921//921
f 921//921 994//994 995//995
f 921//921 995//995 922//922
f 922//922 995//995 996//996
f 922//922 996//996 923//923
f 923//923 996//996 997//997
f 923//923 997//997 924//924
f 924//924 997//997 998//998
f 924//924 998//998 925//925
f 925//925 998//998 999//999
f 925//925 999//999 926//926
f 926//926 999//999 1000//1000
f 926//926 1000//1000 927//927
f 927//927 1000//1000 1001//1001
f 927//927 1001//1001 928//928
f 928//928 1001//1001 1002//1002
f 928//928 1002//1002 929//929
f 929//929 1002//1002 1003//1003
f 929//929 1003//1003 930//930
f 930//930 1003//1003 1004//1004
f 930//930 1004//1004 931//931
f 931//931 1004//1004 1005//1005
f 931//931 1005//1005 932//932
f 932//932 1005//1005 1006//1006
f 932//932 1006//1006 933//933
f 933//933 1006//1006 1007//1007
f 933//933 1007//1007 934//934
f 934//934 1007//1007 1008//1008
f 934//934 1008//1008 935//935
f 935//935 1008//1008 1009//1009
f 935//935 1009//1009 936//936
f 936//936 1009//1009 1010//1010
f 936//936 1010//1010 937//937
f 937//937 1010//1010 1011//1011
f 937//937 1011//1011 938//938
f 938//938 1011//1011 1012//1012
f 938//938 1012//1012 939//939
f 939//939 1012//1012 1013//1013
f 939//939 1013//1013 940//940
f 940//940 1013//1013 1014//1014
f 940//940 1014//1014 941//941
f 941//941 1014//1014 1015//1015
f 941//941 1015//1015 942//942
f 942//942 1015//1015 1016//1016
f 942//942 1016//1016 943//943
f 943//943 1016//1016 1017//1017
f 943//943 1017//1017 944//944
f 944//944 1017//1017 1018//1018
f 944//944 1018//1018 945//945
f 945//945 1018//1018 1019//1019
f 945//945 1019//1019 946//946
f 946//946 1019//1019 1020//1020
f 946//946 1020//1020 947//947
f 947//947 1020//1020 1021//1021
f 947//947 1021//1021 948//948
f 948//948 1021//1021 1022//1022
f 948//948 1022//1022 949//949
f 950//950 1023//1023 1024//1024
f 950//950 1024//1024 951//951
f 951//951 1024//1024 1025//1025
f 951//951 1025//1025 952//952
f 952//952 1025//1025 1026//1026
f 952//952 1026//1026 953//953
f 953//953 1026//1026 1027//1027
f 953//953 1027//1027 954//954
f 954//954 1027//1027 1028//1028
f 954//954 1028//1028 955//955
f 955//955 1028//1028 1029//1029
f 955//955 1029//1029 956//956
f 956//956 1029//1029 1030//1030
f 956//956 1030//1030 957//957
f 957//957 1030//1030 1031//1031
f 957//957 1031//1031 958//958
f 958//958 1031//1031 1032//1032
f 958//958 1032//1032 959//959
f 959//959 1032//1032 1033//1033
f 959//959 1033//1033 960//960
f 960//960 1033//1033 1034//1034
f 960//960 1034//1034 961//961
f 961//961 1034//1034 1035//1035
f 961//961 1035//1035 962//962
f 962//962 1035//1035 1036//1036
f 962//962 1036//1036 963//963
f 963//963 1036//1036 1037//1037
f 963//963 1037//1037 964//964
f 964//964 1037//1037 1038//1038
f 964//964 1038//1038 965//965
f 965//965 1038//1038 1039//1039
f 965//965 1039//1039 966//966
f 966//966 1039//1039 1040//1040
f 966//966 1040//1040 967//967
f 967//967 1040//1040 1041//1041
f 967//967 1041//1041 968//968
f 968//968 1041//1041 1042//1042
f 968//968 1042//1042 969//969
f 969//969 1042//1042 1043//1043
f 969//969 1043//1043 970//970
f 970//970 1043//1043 1044//1044
f 970//970 1044//1044 971//971
f 971//971 1044//1044 1045//1045
f 971//971 1045//1045 972//972
f 972//972 1045//1045 1046//1046
f 972//972 1046//1046 973//973
f 973//973 1046//1046 1047//1047
f 973//973 1047//1047 974//974
f 974//974 1047//1047 1048//1048
f 974//974 1048//1048 975//975
f 975//975 1048//1048 1049//1049
f 975//975 1049//1049 976//976
f 976//976 1049//1049 1050//1050
f 976//976 1050//1050 977//977
f 977//977 1050//1050 1051//1051
f 977//977 1051//1051 978//978
f 978//978 1051//1051 1052//1052
f 978//978 1052//1052 979//979
f 979//979 1052//1052 1053//1053
f 979//979 1053//1053 980//980
f 980//980 1053//1053 1054//1054
f 980//980 1054//1054 981//981
f 981//981 1054//1054 1055//1055
f 981//981 1055//1055 982//982
f 982//982 1055//1055 1056//1056
f 982//982 1056//1056 983//983
f 983//983 1056//1056 1057//1057
f 983//983 1057//1057 984//984
f 984//984 1057//1057 1058//1058
f 984//984 1058//1058 985//985
f 985//985 1058//1058 1059//1059
f 985//985 1059//1059 986//986
f 986//986 1059//1059 1060//1060
f 986//986 1060//1060 987//987
f 987//987 1060//1060 1061//1061
f 987//987 1061//1061 988//988
f 988//988 1061//1061 1062//1062
f 988//988 1062//1062 989//989
f 989//989 1062//1062 1063//1063
f 989//989 1063//1063 990//990
f 990//990 1063//1063 1064//1064
f 990//990 1064//1064 991//991
f 991//991 1064//1064 1065//1065
f 991//991 1065//1065 992//992
f 992//992 1065//1065 1066//1066
f 992//992 1066//1066 993//993
f 993//993 1066//1066 1067//1067
f 993//993 1067//1067 994//994
f 994//994 1067//1067 1068//1068
f 994//994 1068//1068 995//995
f 995//995 1068//1068 1069//1069
f 995//995 1069//1069 996//996
f 996//996 1069//1069 1070//1070
f 996//996 1070//1070 997//997
f 997//997 1070//1070 1071//1071
f 997//997 1071//1071 998//998
f 998//998 1071//1071 1072//1072
f 998//998 1072//1072 999//999
f 999//999 1072//1072 1073//1073
f 999//999 1073//1073 1000//1000
f 1000//1000 1073//1073 1074//1074
f 1000//1000 1074//1074 1001//1001
f 1001//1001 1074//1074 1075//1075
f 1001//1001 1075//1075 1002//1002
f 1002//1002 1075//1075 1076//1076
f 1002//1002 1076//1076 1003//1003
f 1003//1003 1076//1076 1077//1077
f 1003//1003 1077//1077 1004//1004
f 1004//1004 1077//1077 1078//1078
f 1004//1004 1078//1078 1005//1005
f 1005//1005 1078//1078 1079//1079
f 1005//1005 1079//1079 1006//1006
f 1006//1006 1079//1079 1080//1080
f 1006//1006 1080//1080 1007//1007
f 1007//1007 1080//1080 1081//1081
f 1007//1007 1081//1081 1008//1008
f 1008//1008 1081//1081 1082//1082
f 1008//1008 1082//1082 1009//1009
f 1009//1009 1082//1082 1083//1083
f 1009//1009 1083//1083 1010//1010
f 1010//1010 1083//1083 1084//1084
f 1010//1010 1084//1084 1011//1011
f 1011//1011 1084//1084 1085//1085
f 1011//1011 1085//1085 1012//1012
f 1012//1012 1085//1085 1086//1086
f 1012//1012 1086//1086 1013//1013
f 1013//1013 1086//1086 1087//1087
f 1013//1013 1087//1087 1014//1014
f 1014//1014 1087//1087 1088//1088
f 1014//1014 1088//1088 1015//1015
f 1015//1015 1088//1088 1089//1089
f 1015//1015 1089//1089 1016//1016
f 1016//1016 1089//1089 1090//1090
f 1016//1016 1090//1090 1017//1017
f 1017//1017 1090//1090 1091//1091
f 1017//1017 1091//1091 1018//1018
f 1018//1018 1091//1091 1092//1092
f 1018//1018 1092//1092 1019//1019
f 1019//1019 1092//1092 1093//1093
f 1019//1019 1093//1093 1020//1020
f 1020//1020 1093//1093 1094//1094
f 1020//1020 1094//1094 1021//1021
f 1021//1021 1094//1094 1095//1095
f 1021//1021 1095//1095 1022//1022
f 1023//1023 1096//1096 1097//1097
f 1023//1023 1097//1097 1024//1024
f 1024//1024 1097//1097 1098//1098
f 1024//1024 1098//1098 1025//1025
f 1025//1025 1098//1098 1099//1099
f 1025//1025 1099//1099 1026//1026
f 1026//1026 1099//1099 1100//1100
f 1026//1026 1100//1100 1027//1027
f 1027//1027 1100//1100 1101//1101
f 1027//1027 1101//1101 1028//1028
f 1028//1028 1101//1101 1102//1102
f 1028//1028 1102//1102 1029//1029
f 1029//1029 1102//1102 1103//1103
f 1029//1029 1103//1103 1030//1030
f 1030//1030 1103//1103 1104//1104
f 1030//1030 1104//1104 1031//1031
f 1031//1031 1104//1104 1105//1105
f 1031//1031 1105//1105 1032//1032
f 1032//1032 1105//1105 1106//1106
f 1032//1032 1106//1106 1033//1033
f 1033//1033 1106//1106 1107//1107
f 1033//1033 1107//1107 1034//1034
f 1034//1034 1107//1107 1108//1108
f 1034//1034 1108//1108 1035//1035
f 1035//1035 1108//1108 1109//1109
f 1035//1035 1109//1109 1036//1036
f 1036//1036 1109//1109 1110//1110
f 1036//1036 1110//1110 1037//1037
f 1037//1037 1110//1110 1111//1111
f 1037//1037 1111//1111 1038//1038
f 1038//1038 1111//1111 1112//1112
f 1038//1038 1112//1112 1039//1039
f 1039//1039 1112//1112 1113//1113
f 1039//1039 1113//1113 1040//1040
f 1040//1040 1113//1113 1114//1114
f 1040//1040 1114//1114 1041//1041
f 1041//1041 1114//1114 1115//1115
f 1041//1041 1115//1115 1042//1042
f 1042//1042 1115//1115 1116//1116
f 1042//1042 1116//1116 1043//1043
f 1043//1043 1116//1116 1117//1117
f 1043//1043 1117//1117 1044//1044
f 1044//1044 1117//1117 1118//1118
f 1044//1044 1118//1118 1045//1045
f 1045//1045 1118//1118 1119//1119
f 1045//1045 1119//1119 1046//1046
f 1046//1046 1119//1119 1120//1120
f 1046//1046 1120//1120 1047//1047
f 1047//1047 1120//1120 1121//1121
f 1047//1047 1121//1121 1048//1048
f 1048//1048 1121//1121 1122//1122
f 1048//1048 1122//1122 1049//1049
f 1049//1049 1122//1122 1123//1123
f 1049//1049 1123//1123 1050//1050
f 1050//1050 1123//1123 1124//1124
f 1050//1050 1124//1124 1051//1051
f 1051//1051 1124//1124 1125//1125
f 1051//1051 1125//1125 1052//1052
f 1052//1052 1125//1125 1126//1126
f 1052//1052 1126//1126 1053//1053
f 1053//1053 1126//1126 1127//1127
f 1053//1053 1127//1127 1054//1054
f 1054//1054 1127//1127 1128//1128
f 1054//1054 1128//1128 1055//1055
f 1055//1055 1128//1128 1129//1129
f 1055//1055 1129//1129 1056//1056
f 1056//1056 1129//1129 1130//1130
f 1056//1056 1130//1130 1057//1057
f 1057//1057 1130//1130 1131//1131
f 1057//1057 1131//1131 1058//1058
f 1058//1058 1131//1131 1132//1132
f 1058//1058 1132//1132 1059//1059
f 1059//1059 1132//1132 1133//1133
f 1059//1059 1133//1133 1060//1060
f 1060//1060 1133//1133 1134//1134
f 1060//1060 1134//1134 1061//1061
f 1061//1061 1134//1134 1135//1135
f 1061//1061 1135//1135 1062//1062
f 1062//1062 1135//1135 1136//1136
f 1062//1062 1136//1136 1063//1063
f 1063//1063 1136//1136 1137//1137
f 1063//1063 1137//1137 1064//1064
f 1064//1064 1137//1137 1138//1138
f 1064//1064 1138//1138 1065//1065
f 1065//1065 1138//1138 1139//1139
f 1065//1065 1139//1139 1066//1066
f 1066//1066 1139//1139 1140//1140
f 1066//1066 1140//1140 1067//1067
f 1067//1067 1140//1140 1141//1141
f 1067//1067 1141//1141 1068//1068
f 1068//1068 1141//1141 1142//1142
f 1068//1068 1142//1142 1069//1069
f 1069//1069 1142//1142 1143//1143
f 1069//1069 1143//1143 1070//1070
f 1070//1070 1143//1143 1144//1144
f 1070//1070 1144//1144 1071//1071
f 1071//1071 1144//1144 1145//1145
f 1071//1071 1145//1145 1072//1072
f 1072//1072 1145//1145 1146//1146
f 1072//1072 1146//1146 1073//1073
f 1073//1073 1146//1146 1147//1147
f 1073//1073 1147//1147 1074//1074
f 1074//1074 1147//1147 1148//1148
f 1074//1074 1148//1148 1075//1075
f 1075//1075 1148//1148 1149//1149
f 1075//1075 1149//1149 1076//1076
f 1076//1076 1149//1149 1150//1150
f 1076//1076 1150//1150 1077//1077
f 1077//1077 1150//1150 1151//1151
f 1077//1077 1151//1151 1078//1078
f 1078//1078 1151//1151 1152//1152
f 1078//1078 1152//1152 1079//1079
f 1079//1079 1152//1152 1153//1153
f 1079//1079 1153//1153 1080//1080
f 1080//1080 1153//1153 1154//1154
f 1080//1080 1154//1154 1081//1081
f 1081//1081 1154//1154 1155//1155
f 1081//1081 1155//1155 1082//1082
f 1082//1082 1155//1155 1156//1156
f 1082//1082 1156//1156 1083//1083
f 1083//1083 1156//1156 1157//1157
f 1083//1083 1157//1157 1084//1084
f 1084//1084 1157//1157 1158//1158
f 1084//1084 1158//1158 1085//1085
f 1085//1085 1158//1158 1159//1159
f 1085//1085 1159//1159 1086//1086
f 1086//1086 1159//1159 1160//1160
f 1086//1086 1160//1160 1087//1087
f 1087//1087 1160//1160 1161//1161
f 1087//1087 1161//1161 1088//1088
f 1088//1088 1161//1161 1162//1162
f 1088//1088 1162//1162 1089//1089
f 1089//1089 1162//1162 1163//1163
f 1089//1089 1163//1163 1090//1090
f 1090//1090 1163//1163 1164//1164
f 1090//1090 1164//1164 1091//1091
f 1091//1091 1164//1164 1165//1165
f 1091//1091 1165//1165 1092//1092
f 1092//1092 1165//1165 1166//1166
f 1092//1092 1166//1166 1093//1093
f 1093//1093 1166//1166 1167//1167
f 1093//1093 1167//1167 1094//1094
f 1094//1094 1167//1167 1168//1168
f 1094//1094 1168//1168 1095//1095
f 1096//1096 1169//1169 1170//1170
f 1096//1096 1170//1170 1097//1097
f 1097//1097 1170//1170 1171//1171
f 1097//1097 1171//1171 1098//1098
f 1098//1098 1171//1171 1172//1172
f 1098//1098 1172//1172 1099//1099
f 1099//1099 1172//1172 1173//1173
f 1099//1099 1173//1173 1100//1100
f 1100//1100 1173//1173 1174//1174
f 1100//1100 1174//1174 1101//1101
f 1101//1101 1174//1174 1175//1175
f 1101//1101 1175//1175 1102//1102
f 1102//1102 1175//1175 1176//1176
f 1102//1102 1176//1176 1103//1103
f 1103//1103 1176//1176 1177//1177
f 1103//1103 1177//1177 1104//1104
f 1104//1104 1177//1177 1178//1178
f 1104//1104 1178//1178 1105//1105
f 1105//1105 1178//1178 1179//1179
f 1105//1105 1179//1179 1106//1106
f 1106//1106 1179//1179 1180//1180
f 1106//1106 1180//1180 1107//1107
f 1107//1107 1180//1180 1181//1181
f 1107//1107 1181//1181 1108//1108
f 1108//1108 1181//1181 1182//1182
f 1108//1108 1182//1182 1109//1109
f 1109//1109 1182//1182 1183//1183
f 1109//1109 1183//1183 1110//1110
f 1110//1110 1183//1183 1184//1184
f 1110//1110 1184//1184 1111//1111
f 1111//1111 1184//1184 1185//1185
f 1111//1111 1185//1185 1112//1112
f 1112//1112 1185//1185 1186//1186
f 1112//1112 1186//1186 1113//1113
f 1113//1113 1186//1186 1187//1187
f 1113//1113 1187//1187 1114//1114
f 1114//1114 1187//1187 1188//1188
f 1114//1114 1188//1188 1115//1115
f 1115//1115 1188//1188 1189//1189
f 1115//1115 1189//1189 1116//1116
f 1116//1116 1189//1189 1190//1190
f 1116//1116 1190//1190 1117//1117
f 1117//1117 1190//1190 1191//1191
f 1117//1117 1191//1191 1118//1118
f 1118//1118 1191//1191 1192//1192
f 1118//1118 1192//1192 1119//1119
f 1119//1119 1192//1192 1193//1193
f 1119//1119 1193//1193 1120//1120
f 1120//1120 1193//1193 1194//1194
f 1120//1120 1194//1194 1121//1121
f 1121//1121 1194//1194 1195//1195
f 1121//1121 1195//1195 1122//1122
f 1122//1122 1195//1195 1196//1196
f 1122//1122 1196//1196 1123//1123
f 1123//1123 1196//1196 1197//1197
f 1123//1123 1197//1197 1124//1124
f 1124//1124 1197//1197 1198//1198
f 1124//1124 1198//1198 1125//1125
f 1125//1125 1198//1198 1199//1199
f 1125//1125 1199//1199 1126//1126
f 1126//1126 1199//1199 1200//1200
f 1126//1126 1200//1200 1127//1127
f 1127//1127 1200//1200 1201//1201
f 1127//1127 1201//1201 1128//1128
f 1128//1128 1201//1201 1202//1202
f 1128//1128 1202//1202 1129//1129
f 1129//1129 1202//1202 1203//1203
f 1129//1129 1203//1203 1130//1130
f 1130//1130 1203//1203 1204//1204
f 1130//1130 1204//1204 1131//1131
f 1131//1131 1204//1204 1205//1205
f 1131//1131 1205//1205 1132//1132
f 1132//1132 1205//1205 1206//1206
f 1132//1132 1206//1206 1133//1133
f 1133//1133 1206//1206 1207//1207
f 1133//1133 1207//1207 1134//1134
f 1134//1134 1207//1207 1208//1208
f 1134//1134 1208//1208 1135//1135
f 1135//1135 1208//1208 1209//1209
f 1135//1135 1209//1209 1136//1136
f 1136//1136 1209//1209 1210//1210
f 1136//1136 1210//1210 1137//1137
f 1137//1137 1210//1210 1211//1211
f 1137//1137 1211//1211 1138//1138
f 1138//1138 1211//1211 1212//1212
f 1138//1138 1212//1212 1139//1139
f 1139//1139 1212//1212 1213//1213
f 1139//1139 1213//1213 1140//1140
f 1140//1140 1213//1213 1214//1214
f 1140//1140 1214//1214 1141//1141
f 1141//1141 1214//1214 1215//1215
f 1141//1141 1215//1215 1142//1142
f 1142//1142 1215//1215 1216//1216
f 1142//1142 1216//1216 1143//1143
f 1143//1143 1216//1216 1217//1217
f 1143//1143 1217//1217 1144//1144
f 1144//1144 1217//1217 1218//1218
f 1144//1144 1218//1218 1145//1145
f 1145//1145 1218//1218 1219//1219
f 1145//1145 1219//1219 1146//1146
f 1146//1146 1219//1219 1220//1220
f 1146//1146 1220//1220 1147//1147
f 1147//1147 1220//1220 1221//1221
f 1147//1147 1221//1221 1148//1148
f 1148//1148 1221//1221 1222//1222
f 1148//1148 1222//1222 1149//1149
f 1149//1149 1222//1222 1223//1223
f 1149//1149 1223//1223 1150//1150
f 1150//1150 1223//1223 1224//1224
f 1150//1150 1224//1224 1151//1151
f 1151//1151 1224//1224 1225//1225
f 1151//1151 1225//1225 1152//1152
f 1152//1152 1225//1225 1226//1226
f 1152//1152 1226//1226 1153//1153
f 1153//1153 1226//1226 1227//1227
f 1153//1153 1227//1227 1154//1154
f 1154//1154 1227//1227 1228//1228
f 1154//1154 1228//1228 1155//1155
f 1155//1155 1228//1228 1229//1229
f 1155//1155 1229//1229 1156//1156
f 1156//1156 1229//1229 1230//1230
f 1156//1156 1230//1230 1157//1157
f 1157//1157 1230//1230 1231//1231
f 1157//1157 1231//1231 1158//1158
f 1158//1158 1231//1231 1232//1232
f 1158//1158 1232//1232 1159//1159
f 1159//1159 1232//1232 1233//1233
f 1159//1159 1233//1233 1160//1160
f 1160//1160 1233//1233 1234//1234
f 1160//1160 1234//1234 1161//1161
f 1161//1161 1234//1234 1235//1235
f 1161//1161 1235//1235 1162//1162
f 1162//1162 1235//1235 1236//1236
f 1162//1162 1236//1236 1163//1163
f 1163//1163 1236//1236 1237//1237
f 1163//1163 1237//1237 1164//1164
f 1164//1164 1237//1237 1238//1238
f 1164//1164 1238//1238 1165//1165
f 1165//1165 1238//1238 1239//1239
f 1165//1165 1239//1239 1166//1166
f 1166//1166 1239//1239 1240//1240
f 1166//1166 1240//1240 1167//1167
f 1167//1167 1240//1240 1241//1241
f 1167//1167 1241//1241 1168//1168
f 1169//1169 1242//1242 1243//1243
f 1169//1169 1243//1243 1170//1170
f 1170//1170 1243//1243 1244//1244
f 1170//1170 1244//1244 1171//1171
f 1171//1171 1244//1244 1245//1245
f 1171//1171 1245//1245 1172//1172
f 1172//1172 1245//1245 1246//1246
f 1172//1172 1246//1246 1173//1173
f 1173//1173 1246//1246 1247//1247
f 1173//1173 1247//1247 1174//1174
f 1174//1174 1247//1247 1248//1248
f 1174//1174 1248//1248 1175//1175
f 1175//1175 1248//1248 1249//1249
f 1175//1175 1249//1249 1176//1176
f 1176//1176 1249//1249 1250//1250
f 1176//1176 1250//1250 1177//1177
f 1177//1177 1250//1250 1251//1251
f 1177//1177 1251//1251 1178//1178
f 1178//1178 1251//1251 1252//1252
f 1178//1178 1252//1252 1179//1179
f 1179//1179 1252//1252 1253//1253
f 1179//1179 1253//1253 1180//1180
f 1180//1180 1253//1253 1254//1254
f 1180//1180 1254//1254 1181//1181
f 1181//1181 1254//1254 1255//1255
f 1181//1181 1255//1255 1182//1182
f 1182//1182 1255//1255 1256//1256
f 1182//1182 1256//1256 1183//1183
f 1183//1183 1256//1256 1257//1257
f 1183//1183 1257//1257 1184//1184
f 1184//1184 1257//1257 1258//1258
f 1184//1184 1258//1258 1185//1185
f 1185//1185 1258//1258 1259//1259
f 1185//1185 1259//1259 1186//1186
f 1186//1186 1259//1259 1260//1260
f 1186//1186 1260//1260 1187//1187
f 1187//1187 1260//1260 1261//1261
f 1187//1187 1261//1261 1188//1188
f 1188//1188 1261//1261 1262//1262
f 1188//1188 1262//1262 1189//1189
f 1189//1189 1262//1262 1263//1263
f 1189//1189 1263//1263 1190//1190
f 1190//1190 1263//1263 1264//1264
f 1190//1190 1264//1264 1191//1191
f 1191//1191 1264//1264 1265//1265
f 1191//1191 1265//1265 1192//1192
f 1192//1192 1265//1265 1266//1266
f 1192//1192 1266//1266 1193//1193
f 1193//1193 1266//1266 1267//1267
f 1193//1193 1267//1267 1194//1194
f 1194//1194 1267//1267 1268//1268
f 1194//1194 1268//1268 1195//1195
f 1195//1195 1268//1268 1269//1269
f 1195//1195 1269//1269 1196//1196
f 1196//1196 1269//1269 1270//1270
f 1196//1196 1270//1270 1197//1197
f 1197//1197 1270//1270 1271//1271
f 1197//1197 1271//1271 1198//1198
f 1198//1198 1271//1271 1272//1272
f 1198//1198 1272//1272 1199//1199
f 1199//1199 1272//1272 1273//1273
f 1199//1199 1273//1273 1200//1200
f 1200//1200 1273//1273 1274//1274
f 1200//1200 1274//1274 1201//1201
f 1201//1201 1274//1274 1275//1275
f 1201//1201 1275//1275 1202//1202
f 1202//1202 1275//1275 1276//1276
f 1202//1202 1276//1276 1203//1203
f 1203//1203 1276//1276 1277//1277
f 1203//1203 1277//1277 1204//1204
f 1204//1204 1277//1277 1278//1278
f 1204//1204 1278//1278 1205//1205
f 1205//1205 1278//1278 1279//1279
f 1205//1205 1279//1279 1206//1206
f 1206//1206 1279//1279 1280//1280
f 1206//1206 1280//1280 1207//1207
f 1207//1207 1280//1280 1281//1281
f 1207//1207 1281//1281 1208//1208
f 1208//1208 1281//1281 1282//1282
f 1208//1208 1282//1282 1209//1209
f 1209//1209 1282//1282 1283//1283
f 1209//1209 1283//1283 1210//1210
f 1210//1210 1283//1283 1284//1284
f 1210//1210 1284//1284 1211//1211
f 1211//1211 1284//1284 1285//1285
f 1211//1211 1285//1285 1212//1212
f 1212//1212 1285//1285 1286//1286
f 1212//1212 1286//1286 1213//1213
f 1213//1213 1286//1286 1287//1287
f 1213//1213 1287//1287 1214//1214
f 1214//1214 1287//1287 1288//1288
f 1214//1214 1288//1288 1215//1215
f 1215//1215 1288//1288 1289//1289
f 1215//1215 1289//1289 1216//1216
f 1216//1216 1289//1289 1290//1290
f 1216//1216 1290//1290 1217//1217
f 1217//1217 1290//1290 1291//1291
f 1217//1217 1291//1291 1218//1218
f 1218//1218 1291//1291 1292//1292
f 1218//1218 1292//1292 1219//1219
f 1219//1219 1292//1292 1293//1293
f 1219//1219 1293//1293 1220//1220
f 1220//1220 1293//1293 1294//1294
f 1220//1220 1294//1294 1221//1221
f 1221//1221 1294//1294 1295//1295
f 1221//1221 1295//1295 1222//1222
f 1222//1222 1295//1295 1296//1296
f 1222//1222 1296//1296 1223//1223
f 1223//1223 1296//1296 1297//1297
f 1223//1223 1297//1297 1224//1224
f 1224//1224 1297//1297 1298//1298
f 1224//1224 1298//1298 1225//1225
f 1225//1225 1298//1298 1299//1299
f 1225//1225 1299//1299 1226//1226
f 1226//1226 1299//1299 1300//1300
f 1226//1226 1300//1300 1227//1227
f 1227//1227 1300//1300 1301//1301
f 1227//1227 1301//1301 1228//1228
f 1228//1228 1301//1301 1302//1302
f 1228//1228 1302//1302 1229//1229
f 1229//1229 1302//1302 1303//1303
f 1229//1229 1303//1303 1230//1230
f 1230//1230 1303//1303 1304//1304
f 1230//1230 1304//1304 1231//1231
f 1231//1231 1304//1304 1305//1305
f 1231//1231 1305//1305 1232//1232
f 1232//1232 1305//1305 1306//1306
f 1232//1232 1306//1306 1233//1233
f 1233//1233 1306//1306 1307//1307
f 1233//1233 1307//1307 1234//1234
f 1234//1234 1307//1307 1308//1308
f 1234//1234 1308//1308 1235//1235
f 1235//1235 1308//1308 1309//1309
f 1235//1235 1309//1309 1236//1236
f 1236//1236 1309//1309 1310//1310
f 1236//1236 1310//1310 1237//1237
f 1237//1237 1310//1310 1311//1311
f 1237//1237 1311//1311 1238//1238
f 1238//1238 1311//1311 1312//1312
f 1238//1238 1312//1312 1239//1239
f 1239//1239 1312//1312 1313//1313
f 1239//1239 1313//1313 1240//1240
f 1240//1240 1313//1313 1314//1314
f 1240//1240 1314//1314 1241//1241
f 1242//1242 1315//1315 1316//1316
f 1242//1242 1316//1316 1243//1243
f 1243//1243 1316//1316 1317//1317
f 1243//1243 1317//1317 1244//1244
f 1244//1244 1317//1317 1318//1318
f 1244//1244 1318//1318 1245//1245
f 1245//1245 1318//1318 1319//1319
f 1245//1245 1319//1319 1246//1246
f 1246//1246 1319//1319 1320//1320
f 1246//1246 1320//1320 1247//1247
f 1247//1247 1320//1320 1321//1321
f 1247//1247 1321//1321 1248//1248
f 1248//1248 1321//1321 1322//1322
f 1248//1248 1322//1322 1249//1249
f 1249//1249 1322//1322 1323//1323
f 1249//1249 1323//1323 1250//1250
f 1250//1250 1323//1323 1324//1324
f 1250//1250 1324//1324 1251//1251
f 1251//1251 1324//1324 1325//1325
f 1251//1251 1325//1325 1252//1252
f 1252//1252 1325//1325 1326//1326
f 1252//1252 1326//1326 1253//1253
f 1253//1253 1326//1326 1327//1327
f 1253//1253 1327//1327 1254//1254
f 1254//1254 1327//1327 1328//1328
f 1254//1254 1328//1328 1255//1255
f 1255//1255 1328//1328 1329//1329
f 1255//1255 1329//1329 1256//1256
f 1256//1256 1329//1329 1330//1330
f 1256//1256 1330//1330 1257//1257
f 1257//1257 1330//1330 1331//1331
f 1257//1257 1331//1331 1258//1258
f 1258//1258 1331//1331 1332//1332
f 1258//1258 1332//1332 1259//1259
f 1259//1259 1332//1332 1333//1333
f 1259//1259 1333//1333 1260//1260
f 1260//1260 1333//1333 1334//1334
f 1260//1260 1334//1334 1261//1261
f 1261//1261 1334//1334 1335//1335
f 1261//1261 1335//1335 1262//1262
f 1262//1262 1335//1335 1336//1336
f 1262//1262 1336//1336 1263//1263
f 1263//1263 1336//1336 1337//1337
f 1263//1263 1337//1337 1264//1264
f 1264//1264 1337//1337 1338//1338
f 1264//1264 1338//1338 1265//1265
f 1265//1265 1338//1338 1339//1339
f 1265//1265 1339//1339 1266//1266
f 1266//1266 1339//1339 1340//1340
f 1266//1266 1340//1340 1267//1267
f 1267//1267 1340//1340 1341//1341
f 1267//1267 1341//1341 1268//1268
f 1268//1268 1341//1341 1342//1342
f 1268//1268 1342//1342 1269//1269
f 1269//1269 1342//1342 1343//1343
f 1269//1269 1343//1343 1270//1270
f 1270//1270 1343//1343 1344//1344
f 1270//1270 1344//1344 1271//1271
f 1271//1271 1344//1344 1345//1345
f 1271//1271 1345//1345 1272//1272
f 1272//1272 1345//1345 1346//1346
f 1272//1272 1346//1346 1273//1273
f 1273//1273 1346//1346 1347//1347
f 1273//1273 1347//1347 1274//1274
f 1274//1274 1347//1347 1348//1348
f 1274//1274 1348//1348 1275//1275
f 1275//1275 1348//1348 1349//1349
f 1275//1275 1349//1349 1276//1276
f 1276//1276 1349//1349 1350//1350
f 1276//1276 1350//1350 1277//1277
f 1277//1277 1350//1350 1351//1351
f 1277//1277 1351//1351 1278//1278
f 1278//1278 1351//1351 1352//1352
f 1278//1278 1352//1352 1279//1279
f 1279//1279 1352//1352 1353//1353
f 1279//1279 1353//1353 1280//1280
f 1280//1280 1353//1353 1354//1354
f 1280//1280 1354//1354 1281//1281
f 1281//1281 1354//1354 1355//1355
f 1281//1281 1355//1355 1282//1282
f 1282//1282 1355//1355 1356//1356
f 1282//1282 1356//1356 1283//1283
f 1283//1283 1356//1356 1357//1357
f 1283//1283 1357//1357 1284//1284
f 1284//1284 1357//1357 1358//1358
f 1284//1284 1358//1358 1285//1285
f 1285//1285 1358//1358 1359//1359
f 1285//1285 1359//1359 1286//1286
f 1286//1286 1359//1359 1360//1360
f 1286//1286 1360//1360 1287//1287
f 1287//1287 1360//1360 1361//1361
f 1287//1287 1361//1361 1288//1288
f 1288//1288 1361//1361 1362//1362
f 1288//1288 1362//1362 1289//1289
f 1289//1289 1362//1362 1363//1363
f 1289//1289 1363//1363 1290//1290
f 1290//1290 1363//1363 1364//1364
f 1290//1290 1364//1364 1291//1291
f 1291//1291 1364//1364 1365//1365
f 1291//1291 1365//1365 1292//1292
f 1292//1292 1365//1365 1366//1366
f 1292//1292 1366//1366 1293//1293
f 1293//1293 1366//1366 1367//1367
f 1293//1293 1367//1367 1294//1294
f 1294//1294 1367//1367 1368//1368
f 1294//1294 1368//1368 1295//1295
f 1295//1295 1368//1368 1369//1369
f 1295//1295 1369//1369 1296//1296
f 1296//1296 1369//1369 1370//1370
f 1296//1296 1370//1370 1297//1297
f 1297//1297 1370//1370 1371//1371
f 1297//1297 1371//1371 1298//1298
f 1298//1298 1371//1371 1372//1372
f 1298//1298 1372//1372 1299//1299
f 1299//1299 1372//1372 1373//1373
f 1299//1299 1373//1373 1300//1300
f 1300//1300 1373//1373 1374//1374
f 1300//1300 1374//1374 1301//1301
f 1301//1301 1374//1374 1375//1375
f 1301//1301 1375//1375 1302//1302
f 1302//1302 1375//1375 1376//1376
f 1302//1302 1376//1376 1303//1303
f 1303//1303 1376//1376 1377//1377
f 1303//1303 1377//1377 1304//1304
f 1304//1304 1377//1377 1378//1378
f 1304//1304 1378//1378 1305//1305
f 1305//1305 1378//1378 1379//1379
f 1305//1305 1379//1379 1306//1306
f 1306//1306 1379//1379 1380//1380
f 1306//1306 1380//1380 1307//1307
f 1307//1307 1380//1380 1381//1381
f 1307//1307 1381//1381 1308//1308
f 1308//1308 1381//1381 1382//1382
f 1308//1308 1382//1382 1309//1309
f 1309//1309 1382//1382 1383//1383
f 1309//1309 1383//1383 1310//1310
f 1310//1310 1383//1383 1384//1384
f 1310//1310 1384//1384 1311//1311
f 1311//1311 1384//1384 1385//1385
f 1311//1311 1385//1385 1312//1312
f 1312//1312 1385//1385 1386//1386
f 1312//1312 1386//1386 1313//1313
f 1313//1313 1386//1386 1387//1387
f 1313//1313 1387//1387 1314//1314
f 1315//1315 1388//1388 1389//1389
f 1315//1315 1389//1389 1316//1316
f 1316//1316 1389//1389 1390//1390
f 1316//1316 1390//1390 1317//1317
f 1317//1317 1390//1390 1391//1391
f 1317//1317 1391//1391 1318//1318
f 1318//1318 1391//1391 1392//1392
f 1318//1318 1392//1392 1319//1319
f 1319//1319 1392//1392 1393//1393
f 1319//1319 1393//1393 1320//1320
f 1320//1320 1393//1393 1394//1394
f 1320//1320 1394//1394 1321//1321
f 1321//1321 1394//1394 1395//1395
f 1321//1321 1395//1395 1322//1322
f 1322//1322 1395//1395 1396//1396
f 1322//1322 1396//1396 1323//1323
f 1323//1323 1396//1396 1397//1397
f 1323//1323 1397//1397 1324//1324
f 1324//1324 1397//1397 1398//1398
f 1324//1324 1398//1398 1325//1325
f 1325//1325 1398//1398 1399//1399
f 1325//1325 1399//1399 1326//1326
f 1326//1326 1399//1399 1400//1400
f 1326//1326 1400//1400 1327//1327
f 1327//1327 1400//1400 1401//1401
f 1327//1327 1401//1401 1328//1328
f 1328//1328 1401//1401 1402//1402
f 1328//1328 1402//1402 1329//1329
f 1329//1329 1402//1402 1403//1403
f 1329//1329 1403//1403 1330//1330
f 1330//1330 1403//1403 1404//1404
f 1330//1330 1404//1404 1331//1331
f 1331//1331 1404//1404 1405//1405
f 1331//1331 1405//1405 1332//1332
f 1332//1332 1405//1405 1406//1406
f 1332//1332 1406//1406 1333//1333
f 1333//1333 1406//1406 1407//1407
f 1333//1333 1407//1407 1334//1334
f 1334//1334 1407//1407 1408//1408
f 1334//1334 1408//1408 1335//1335
f 1335//1335 1408//1408 1409//1409
f 1335//1335 1409//1409 1336//1336
f 1336//1336 1409//1409 1410//1410
f 1336//1336 1410//1410 1337//1337
f 1337//1337 1410//1410 1411//1411
f 1337//1337 1411//1411 1338//1338
f 1338//1338 1411//1411 1412//1412
f 1338//1338 1412//1412 1339//1339
f 1339//1339 1412//1412 1413//1413
f 1339//1339 1413//1413 1340//1340
f 1340//1340 1413//1413 1414//1414
f 1340//1340 1414//1414 1341//1341
f 1341//1341 1414//1414 1415//1415
f 1341//1341 1415//1415 1342//1342
f 1342//1342 1415//1415 1416//1416
f 1342//1342 1416//1416 1343//1343
f 1343//1343 1416//1416 1417//1417
f 1343//1343 1417//1417 1344//1344
f 1344//1344 1417//1417 1418//1418
f 1344//1344 1418//1418 1345//1345
f 1345//1345 1418//1418 1419//1419
f 1345//1345 1419//1419 1346//1346
f 1346//1346 1419//1419 1420//1420
f 1346//1346 1420//1420 1347//1347
f 1347//1347 1420//1420 1421//1421
f 1347//1347 1421//1421 1348//1348
f 1348//1348 1421//1421 1422//1422
f 1348//1348 1422//1422 1349//1349
f 1349//1349 1422//1422 1423//1423
f 1349//1349 1423//1423 1350//1350
f 1350//1350 1423//1423 1424//1424
f 1350//1350 1424//1424 1351//1351
f 1351//1351 1424//1424 1425//1425
f 1351//1351 1425//1425 1352//1352
f 1352//1352 1425//1425 1426//1426
f 1352//1352 1426//1426 1353//1353
f 1353//1353 1426//1426 1427//1427
f 1353//1353 1427//1427 1354//1354
f 1354//1354 1427//1427 1428//1428
f 1354//1354 1428//1428 1355//1355
f 1355//1355 1428//1428 1429//1429
f 1355//1355 1429//1429 1356//1356
f 1356//1356 1429//1429 1430//1430
f 1356//1356 1430//1430 1357//1357
f 1357//1357 1430//1430 1431//1431
f 1357//1357 1431//1431 1358//1358
f 1358//1358 1431//1431 1432//1432
f 1358//1358 1432//1432 1359//1359
f 1359//1359 1432//1432 1433//1433
f 1359//1359 1433//1433 1360//1360
f 1360//1360 1433//1433 1434//1434
f 1360//1360 1434//1434 1361//1361
f 1361//1361 1434//1434 1435//1435
f 1361//1361 1435//1435 1362//1362
f 1362//1362 1435//1435 1436//1436
f 1362//1362 1436//1436 1363//1363
f 1363//1363 1436//1436 1437//1437
f 1363//1363 1437//1437 1364//1364
f 1364//1364 1437//1437 1438//1438
f 1364//1364 1438//1438 1365//1365
f 1365//1365 1438//1438 1439//1439
f 1365//1365 1439//1439 1366//1366
f 1366//1366 1439//1439 1440//1440
f 1366//1366 1440//1440 1367//1367
f 1367//1367 1440//1440 1441//1441
f 1367//1367 1441//1441 1368//1368
f 1368//1368 1441//1441 1442//1442
f 1368//1368 1442//1442 1369//1369
f 1369//1369 1442//1442 1443//1443
f 1369//1369 1443//1443 1370//1370
f 1370//1370 1443//1443 1444//1444
f 1370//1370 1444//1444 1371//1371
f 1371//1371 1444//1444 1445//1445
f 1371//1371 1445//1445 1372//1372
f 1372//1372 1445//1445 1446//1446
f 1372//1372 1446//1446 1373//1373
f 1373//1373 1446//1446 1447//1447
f 1373//1373 1447//1447 1374//1374
f 1374//1374 1447//1447 1448//1448
f 1374//1374 1448//1448 1375//1375
f 1375//1375 1448//1448 1449//1449
f 1375//1375 1449//1449 1376//1376
f 1376//1376 1449//1449 1450//1450
f 1376//1376 1450//1450 1377//1377
f 1377//1377 1450//1450 1451//1451
f 1377//1377 1451//1451 1378//1378
f 1378//1378 1451//1451 1452//1452
f 1378//1378 1452//1452 1379//1379
f 1379//1379 1452//1452 1453//1453
f 1379//1379 1453//1453 1380//1380
f 1380//1380 1453//1453 1454//1454
f 1380//1380 1454//1454 1381//1381
f 1381//1381 1454//1454 1455//1455
f 1381//1381 1455//1455 1382//1382
f 1382//1382 1455//1455 1456//1456
f 1382//1382 1456//1456 1383//1383
f 1383//1383 1456//1456 1457//1457
f 1383//1383 1457//1457 1384//1384
f 1384//1384 1457//1457 1458//1458
f 1384//1384 1458//1458 1385//1385
f 1385//1385 1458//1458 1459//1459
f 1385//1385 1459//1459 1386//1386
f 1386//1386 1459//1459 1460//1460
f 1386//1386 1460//1460 1387//1387
f 1388//1388 1461//1461 1462//1462
f 1388//1388 1462//1462 1389//1389
f 1389//1389 1462//1462 1463//1463
f 1389//1389 1463//1463 1390//1390
f 1390//1390 1463//1463 1464//1464
f 1390//1390 1464//1464 1391//1391
f 1391//1391 1464//1464 1465//1465
f 1391//1391 1465//1465 1392//1392
f 1392//1392 1465//1465 1466//1466
f 1392//1392 1466//1466 1393//1393
f 1393//1393 1466//1466 1467//1467
f 1393//1393 1467//1467 1394//1394
f 1394//1394 1467//1467 1468//1468
f 1394//1394 1468//1468 1395//1395
f 1395//1395 1468//1468 1469//1469
f 1395//1395 1469//1469 1396//1396
f 1396//1396 1469//1469 1470//1470
f 1396//1396 1470//1470 1397//1397
f 1397//1397 1470//1470 1471//1471
f 1397//1397 1471//1471 1398//1398
f 1398//1398 1471//1471 1472//1472
f 1398//1398 1472//1472 1399//1399
f 1399//1399 1472//1472 1473//1473
f 1399//1399 1473//1473 1400//1400
f 1400//1400 1473//1473 1474//1474
f 1400//1400 1474//1474 1401//1401
f 1401//1401 1474//1474 1475//1475
f 1401//1401 1475//1475 1402//1402
f 1402//1402 1475//1475 1476//1476
f 1402//1402 1476//1476 1403//1403
f 1403//1403 1476//1476 1477//1477
f 1403//1403 1477//1477 1404//1404
f 1404//1404 1477//1477 1478//1478
f 1404//1404 1478//1478 1405//1405
f 1405//1405 1478//1478 1479//1479
f 1405//1405 1479//1479 1406//1406
f 1406//1406 1479//1479 1480//1480
f 1406//1406 1480//1480 1407//1407
f 1407//1407 1480//1480 1481//1481
f 1407//1407 1481//1481 1408//1408
f 1408//1408 1481//1481 1482//1482
f 1408//1408 1482//1482 1409//1409
f 1409//1409 1482//1482 1483//1483
f 1409//1409 1483//1483 1410//1410
f 1410//1410 1483//1483 1484//1484
f 1410//1410 1484//1484 1411//1411
f 1411//1411 1484//1484 1485//1485
f 1411//1411 1485//1485 1412//1412
f 1412//1412 1485//1485 1486//1486
f 1412//1412 1486//1486 1413//1413
f 1413//1413 1486//1486 1487//1487
f 1413//1413 1487//1487 1414//1414
f 1414//1414 1487//1487 1488//1488
f 1414//1414 1488//1488 1415//1415
f 1415//1415 1488//1488 1489//1489
f 1415//1415 1489//1489 1416//1416
f 1416//1416 1489//1489 1490//1490
f 1416//1416 1490//1490 1417//1417
f 1417//1417 1490//1490 1491//1491
f 1417//1417 1491//1491 1418//1418
f 1418//1418 1491//1491 1492//1492
f 1418//1418 1492//1492 1419//1419
f 1419//1419 1492//1492 1493//1493
f 1419//1419 1493//1493 1420//1420
f 1420//1420 1493//1493 1494//1494
f 1420//1420 1494//1494 1421//1421
f 1421//1421 1494//1494 1495//1495
f 1421//1421 1495//1495 1422//1422
f 1422//1422 1495//1495 1496//1496
f 1422//1422 1496//1496 1423//1423
f 1423//1423 1496//1496 1497//1497
f 1423//1423 1497//1497 1424//1424
f 1424//1424 1497//1497 1498//1498
f 1424//1424 1498//1498 1425//1425
f 1425//1425 1498//1498 1499//1499
f 1425//1425 1499//1499 1426//1426
f 1426//1426 1499//1499 1500//1500
f 1426//1426 1500//1500 1427//1427
f 1427//1427 1500//1500 1501//1501
f 1427//1427 1501//1501 1428//1428
f 1428//1428 1501//1501 1502//1502
f 1428//1428 1502//1502 1429//1429
f 1429//1429 1502//1502 1503//1503
f 1429//1429 1503//1503 1430//1430
f 1430//1430 1503//1503 1504//1504
f 1430//1430 1504//1504 1431//1431
f 1431//1431 1504//1504 1505//1505
f 1431//1431 1505//1505 1432//1432
f 1432//1432 1505//1505 1506//1506
f 1432//1432 1506//1506 1433//1433
f 1433//1433 1506//1506 1507//1507
f 1433//1433 1507//1507 1434//1434
f 1434//1434 1507//1507 1508//1508
f 1434//1434 1508//1508 1435//1435
f 1435//1435 1508//1508 1509//1509
f 1435//1435 1509//1509 1436//1436
f 1436//1436 1509//1509 1510//1510
f 1436//1436 1510//1510 1437//1437
f 1437//1437 1510//1510 1511//1511
f 1437//1437 1511//1511 1438//1438
f 1438//1438 1511//1511 1512//1512
f 1438//1438 1512//1512 1439//1439
f 1439//1439 1512//1512 1513//1513
f 1439//1439 1513//1513 1440//1440
f 1440//1440 1513//1513 1514//1514
f 1440//1440 1514//1514 1441//1441
f 1441//1441 1514//1514 1515//1515
f 1441//1441 1515//1515 1442//1442
f 1442//1442 1515//1515 1516//1516
f 1442//1442 1516//1516 1443//1443
f 1443//1443 1516//1516 1517//1517
f 1443//1443 1517//1517 1444//1444
f 1444//1444 1517//1517 1518//1518
f 1444//1444 1518//1518 1445//1445
f 1445//1445 1518//1518 1519//1519
f 1445//1445 1519//1519 1446//1446
f 1446//1446 1519//1519 1520//1520
f 1446//1446 1520//1520 1447//1447
f 1447//1447 1520//1520 1521//1521
f 1447//1447 1521//1521 1448//1448
f 1448//1448 1521//1521 1522//1522
f 1448//1448 1522//1522 1449//1449
f 1449//1449 1522//1522 1523//1523
f 1449//1449 1523//1523 1450//1450
f 1450//1450 1523//1523 1524//1524
f 1450//1450 1524//1524 1451//1451
f 1451//1451 1524//1524 1525//1525
f 1451//1451 1525//1525 1452//1452
f 1452//1452 1525//1525 1526//1526
f 1452//1452 1526//1526 1453//1453
f 1453//1453 1526//1526 1527//1527
f 1453//1453 1527//1527 1454//1454
f 1454//1454 1527//1527 1528//1528
f 1454//1454 1528//1528 1455//1455
f 1455//1455 1528//1528 1529//1529
f 1455//1455 1529//1529 1456//1456
f 1456//1456 1529//1529 1530//1530
f 1456//1456 1530//1530 1457//1457
f 1457//1457 1530//1530 1531//1531
f 1457//1457 1531//1531 1458//1458
f 1458//1458 1531//1531 1532//1532
f 1458//1458 1532//1532 1459//1459
f 1459//1459 1532//1532 1533//1533
f 1459//1459 1533//1533 1460//1460
f 1461//1461 1534//1534 1535//1535
f 1461//1461 1535//1535 1462//1462
f 1462//1462 1535//1535 1536//1536
f 1462//1462 1536//1536 1463//1463
f 1463//1463 1536//1536 1537//1537
f 1463//1463 1537//1537 1464//1464
f 1464//1464 1537//1537 1538//1538
f 1464//1464 1538//1538 1465//1465
f 1465//1465 1538//1538 1539//1539
f 1465//1465 1539//1539 1466//1466
f 1466//1466 1539//1539 1540//1540
f 1466//1466 1540//1540 1467//1467
f 1467//1467 1540//1540 1541//1541
f 1467//1467 1541//1541 1468//1468
f 1468//1468 1541//1541 1542//1542
f 1468//1468 1542//1542 1469//1469
f 1469//1469 1542//1542 1543//1543
f 1469//1469 1543//1543 1470//1470
f 1470//1470 1543//1543 1544//1544
f 1470//1470 1544//1544 1471//1471
f 1471//1471 1544//1544 1545//1545
f 1471//1471 1545//1545 1472//1472
f 1472//1472 1545//1545 1546//1546
f 1472//1472 1546//1546 1473//1473
f 1473//1473 1546//1546 1547//1547
f 1473//1473 1547//1547 1474//1474
f 1474//1474 1547//1547 1548//1548
f 1474//1474 1548//1548 1475//1475
f 1475//1475 1548//1548 1549//1549
f 1475//1475 1549//1549 1476//1476
f 1476//1476 1549//1549 1550//1550
f 1476//1476 1550//1550 1477//1477
f 1477//1477 1550//1550 1551//1551
f 1477//1477 1551//1551 1478//1478
f 1478//1478 1551//1551 1552//1552
f 1478//1478 1552//1552 1479//1479
f 1479//1479 1552//1552 1553//1553
f 1479//1479 1553//1553 1480//1480
f 1480//1480 1553//1553 1554//1554
f 1480//1480 1554//1554 1481//1481
f 1481//1481 1554//1554 1555//1555
f 1481//1481 1555//1555 1482//1482
f 1482//1482 1555//1555 1556//1556
f 1482//1482 1556//1556 1483//1483
f 1483//1483 1556//1556 1557//1557
f 1483//1483 1557//1557 1484//1484
f 1484//1484 1557//1557 1558//1558
f 1484//1484 1558//1558 1485//1485
f 1485//1485 1558//1558 1559//1559
f 1485//1485 1559//1559 1486//1486
f 1486//1486 1559//1559 1560//1560
f 1486//1486 1560//1560 1487//1487
f 1487//1487 1560//1560 1561//1561
f 1487//1487 1561//1561 1488//1488
f 1488//1488 1561//1561 1562//1562
f 1488//1488 1562//1562 1489//1489
f 1489//1489 1562//1562 1563//1563
f 1489//1489 1563//1563 1490//1490
f 1490//1490 1563//1563 1564//1564
f 1490//1490 1564//1564 1491//1491
f 1491//1491 1564//1564 1565//1565
f 1491//1491 1565//1565 1492//1492
f 1492//1492 1565//1565 1566//1566
f 1492//1492 1566//1566 1493//1493
f 1493//1493 1566//1566 1567//1567
f 1493//1493 1567//1567 1494//1494
f 1494//1494 1567//1567 1568//1568
f 1494//1494 1568//1568 1495//1495
f 1495//1495 1568//1568 1569//1569
f 1495//1495 1569//1569 1496//1496
f 1496//1496 1569//1569 1570//1570
f 1496//1496 1570//1570 1497//1497
f 1497//1497 1570//1570 1571//1571
f 1497//1497 1571//1571 1498//1498
f 1498//1498 1571//1571 1572//1572
f 1498//1498 1572//1572 1499//1499
f 1499//1499 1572//1572 1573//1573
f 1499//1499 1573//1573 1500//1500
f 1500//1500 1573//1573 1574//1574
f 1500//1500 1574//1574 1501//1501
f 1501//1501 1574//1574 1575//1575
f 1501//1501 1575//1575 1502//1502
f 1502//1502 1575//1575 1576//1576
f 1502//1502 1576//1576 1503//1503
f 1503//1503 1576//1576 1577//1577
f 1503//1503 1577//1577 1504//1504
f 1504//1504 1577//1577 1578//1578
f 1504//1504 1578//1578 1505//1505
f 1505//1505 1578//1578 1579//1579
f 1505//1505 1579//1579 1506//1506
f 1506//1506 1579//1579 1580//1580
f 1506//1506 1580//1580 1507//1507
f 1507//1507 1580//1580 1581//1581
f 1507//1507 1581//1581 1508//1508
f 1508//1508 1581//1581 1582//1582
f 1508//1508 1582//1582 1509//1509
f 1509//1509 1582//1582 1583//1583
f 1509//1509 1583//1583 1510//1510
f 1510//1510 1583//1583 1584//1584
f 1510//1510 1584//1584 1511//1511
f 1511//1511 1584//1584 1585//1585
f 1511//1511 1585//1585 1512//1512
f 1512//1512 1585//1585 1586//1586
f 1512//1512 1586//1586 1513//1513
f 1513//1513 1586//1586 1587//1587
f 1513//1513 1587//1587 1514//1514
f 1514//1514 1587//1587 1588//1588
f 1514//1514 1588//1588 1515//1515
f 1515//1515 1588//1588 1589//1589
f 1515//1515 1589//1589 1516//1516
f 1516//1516 1589//1589 1590//1590
f 1516//1516 1590//1590 1517//1517
f 1517//1517 1590//1590 1591//1591
f 1517//1517 1591//1591 1518//1518
f 1518//1518 1591//1591 1592//1592
f 1518//1518 1592//1592 1519//1519
f 1519//1519 1592//1592 1593//1593
f 1519//1519 1593//1593 1520//1520
f 1520//1520 1593//1593 1594//1594
f 1520//1520 1594//1594 1521//1521
f 1521//1521 1594//1594 1595//1595
f 1521//1521 1595//1595 1522//1522
f 1522//1522 1595//1595 1596//1596
f 1522//1522 1596//1596 1523//1523
f 1523//1523 1596//1596 1597//1597
f 1523//1523 1597//1597 1524//1524
f 1524//1524 1597//1597 1598//1598
f 1524//1524 1598//1598 1525//1525
f 1525//1525 1598//1598 1599//1599
f 1525//1525 1599//1599 1526//1526
f 1526//1526 1599//1599 1600//1600
f 1526//1526 1600//1600 1527//1527
f 1527//1527 1600//1600 1601//1601
f 1527//1527 1601//1601 1528//1528
f 1528//1528 1601//1601 1602//1602
f 1528//1528 1602//1602 1529//1529
f 1529//1529 1602//1602 1603//1603
f 1529//1529 1603//1603 1530//1530
f 1530//1530 1603//1603 1604//1604
f 1530//1530 1604//1604 1531//1531
f 1531//1531 1604//1604 1605//1605
f 1531//1531 1605//1605 1532//1532
f 1532//1532 1605//1605 1606//1606
f 1532//1532 1606//1606 1533//1533
f 1534//1534 1607//1607 1608//1608
f 1534//1534 1608//1608 1535//1535
f 1535//1535 1608//1608 1609//1609
f 1535//1535 1609//1609 1536//1536
f 1536//1536 1609//1609 1610//1610
f 1536//1536 1610//1610 1537//1537
f 1537//1537 1610//1610 1611//1611
f 1537//1537 1611//1611 1538//1538
f 1538//1538 1611//1611 1612//1612
f 1538//1538 1612//1612 1539//1539
f 1539//1539 1612//1612 1613//1613
f 1539//1539 1613//1613 1540//1540
f 1540//1540 1613//1613 1614//1614
f 1540//1540 1614//1614 1541//1541
f 1541//1541 1614//1614 1615//1615
f 1541//1541 1615//1615 1542//1542
f 1542//1542 1615//1615 1616//1616
f 1542//1542 1616//1616 1543//1543
f 1543//1543 1616//1616 1617//1617
f 1543//1543 1617//1617 1544//1544
f 1544//1544 1617//1617 1618//1618
f 1544//1544 1618//1618 1545//1545
f 1545//1545 1618//1618 1619//1619
f 1545//1545 1619//1619 1546//1546
f 1546//1546 1619//1619 1620//1620
f 1546//1546 1620//1620 1547//1547
f 1547//1547 1620//1620 1621//1621
f 1547//1547 1621//1621 1548//1548
f 1548//1548 1621//1621 1622//1622
f 1548//1548 1622//1622 1549//1549
f 1549//1549 1622//1622 1623//1623
f 1549//1549 1623//1623 1550//1550
f 1550//1550 1623//1623 1624//1624
f 1550//1550 1624//1624 1551//1551
f 1551//1551 1624//1624 1625//1625
f 1551//1551 1625//1625 1552//1552
f 1552//1552 1625//1625 1626//1626
f 1552//1552 1626//1626 1553//1553
f 1553//1553 1626//1626 1627//1627
f 1553//1553 1627//1627 1554//1554
f 1554//1554 1627//1627 1628//1628
f 1554//1554 1628//1628 1555//1555
f 1555//1555 1628//1628 1629//1629
f 1555//1555 1629//1629 1556//1556
f 1556//1556 1629//1629 1630//1630
f 1556//1556 1630//1630 1557//1557
f 1557//1557 1630//1630 1631//1631
f 1557//1557 1631//1631 1558//1558
f 1558//1558 1631//1631 1632//1632
f 1558//1558 1632//1632 1559//1559
f 1559//1559 1632//1632 1633//1633
f 1559//1559 1633//1633 1560//1560
f 1560//1560 1633//1633 1634//1634
f 1560//1560 1634//1634 1561//1561
f 1561//1561 1634//1634 1635//1635
f 1561//1561 1635//1635 1562//1562
f 1562//1562 1635//1635 1636//1636
f 1562//1562 1636//1636 1563//1563
f 1563//1563 1636//1636 1637//1637
f 1563//1563 1637//1637 1564//1564
f 1564//1564 1637//1637 1638//1638
f 1564//1564 1638//1638 1565//1565
f 1565//1565 1638//1638 1639//1639
f 1565//1565 1639//1639 1566//1566
f 1566//1566 1639//1639 1640//1640
f 1566//1566 1640//1640 1567//1567
f 1567//1567 1640//1640 1641//1641
f 1567//1567 1641//1641 1568//1568
f 1568//1568 1641//1641 1642//1642
f 1568//1568 1642//1642 1569//1569
f 1569//1569 1642//1642 1643//1643
f 1569//1569 1643//1643 1570//1570
f 1570//1570 1643//1643 1644//1644
f 1570//1570 1644//1644 1571//1571
f 1571//1571 1644//1644 1645//1645
f 1571//1571 1645//1645 1572//1572
f 1572//1572 1645//1645 1646//1646
f 1572//1572 1646//1646 1573//1573
f 1573//1573 1646//1646 1647//1647
f 1573//1573 1647//1647 1574//1574
f 1574//1574 1647//1647 1648//1648
f 1574//1574 1648//1648 1575//1575
f 1575//1575 1648//1648 1649//1649
f 1575//1575 1649//1649 1576//1576
f 1576//1576 1649//1649 1650//1650
f 1576//1576 1650//1650 1577//1577
f 1577//1577 1650//1650 1651//1651
f 1577//1577 1651//1651 1578//1578
f 1578//1578 1651//1651 1652//1652
f 1578//1578 1652//1652 1579//1579
f 1579//1579 1652//1652 1653//1653
f 1579//1579 1653//1653 1580//1580
f 1580//1580 1653//1653 1654//1654
f 1580//1580 1654//1654 1581//1581
f 1581//1581 1654//1654 1655//1655
f 1581//1581 1655//1655 1582//1582
f 1582//1582 1655//1655 1656//1656
f 1582//1582 1656//1656 1583//1583
f 1583//1583 1656//1656 1657//1657
f 1583//1583 1657//1657 1584//1584
f 1584//1584 1657//1657 1658//1658
f 1584//1584 1658//1658 1585//1585
f 1585//1585 1658//1658 1659//1659
f 1585//1585 1659//1659 1586//1586
f 1586//1586 1659//1659 1660//1660
f 1586//1586 1660//1660 1587//1587
f 1587//1587 1660//1660 1661//1661
f 1587//1587 1661//1661 1588//1588
f 1588//1588 1661//1661 1662//1662
f 1588//1588 1662//1662 1589//1589
f 1589//1589 1662//1662 1663//1663
f 1589//1589 1663//1663 1590//1590
f 1590//1590 1663//1663 1664//1664
f 1590//1590 1664//1664 1591//1591
f 1591//1591 1664//1664 1665//1665
f 1591//1591 1665//1665 1592//1592
f 1592//1592 1665//1665 1666//1666
f 1592//1592 1666//1666 1593//1593
f 1593//1593 1666//1666 1667//1667
f 1593//1593 1667//1667 1594//1594
f 1594//1594 1667//1667 1668//1668
f 1594//1594 1668//1668 1595//1595
f 1595//1595 1668//1668 1669//1669
f 1595//1595 1669//1669 1596//1596
f 1596//1596 1669//1669 1670//1670
f 1596//1596 1670//1670 1597//1597
f 1597//1597 1670//1670 1671//1671
f 1597//1597 1671//1671 1598//1598
f 1598//1598 1671//1671 1672//1672
f 1598//1598 1672//1672 1599//1599
f 1599//1599 1672//1672 1673//1673
f 1599//1599 1673//1673 1600//1600
f 1600//1600 1673//1673 1674//1674
f 1600//1600 1674//1674 1601//1601
f 1601//1601 1674//1674 1675//1675
f 1601//1601 1675//1675 1602//1602
f 1602//1602 1675//1675 1676//1676
f 1602//1602 1676//1676 1603//1603
f 1603//1603 1676//1676 1677//1677
f 1603//1603 1677//1677 1604//1604
f 1604//1604 1677//1677 1678//1678
f 1604//1604 1678//1678 1605//1605
f 1605//1605 1678//1678 1679//1679
f 1605//1605 1679//1679 1606//1606
f 1607//1607 1680//1680 1681//1681
f 1607//1607 1681//1681 1608//1608
f 1608//1608 1681//1681 1682//1682
f 1608//1608 1682//1682 1609//1609
f 1609//1609 1682//1682 1683//1683
f 1609//1609 1683//1683 1610//1610
f 1610//1610 1683//1683 1684//1684
f 1610//1610 1684//1684 1611//1611
f 1611//1611 1684//1684 1685//1685
f 1611//1611 1685//1685 1612//1612
f 1612//1612 1685//1685 1686//1686
f 1612//1612 1686//1686 1613//1613
f 1613//1613 1686//1686 1687//1687
f 1613//1613 1687//1687 1614//1614
f 1614//1614 1687//1687 1688//1688
f 1614//1614 1688//1688 1615//1615
f 1615//1615 1688//1688 1689//1689
f 1615//1615 1689//1689 1616//1616
f 1616//1616 1689//1689 1690//1690
f 1616//1616 1690//1690 1617//1617
f 1617//1617 1690//1690 1691//1691
f 1617//1617 1691//1691 1618//1618
f 1618//1618 1691//1691 1692//1692
f 1618//1618 1692//1692 1619//1619
f 1619//1619 1692//1692 1693//1693
f 1619//1619 1693//1693 1620//1620
f 1620//1620 1693//1693 1694//1694
f 1620//1620 1694//1694 1621//1621
f 1621//1621 1694//1694 1695//1695
f 1621//1621 1695//1695 1622//1622
f 1622//1622 1695//1695 1696//1696
f 1622//1622 1696//1696 1623//1623
f 1623//1623 1696//1696 1697//1697
f 1623//1623 1697//1697 1624//1624
f 1624//1624 1697//1697 1698//1698
f 1624//1624 1698//1698 1625//1625
f 1625//1625 1698//1698 1699//1699
f 1625//1625 1699//1699 1626//1626
f 1626//1626 1699//1699 1700//1700
f 1626//1626 1700//1700 1627//1627
f 1627//1627 1700//1700 1701//1701
f 1627//1627 1701//1701 1628//1628
f 1628//1628 1701//1701 1702//1702
f 1628//1628 1702//1702 1629//1629
f 1629//1629 1702//1702 1703//1703
f 1629//1629 1703//1703 1630//1630
f 1630//1630 1703//1703 1704//1704
f 1630//1630 1704//1704 1631//1631
f 1631//1631 1704//1704 1705//1705
f 1631//1631 1705//1705 1632//1632
f 1632//1632 1705//1705 1706//1706
f 1632//1632 1706//1706 1633//1633
f 1633//1633 1706//1706 1707//1707
f 1633//1633 1707//1707 1634//1634
f 1634//1634 1707//1707 1708//1708
f 1634//1634 1708//1708 1635//1635
f 1635//1635 1708//1708 1709//1709
f 1635//1635 1709//1709 1636//1636
f 1636//1636 1709//1709 1710//1710
f 1636//1636 1710//1710 1637//1637
f 1637//1637 1710//1710 1711//1711
f 1637//1637 1711//1711 1638//1638
f 1638//1638 1711//1711 1712//1712
f 1638//1638 1712//1712 1639//1639
f 1639//1639 1712//1712 1713//1713
f 1639//1639 1713//1713 1640//1640
f 1640//1640 1713//1713 1714//1714
f 1640//1640 1714//1714 1641//1641
f 1641//1641 1714//1714 1715//1715
f 1641//1641 1715//1715 1642//1642
f 1642//1642 1715//1715 1716//1716
f 1642//1642 1716//1716 1643//1643
f 1643//1643 1716//1716 1717//1717
f 1643//1643 1717//1717 1644//1644
f 1644//1644 1717//1717 1718//1718
f 1644//1644 1718//1718 1645//1645
f 1645//1645 1718//1718 1719//1719
f 1645//1645 1719//1719 1646//1646
f 1646//1646 1719//1719 1720//1720
f 1646//1646 1720//1720 1647//1647
f 1647//1647 1720//1720 1721//1721
f 1647//1647 1721//1721 1648//1648
f 1648//1648 1721//1721 1722//1722
f 1648//1648 1722//1722 1649//1649
f 1649//1649 1722//1722 1723//1723
f 1649//1649 1723//1723 1650//1650
f 1650//1650 1723//1723 1724//1724
f 1650//1650 1724//1724 1651//1651
f 1651//1651 1724//1724 1725//1725
f 1651//1651 1725//1725 1652//1652
f 1652//1652 1725//1725 1726//1726
f 1652//1652 1726//1726 1653//1653
f 1653//1653 1726//1726 1727//1727
f 1653//1653 1727//1727 1654//1654
f 1654//1654 1727//1727 1728//1728
f 1654//1654 1728//1728 1655//1655
f 1655//1655 1728//1728 1729//1729
f 1655//1655 1729//1729 1656//1656
f 1656//1656 1729//1729 1730//1730
f 1656//1656 1730//1730 1657//1657
f 1657//1657 1730//1730 1731//1731
f 1657//1657 1731//1731 1658//1658
f 1658//1658 1731//1731 1732//1732
f 1658//1658 1732//1732 1659//1659
f 1659//1659 1732//1732 1733//1733
f 1659//1659 1733//1733 1660//1660
f 1660//1660 1733//1733 1734//1734
f 1660//1660 1734//1734 1661//1661
f 1661//1661 1734//1734 1735//1735
f 1661//1661 1735//1735 1662//1662
f 1662//1662 1735//1735 1736//1736
f 1662//1662 1736//1736 1663//1663
f 1663//1663 1736//1736 1737//1737
f 1663//1663 1737//1737 1664//1664
f 1664//1664 1737//1737 1738//1738
f 1664//1664 1738//1738 1665//1665
f 1665//1665 1738//1738 1739//1739
f 1665//1665 1739//1739 1666//1666
f 1666//1666 1739//1739 1740//1740
f 1666//1666 1740//1740 1667//1667
f 1667//1667 1740//1740 1741//1741
f 1667//1667 1741//1741 1668//1668
f 1668//1668 1741//1741 1742//1742
f 1668//1668 1742//1742 1669//1669
f 1669//1669 1742//1742 1743//1743
f 1669//1669 1743//1743 1670//1670
f 1670//1670 1743//1743 1744//1744
f 1670//1670 1744//1744 1671//1671
f 1671//1671 1744//1744 1745//1745
f 1671//1671 1745//1745 1672//1672
f 1672//1672 1745//1745 1746//1746
f 1672//1672 1746//1746 1673//1673
f 1673//1673 1746//1746 1747//1747
f 1673//1673 1747//1747 1674//1674
f 1674//1674 1747//1747 1748//1748
f 1674//1674 1748//1748 1675//1675
f 1675//1675 1748//1748 1749//1749
f 1675//1675 1749//1749 1676//1676
f 1676//1676 1749//1749 1750//1750
f 1676//1676 1750//1750 1677//1677
f 1677//1677 1750//1750 1751//1751
f 1677//1677 1751//1751 1678//1678
f 1678//1678 1751//1751 1752//1752
f 1678//1678 1752//1752 1679//1679
f 1680//1680 1753//1753 1754//1754
f 1680//1680 1754//1754 1681//1681
f 1681//1681 1754//1754 1755//1755
f 1681//1681 1755//1755 1682//1682
f 1682//1682 1755//1755 1756//1756
f 1682//1682 1756//1756 1683//1683
f 1683//1683 1756//1756 1757//1757
f 1683//1683 1757//1757 1684//1684
f 1684//1684 1757//1757 1758//1758
f 1684//1684 1758//1758 1685//1685
f 1685//1685 1758//1758 1759//1759
f 1685//1685 1759//1759 1686//1686
f 1686//1686 1759//1759 1760//1760
f 1686//1686 1760//1760 1687//1687
f 1687//1687 1760//1760 1761//1761
f 1687//1687 1761//1761 1688//1688
f 1688//1688 1761//1761 1762//1762
f 1688//1688 1762//1762 1689//1689
f 1689//1689 1762//1762 1763//1763
f 1689//1689 1763//1763 1690//1690
f 1690//1690 1763//1763 1764//1764
f 1690//1690 1764//1764 1691//1691
f 1691//1691 1764//1764 1765//1765
f 1691//1691 1765//1765 1692//1692
f 1692//1692 1765//1765 1766//1766
f 1692//1692 1766//1766 1693//1693
f 1693//1693 1766//1766 1767//1767
f 1693//1693 1767//1767 1694//1694
f 1694//1694 1767//1767 1768//1768
f 1694//1694 1768//1768 1695//1695
f 1695//1695 1768//1768 1769//1769
f 1695//1695 1769//1769 1696//1696
f 1696//1696 1769//1769 1770//1770
f 1696//1696 1770//1770 1697//1697
f 1697//1697 1770//1770 1771//1771
f 1697//1697 1771//1771 1698//1698
f 1698//1698 1771//1771 1772//1772
f 1698//1698 1772//1772 1699//1699
f 1699//1699 1772//1772 1773//1773
f 1699//1699 1773//1773 1700//1700
f 1700//1700 1773//1773 1774//1774
f 1700//1700 1774//1774 1701//1701
f 1701//1701 1774//1774 1775//1775
f 1701//1701 1775//1775 1702//1702
f 1702//1702 1775//1775 1776//1776
f 1702//1702 1776//1776 1703//1703
f 1703//1703 1776//1776 1777//1777
f 1703//1703 1777//1777 1704//1704
f 1704//1704 1777//1777 1778//1778
f 1704//1704 1778//1778 1705//1705
f 1705//1705 1778//1778 1779//1779
f 1705//1705 1779//1779 1706//1706
f 1706//1706 1779//1779 1780//1780
f 1706//1706 1780//1780 1707//1707
f 1707//1707 1780//1780 1781//1781
f 1707//1707 1781//1781 1708//1708
f 1708//1708 1781//1781 1782//1782
f 1708//1708 1782//1782 1709//1709
f 1709//1709 1782//1782 1783//1783
f 1709//1709 1783//1783 1710//1710
f 1710//1710 1783//1783 1784//1784
f 1710//1710 1784//1784 1711//1711
f 1711//1711 1784//1784 1785//1785
f 1711//1711 1785//1785 1712//1712
f 1712//1712 1785//1785 1786//1786
f 1712//1712 1786//1786 1713//1713
f 1713//1713 1786//1786 1787//1787
f 1713//1713 1787//1787 1714//1714
f 1714//1714 1787//1787 1788//1788
f 1714//1714 1788//1788 1715//1715
f 1715//1715 1788//1788 1789//1789
f 1715//1715 1789//1789 1716//1716
f 1716//1716 1789//1789 1790//1790
f 1716//1716 1790//1790 1717//1717
f 1717//1717 1790//1790 1791//1791
f 1717//1717 1791//1791 1718//1718
f 1718//1718 1791//1791 1792//1792
f 1718//1718 1792//1792 1719//1719
f 1719//1719 1792//1792 1793//1793
f 1719//1719 1793//1793 1720//1720
f 1720//1720 1793//1793 1794//1794
f 1720//1720 1794//1794 1721//1721
f 1721//1721 1794//1794 1795//1795
f 1721//1721 1795//1795 1722//1722
f 1722//1722 1795//1795 1796//1796
f 1722//1722 1796//1796 1723//1723
f 1723//1723 1796//1796 1797//1797
f 1723//1723 1797//1797 1724//1724
f 1724//1724 1797//1797 1798//1798
f 1724//1724 1798//1798 1725//1725
f 1725//1725 1798//1798 1799//1799
f 1725//1725 1799//1799 1726//1726
f 1726//1726 1799//1799 1800//1800
f 1726//1726 1800//1800 1727//1727
f 1727//1727 1800//1800 1801//1801
f 1727//1727 1801//1801 1728//1728
f 1728//1728 1801//1801 1802//1802
f 1728//1728 1802//1802 1729//1729
f 1729//1729 1802//1802 1803//1803
f 1729//1729 1803//1803 1730//1730
f 1730//1730 1803//1803 1804//1804
f 1730//1730 1804//1804 1731//1731
f 1731//1731 1804//1804 1805//1805
f 1731//1731 1805//1805 1732//1732
f 1732//1732 1805//1805 1806//1806
f 1732//1732 1806//1806 1733//1733
f 1733//1733 1806//1806 1807//1807
f 1733//1733 1807//1807 1734//1734
f 1734//1734 1807//1807 1808//1808
f 1734//1734 1808//1808 1735//1735
f 1735//1735 1808//1808 1809//1809
f 1735//1735 1809//1809 1736//1736
f 1736//1736 1809//1809 1810//1810
f 1736//1736 1810//1810 1737//1737
f 1737//1737 1810//1810 1811//1811
f 1737//1737 1811//1811 1738//1738
f 1738//1738 1811//1811 1812//1812
f 1738//1738 1812//1812 1739//1739
f 1739//1739 1812//1812 1813//1813
f 1739//1739 1813//1813 1740//1740
f 1740//1740 1813//1813 1814//1814
f 1740//1740 1814//1814 1741//1741
f 1741//1741 1814//1814 1815//1815
f 1741//1741 1815//1815 1742//1742
f 1742//1742 1815//1815 1816//1816
f 1742//1742 1816//1816 1743//1743
f 1743//1743 1816//1816 1817//1817
f 1743//1743 1817//1817 1744//1744
f 1744//1744 1817//1817 1818//1818
f 1744//1744 1818//1818 1745//1745
f 1745//1745 1818//1818 1819//1819
f 1745//1745 1819//1819 1746//1746
f 1746//1746 1819//1819 1820//1820
f 1746//1746 1820//1820 1747//1747
f 1747//1747 1820//1820 1821//1821
f 1747//1747 1821//1821 1748//1748
f 1748//1748 1821//1821 1822//1822
f 1748//1748 1822//1822 1749//1749
f 1749//1749 1822//1822 1823//1823
f 1749//1749 1823//1823 1750//1750
f 1750//1750 1823//1823 1824//1824
f 1750//1750 1824//1824 1751//1751
f 1751//1751 1824//1824 1825//1825
f 1751//1751 1825//1825 1752//1752
f 1753//1753 1826//1826 1827//1827
f 1753//1753 1827//1827 1754//1754
f 1754//1754 1827//1827 1828//1828
f 1754//1754 1828//1828 1755//1755
f 1755//1755 1828//1828 1829//1829
f 1755//1755 1829//1829 1756//1756
f 1756//1756 1829//1829 1830//1830
f 1756//1756 1830//1830 1757//1757
f 1757//1757 1830//1830 1831//1831
f 1757//1757 1831//1831 1758//1758
f 1758//1758 1831//1831 1832//1832
f 1758//1758 1832//1832 1759//1759
f 1759//1759 1832//1832 1833//1833
f 1759//1759 1833//1833 1760//1760
f 1760//1760 1833//1833 1834//1834
f 1760//1760 1834//1834 1761//1761
f 1761//1761 1834//1834 1835//1835
f 1761//1761 1835//1835 1762//1762
f 1762//1762 1835//1835 1836//1836
f 1762//1762 1836//1836 1763//1763
f 1763//1763 1836//1836 1837//1837
f 1763//1763 1837//1837 1764//1764
f 1764//1764 1837//1837 1838//1838
f 1764//1764 1838//1838 1765//1765
f 1765//1765 1838//1838 1839//1839
f 1765//1765 1839//1839 1766//1766
f 1766//1766 1839//1839 1840//1840
f 1766//1766 1840//1840 1767//1767
f 1767//1767 1840//1840 1841//1841
f 1767//1767 1841//1841 1768//1768
f 1768//1768 1841//1841 1842//1842
f 1768//1768 1842//1842 1769//1769
f 1769//1769 1842//1842 1843//1843
f 1769//1769 1843//1843 1770//1770
f 1770//1770 1843//1843 1844//1844
f 1770//1770 1844//1844 1771//1771
f 1771//1771 1844//1844 1845//1845
f 1771//1771 1845//1845 1772//1772
f 1772//1772 1845//1845 1846//1846
f 1772//1772 1846//1846 1773//1773
f 1773//1773 1846//1846 1847//1847
f 1773//1773 1847//1847 1774//1774
f 1774//1774 1847//1847 1848//1848
f 1774//1774 1848//1848 1775//1775
f 1775//1775 1848//1848 1849//1849
f 1775//1775 1849//1849 1776//1776
f 1776//1776 1849//1849 1850//1850
f 1776//1776 1850//1850 1777//1777
f 1777//1777 1850//1850 1851//1851
f 1777//1777 1851//1851 1778//1778
f 1778//1778 1851//1851 1852//1852
f 1778//1778 1852//1852 1779//1779
f 1779//1779 1852//1852 1853//1853
f 1779//1779 1853//1853 1780//1780
f 1780//1780 1853//1853 1854//1854
f 1780//1780 1854//1854 1781//1781
f 1781//1781 1854//1854 1855//1855
f 1781//1781 1855//1855 1782//1782
f 1782//1782 1855//1855 1856//1856
f 1782//1782 1856//1856 1783//1783
f 1783//1783 1856//1856 1857//1857
f 1783//1783 1857//1857 1784//1784
f 1784//1784 1857//1857 1858//1858
f 1784//1784 1858//1858 1785//1785
f 1785//1785 1858//1858 1859//1859
f 1785//1785 1859//1859 1786//1786
f 1786//1786 1859//1859 1860//1860
f 1786//1786 1860//1860 1787//1787
f 1787//1787 1860//1860 1861//1861
f 1787//1787 1861//1861 1788//1788
f 1788//1788 1861//1861 1862//1862
f 1788//1788 1862//1862 1789//1789
f 1789//1789 1862//1862 1863//1863
f 1789//1789 1863//1863 1790//1790
f 1790//1790 1863//1863 1864//1864
f 1790//1790 1864//1864 1791//1791
f 1791//1791 1864//1864 1865//1865
f 1791//1791 1865//1865 1792//1792
f 1792//1792 1865//1865 1866//1866
f 1792//1792 1866//1866 1793//1793
f 1793//1793 1866//1866 1867//1867
f 1793//1793 1867//1867 1794//1794
f 1794//1794 1867//1867 1868//1868
f 1794//1794 1868//1868 1795//1795
f 1795//1795 1868//1868 1869//1869
f 1795//1795 1869//1869 1796//1796
f 1796//1796 1869//1869 1870//1870
f 1796//1796 1870//1870 1797//1797
f 1797//1797 1870//1870 1871//1871
f 1797//1797 1871//1871 1798//1798
f 1798//1798 1871//1871 1872//1872
f 1798//1798 1872//1872 1799//1799
f 1799//1799 1872//1872 1873//1873
f 1799//1799 1873//1873 1800//1800
f 1800//1800 1873//1873 1874//1874
f 1800//1800 1874//1874 1801//1801
f 1801//1801 1874//1874 1875//1875
f 1801//1801 1875//1875 1802//1802
f 1802//1802 1875//1875 1876//1876
f 1802//1802 1876//1876 1803//1803
f 1803//1803 1876//1876 1877//1877
f 1803//1803 1877//1877 1804//1804
f 1804//1804 1877//1877 1878//1878
f 1804//1804 1878//1878 1805//1805
f 1805//1805 1878//1878 1879//1879
f 1805//1805 1879//1879 1806//1806
f 1806//1806 1879//1879 1880//1880
f 1806//1806 1880//1880 1807//1807
f 1807//1807 1880//1880 1881//1881
f 1807//1807 1881//1881 1808//1808
f 1808//1808 1881//1881 1882//1882
f 1808//1808 1882//1882 1809//1809
f 1809//1809 1882//1882 1883//1883
f 1809//1809 1883//1883 1810//1810
f 1810//1810 1883//1883 1884//1884
f 1810//1810 1884//1884 1811//1811
f 1811//1811 1884//1884 1885//1885
f 1811//1811 1885//1885 1812//1812
f 1812//1812 1885//1885 1886//1886
f 1812//1812 1886//1886 1813//1813
f 1813//1813 1886//1886 1887//1887
f 1813//1813 1887//1887 1814//1814
f 1814//1814 1887//1887 1888//1888
f 1814//1814 1888//1888 1815//1815
f 1815//1815 1888//1888 1889//1889
f 1815//1815 1889//1889 1816//1816
f 1816//1816 1889//1889 1890//1890
f 1816//1816 1890//1890 1817//1817
f 1817//1817 1890//1890 1891//1891
f 1817//1817 1891//1891 1818//1818
f 1818//1818 1891//1891 1892//1892
f 1818//1818 1892//1892 1819//1819
f 1819//1819 1892//1892 1893//1893
f 1819//1819 1893//1893 1820//1820
f 1820//1820 1893//1893 1894//1894
f 1820//1820 1894//1894 1821//1821
f 1821//1821 1894//1894 1895//1895
f 1821//1821 1895//1895 1822//1822
f 1822//1822 1895//1895 1896//1896
f 1822//1822 1896//1896 1823//1823
f 1823//1823 1896//1896 1897//1897
f 1823//1823 1897//1897 1824//1824
f 1824//1824 1897//1897 1898//1898
f 1824//1824 1898//1898 1825//1825
f 1826//1826 1899//1899 1900//1900
f 1826//1826 1900//1900 1827//1827
f 1827//1827 1900//1900 1901//1901
f 1827//1827 1901//1901 1828//1828
f 1828//1828 1901//1901 1902//1902
f 1828//1828 1902//1902 1829//1829
f 1829//1829 1902//1902 1903//1903
f 1829//1829 1903//1903 1830//1830
f 1830//1830 1903//1903 1904//1904
f 1830//1830 1904//1904 1831//1831
f 1831//1831 1904//1904 1905//1905
f 1831//1831 1905//1905 1832//1832
f 1832//1832 1905//1905 1906//1906
f 1832//1832 1906//1906 1833//1833
f 1833//1833 1906//1906 1907//1907
f 1833//1833 1907//1907 1834//1834
f 1834//1834 1907//1907 1908//1908
f 1834//1834 1908//1908 1835//1835
f 1835//1835 1908//1908 1909//1909
f 1835//1835 1909//1909 1836//1836
f 1836//1836 1909//1909 1910//1910
f 1836//1836 1910//1910 1837//1837
f 1837//1837 1910//1910 1911//1911
f 1837//1837 1911//1911 1838//1838
f 1838//1838 1911//1911 1912//1912
f 1838//1838 1912//1912 1839//1839
f 1839//1839 1912//1912 1913//1913
f 1839//1839 1913//1913 1840//1840
f 1840//1840 1913//1913 1914//1914
f 1840//1840 1914//1914 1841//1841
f 1841//1841 1914//1914 1915//1915
f 1841//1841 1915//1915 1842//1842
f 1842//1842 1915//1915 1916//1916
f 1842//1842 1916//1916 1843//1843
f 1843//1843 1916//1916 1917//1917
f 1843//1843 1917//1917 1844//1844
f 1844//1844 1917//1917 1918//1918
f 1844//1844 1918//1918 1845//1845
f 1845//1845 1918//1918 1919//1919
f 1845//1845 1919//1919 1846//1846
f 1846//1846 1919//1919 1920//1920
f 1846//1846 1920//1920 1847//1847
f 1847//1847 1920//1920 1921//1921
f 1847//1847 1921//1921 1848//1848
f 1848//1848 1921//1921 1922//1922
f 1848//1848 1922//1922 1849//1849
f 1849//1849 1922//1922 1923//1923
f 1849//1849 1923//1923 1850//1850
f 1850//1850 1923//1923 1924//1924
f 1850//1850 1924//1924 1851//1851
f 1851//1851 1924//1924 1925//1925
f 1851//1851 1925//1925 1852//1852
f 1852//1852 1925//1925 1926//1926
f 1852//1852 1926//1926 1853//1853
f 1853//1853 1926//1926 1927//1927
f 1853//1853 1927//1927 1854//1854
f 1854//1854 1927//1927 1928//1928
f 1854//1854 1928//1928 1855//1855
f 1855//1855 1928//1928 1929//1929
f 1855//1855 1929//1929 1856//1856
f 1856//1856 1929//1929 1930//1930
f 1856//1856 1930//1930 1857//1857
f 1857//1857 1930//1930 1931//1931
f 1857//1857 1931//1931 1858//1858
f 1858//1858 1931//1931 1932//1932
f 1858//1858 1932//1932 1859//1859
f 1859//1859 1932//1932 1933//1933
f 1859//1859 1933//1933 1860//1860
f 1860//1860 1933//1933 1934//1934
f 1860//1860 1934//1934 1861//1861
f 1861//1861 1934//1934 1935//1935
f 1861//1861 1935//1935 1862//1862
f 1862//1862 1935//1935 1936//1936
f 1862//1862 1936//1936 1863//1863
f 1863//1863 1936//1936 1937//1937
f 1863//1863 1937//1937 1864//1864
f 1864//1864 1937//1937 1938//1938
f 1864//1864 1938//1938 1865//1865
f 1865//1865 1938//1938 1939//1939
f 1865//1865 1939//1939 1866//1866
f 1866//1866 1939//1939 1940//1940
f 1866//1866 1940//1940 1867//1867
f 1867//1867 1940//1940 1941//1941
f 1867//1867 1941//1941 1868//1868
f 1868//1868 1941//1941 1942//1942
f 1868//1868 1942//1942 1869//1869
f 1869//1869 1942//1942 1943//1943
f 1869//1869 1943//1943 1870//1870
f 1870//1870 1943//1943 1944//1944
f 1870//1870 1944//1944 1871//1871
f 1871//1871 1944//1944 1945//1945
f 1871//1871 1945//1945 1872//1872
f 1872//1872 1945//1945 1946//1946
f 1872//1872 1946//1946 1873//1873
f 1873//1873 1946//1946 1947//1947
f 1873//1873 1947//1947 1874//1874
f 1874//1874 1947//1947 1948//1948
f 1874//1874 1948//1948 1875//1875
f 1875//1875 1948//1948 1949//1949
f 1875//1875 1949//1949 1876//1876
f 1876//1876 1949//1949 1950//1950
f 1876//1876 1950//1950 1877//1877
f 1877//1877 1950//1950 1951//1951
f 1877//1877 1951//1951 1878//1878
f 1878//1878 1951//1951 1952//1952
f 1878//1878 1952//1952 1879//1879
f 1879//1879 1952//1952 1953//1953
f 1879//1879 1953//1953 1880//1880
f 1880//1880 1953//1953 1954//1954
f 1880//1880 1954//1954 1881//1881
f 1881//1881 1954//1954 1955//1955
f 1881//1881 1955//1955 1882//1882
f 1882//1882 1955//1955 1956//1956
f 1882//1882 1956//1956 1883//1883
f 1883//1883 1956//1956 1957//1957
f 1883//1883 1957//1957 1884//1884
f 1884//1884 1957//1957 1958//1958
f 1884//1884 1958//1958 1885//1885
f 1885//1885 1958//1958 1959//1959
f 1885//1885 1959//1959 1886//1886
f 1886//1886 1959//1959 1960//1960
f 1886//1886 1960//1960 1887//1887
f 1887//1887 1960//1960 1961//1961
f 1887//1887 1961//1961 1888//1888
f 1888//1888 1961//1961 1962//1962
f 1888//1888 1962//1962 1889//1889
f 1889//1889 1962//1962 1963//1963
f 1889//1889 1963//1963 1890//1890
f 1890//1890 1963//1963 1964//1964
f 1890//1890 1964//1964 1891//1891
f 1891//1891 1964//1964 1965//1965
f 1891//1891 1965//1965 1892//1892
f 1892//1892 1965//1965 1966//1966
f 1892//1892 1966//1966 1893//1893
f 1893//1893 1966//1966 1967//1967
f 1893//1893 1967//1967 1894//1894
f 1894//1894 1967//1967 1968//1968
f 1894//1894 1968//1968 1895//1895
f 1895//1895 1968//1968 1969//1969
f 1895//1895 1969//1969 1896//1896
f 1896//1896 1969//1969 1970//1970
f 1896//1896 1970//1970 1897//1897
f 1897//1897 1970//1970 1971//1971
f 1897//1897 1971//1971 1898//1898
f 1899//1899 1972//1972 1973//1973
f 1899//1899 1973//1973 1900//1900
f 1900//1900 1973//1973 1974//1974
f 1900//1900 1974//1974 1901//1901
f 1901//1901 1974//1974 1975//1975
f 1901//1901 1975//1975 1902//1902
f 1902//1902 1975//1975 1976//1976
f 1902//1902 1976//1976 1903//1903
f 1903//1903 1976//1976 1977//1977
f 1903//1903 1977//1977 1904//1904
f 1904//1904 1977//1977 1978//1978
f 1904//1904 1978//1978 1905//1905
f 1905//1905 1978//1978 1979//1979
f 1905//1905 1979//1979 1906//1906
f 1906//1906 1979//1979 1980//1980
f 1906//1906 1980//1980 1907//1907
f 1907//1907 1980//1980 1981//1981
f 1907//1907 1981//1981 1908//1908
f 1908//1908 1981//1981 1982//1982
f 1908//1908 1982//1982 1909//1909
f 1909//1909 1982//1982 1983//1983
f 1909//1909 1983//1983 1910//1910
f 1910//1910 1983//1983 1984//1984
f 1910//1910 1984//1984 1911//1911
f 1911//1911 1984//1984 1985//1985
f 1911//1911 1985//1985 1912//1912
f 1912//1912 1985//1985 1986//1986
f 1912//1912 1986//1986 1913//1913
f 1913//1913 1986//1986 1987//1987
f 1913//1913 1987//1987 1914//1914
f 1914//1914 1987//1987 1988//1988
f 1914//1914 1988//1988 1915//1915
f 1915//1915 1988//1988 1989//1989
f 1915//1915 1989//1989 1916//1916
f 1916//1916 1989//1989 1990//1990
f 1916//1916 1990//1990 1917//1917
f 1917//1917 1990//1990 1991//1991
f 1917//1917 1991//1991 1918//1918
f 1918//1918 1991//1991 1992//1992
f 1918//1918 1992//1992 1919//1919
f 1919//1919 1992//1992 1993//1993
f 1919//1919 1993//1993 1920//1920
f 1920//1920 1993//1993 1994//1994
f 1920//1920 1994//1994 1921//1921
f 1921//1921 1994//1994 1995//1995
f 1921//1921 1995//1995 1922//1922
f 1922//1922 1995//1995 1996//1996
f 1922//1922 1996//1996 1923//1923
f 1923//1923 1996//1996 1997//1997
f 1923//1923 1997//1997 1924//1924
f 1924//1924 1997//1997 1998//1998
f 1924//1924 1998//1998 1925//1925
f 1925//1925 1998//1998 1999//1999
f 1925//1925 1999//1999 1926//1926
f 1926//1926 1999//1999 2000//2000
f 1926//1926 2000//2000 1927//1927
f 1927//1927 2000//2000 2001//2001
f 1927//1927 2001//2001 1928//1928
f 1928//1928 2001//2001 2002//2002
f 1928//1928 2002//2002 1929//1929
f 1929//1929 2002//2002 2003//2003
f 1929//1929 2003//2003 1930//1930
f 1930//1930 2003//2003 2004//2004
f 1930//1930 2004//2004 1931//1931
f 1931//1931 2004//2004 2005//2005
f 1931//1931 2005//2005 1932//1932
f 1932//1932 2005//2005 2006//2006
f 1932//1932 2006//2006 1933//1933
f 1933//1933 2006//2006 2007//2007
f 1933//1933 2007//2007 1934//1934
f 1934//1934 2007//2007 2008//2008
f 1934//1934 2008//2008 1935//1935
f 1935//1935 2008//2008 2009//2009
f 1935//1935 2009//2009 1936//1936
f 1936//1936 2009//2009 2010//2010
f 1936//1936 2010//2010 1937//1937
f 1937//1937 2010//2010 2011//2011
f 1937//1937 2011//2011 1938//1938
f 1938//1938 2011//2011 2012//2012
f 1938//1938 2012//2012 1939//1939
f 1939//1939 2012//2012 2013//2013
f 1939//1939 2013//2013 1940//1940
f 1940//1940 2013//2013 2014//2014
f 1940//1940 2014//2014 1941//1941
f 1941//1941 2014//2014 2015//2015
f 1941//1941 2015//2015 1942//1942
f 1942//1942 2015//2015 2016//2016
f 1942//1942 2016//2016 1943//1943
f 1943//1943 2016//2016 2017//2017
f 1943//1943 2017//2017 1944//1944
f 1944//1944 2017//2017 2018//2018
f 1944//1944 2018//2018 1945//1945
f 1945//1945 2018//2018 2019//2019
f 1945//1945 2019//2019 1946//1946
f 1946//1946 2019//2019 2020//2020
f 1946//1946 2020//2020 1947//1947
f 1947//1947 2020//2020 2021//2021
f 1947//1947 2021//2021 1948//1948
f 1948//1948 2021//2021 2022//2022
f 1948//1948 2022//2022 1949//1949
f 1949//1949 2022//2022 2023//2023
f 1949//1949 2023//2023 1950//1950
f 1950//1950 2023//2023 2024//2024
f 1950//1950 2024//2024 1951//1951
f 1951//1951 2024//2024 2025//2025
f 1951//1951 2025//2025 1952//1952
f 1952//1952 2025//2025 2026//2026
f 1952//1952 2026//2026 1953//1953
f 1953//1953 2026//2026 2027//2027
f 1953//1953 2027//2027 1954//1954
f 1954//1954 2027//2027 2028//2028
f 1954//1954 2028//2028 1955//1955
f 1955//1955 2028//2028 2029//2029
f 1955//1955 2029//2029 1956//1956
f 1956//1956 2029//2029 2030//2030
f 1956//1956 2030//2030 1957//1957
f 1957//1957 2030//2030 2031//2031
f 1957//1957 2031//2031 1958//1958
f 1958//1958 2031//2031 2032//2032
f 1958//1958 2032//2032 1959//1959
f 1959//1959 2032//2032 2033//2033
f 1959//1959 2033//2033 1960//1960
f 1960//1960 2033//2033 2034//2034
f 1960//1960 2034//2034 1961//1961
f 1961//1961 2034//2034 2035//2035
f 1961//1961 2035//2035 1962//1962
f 1962//1962 2035//2035 2036//2036
f 1962//1962 2036//2036 1963//1963
f 1963//1963 2036//2036 2037//2037
f 1963//1963 2037//2037 1964//1964
f 1964//1964 2037//2037 2038//2038
f 1964//1964 2038//2038 1965//1965
f 1965//1965 2038//2038 2039//2039
f 1965//1965 2039//2039 1966//1966
f 1966//1966 2039//2039 2040//2040
f 1966//1966 2040//2040 1967//1967
f 1967//1967 2040//2040 2041//2041
f 1967//1967 2041//2041 1968//1968
f 1968//1968 2041//2041 2042//2042
f 1968//1968 2042//2042 1969//1969
f 1969//1969 2042//2042 2043//2043
f 1969//1969 2043//2043 1970//1970
f 1970//1970 2043//2043 2044//2044
f 1970//1970 2044//2044 1971//1971
f 1972//1972 2045//2045 2046//2046
f 1972//1972 2046//2046 1973//1973
f 1973//1973 2046//2046 2047//2047
f 1973//1973 2047//2047 1974//1974
f 1974//1974 2047//2047 2048//2048
f 1974//1974 2048//2048 1975//1975
f 1975//1975 2048//2048 2049//2049
f 1975//1975 2049//2049 1976//1976
f 1976//1976 2049//2049 2050//2050
f 1976//1976 2050//2050 1977//1977
f 1977//1977 2050//2050 2051//2051
f 1977//1977 2051//2051 1978//1978
f 1978//1978 2051//2051 2052//2052
f 1978//1978 2052//2052 1979//1979
f 1979//1979 2052//2052 2053//2053
f 1979//1979 2053//2053 1980//1980
f 1980//1980 2053//2053 2054//2054
f 1980//1980 2054//2054 1981//1981
f 1981//1981 2054//2054 2055//2055
f 1981//1981 2055//2055 1982//1982
f 1982//1982 2055//2055 2056//2056
f 1982//1982 2056//2056 1983//1983
f 1983//1983 2056//2056 2057//2057
f 1983//1983 2057//2057 1984//1984
f 1984//1984 2057//2057 2058//2058
f 1984//1984 2058//2058 1985//1985
f 1985//1985 2058//2058 2059//2059
f 1985//1985 2059//2059 1986//1986
f 1986//1986 2059//2059 2060//2060
f 1986//1986 2060//2060 1987//1987
f 1987//1987 2060//2060 2061//2061
f 1987//1987 2061//2061 1988//1988
f 1988//1988 2061//2061 2062//2062
f 1988//1988 2062//2062 1989//1989
f 1989//1989 2062//2062 2063//2063
f 1989//1989 2063//2063 1990//1990
f 1990//1990 2063//2063 2064//2064
f 1990//1990 2064//2064 1991//1991
f 1991//1991 2064//2064 2065//2065
f 1991//1991 2065//2065 1992//1992
f 1992//1992 2065//2065 2066//2066
f 1992//1992 2066//2066 1993//1993
f 1993//1993 2066//2066 2067//2067
f 1993//1993 2067//2067 1994//1994
f 1994//1994 2067//2067 2068//2068
f 1994//1994 2068//2068 1995//1995
f 1995//1995 2068//2068 2069//2069
f 1995//1995 2069//2069 1996//1996
f 1996//1996 2069//2069 2070//2070
f 1996//1996 2070//2070 1997//1997
f 1997//1997 2070//2070 2071//2071
f 1997//1997 2071//2071 1998//1998
f 1998//1998 2071//2071 2072//2072
f 1998//1998 2072//2072 1999//1999
f 1999//1999 2072//2072 2073//2073
f 1999//1999 2073//2073 2000//2000
f 2000//2000 2073//2073 2074//2074
f 2000//2000 2074//2074 2001//2001
f 2001//2001 2074//2074 2075//2075
f 2001//2001 2075//2075 2002//2002
f 2002//2002 2075//2075 2076//2076
f 2002//2002 2076//2076 2003//2003
f 2003//2003 2076//2076 2077//2077
f 2003//2003 2077//2077 2004//2004
f 2004//2004 2077//2077 2078//2078
f 2004//2004 2078//2078 2005//2005
f 2005//2005 2078//2078 2079//2079
f 2005//2005 2079//2079 2006//2006
f 2006//2006 2079//2079 2080//2080
f 2006//2006 2080//2080 2007//2007
f 2007//2007 2080//2080 2081//2081
f 2007//2007 2081//2081 2008//2008
f 2008//2008 2081//2081 2082//2082
f 2008//2008 2082//2082 2009//2009
f 2009//2009 2082//2082 2083//2083
f 2009//2009 2083//2083 2010//2010
f 2010//2010 2083//2083 2084//2084
f 2010//2010 2084//2084 2011//2011
f 2011//2011 2084//2084 2085//2085
f 2011//2011 2085//2085 2012//2012
f 2012//2012 2085//2085 2086//2086
f 2012//2012 2086//2086 2013//2013
f 2013//2013 2086//2086 2087//2087
f 2013//2013 2087//2087 2014//2014
f 2014//2014 2087//2087 2088//2088
f 2014//2014 2088//2088 2015//2015
f 2015//2015 2088//2088 2089//2089
f 2015//2015 2089//2089 2016//2016
f 2016//2016 2089//2089 2090//2090
f 2016//2016 2090//2090 2017//2017
f 2017//2017 2090//2090 2091//2091
f 2017//2017 2091//2091 2018//2018
f 2018//2018 2091//2091 2092//2092
f 2018//2018 2092//2092 2019//2019
f 2019//2019 2092//2092 2093//2093
f 2019//2019 2093//2093 2020//2020
f 2020//2020 2093//2093 2094//2094
f 2020//2020 2094//2094 2021//2021
f 2021//2021 2094//2094 2095//2095
f 2021//2021 2095//2095 2022//2022
f 2022//2022 2095//2095 2096//2096
f 2022//2022 2096//2096 2023//2023
f 2023//2023 2096//2096 2097//2097
f 2023//2023 2097//2097 2024//2024
f 2024//2024 2097//2097 2098//2098
f 2024//2024 2098//2098 2025//2025
f 2025//2025 2098//2098 2099//2099
f 2025//2025 2099//2099 2026//2026
f 2026//2026 2099//2099 2100//2100
f 2026//2026 2100//2100 2027//2027
f 2027//2027 2100//2100 2101//2101
f 2027//2027 2101//2101 2028//2028
f 2028//2028 2101//2101 2102//2102
f 2028//2028 2102//2102 2029//2029
f 2029//2029 2102//2102 2103//2103
f 2029//2029 2103//2103 2030//2030
f 2030//2030 2103//2103 2104//2104
f 2030//2030 2104//2104 2031//2031
f 2031//2031 2104//2104 2105//2105
f 2031//2031 2105//2105 2032//2032
f 2032//2032 2105//2105 2106//2106
f 2032//2032 2106//2106 2033//2033
f 2033//2033 2106//2106 2107//2107
f 2033//2033 2107//2107 2034//2034
f 2034//2034 2107//2107 2108//2108
f 2034//2034 2108//2108 2035//2035
f 2035//2035 2108//2108 2109//2109
f 2035//2035 2109//2109 2036//2036
f 2036//2036 2109//2109 2110//2110
f 2036//2036 2110//2110 2037//2037
f 2037//2037 2110//2110 2111//2111
f 2037//2037 2111//2111 2038//2038
f 2038//2038 2111//2111 2112//2112
f 2038//2038 2112//2112 2039//2039
f 2039//2039 2112//2112 2113//2113
f 2039//2039 2113//2113 2040//2040
f 2040//2040 2113//2113 2114//2114
f 2040//2040 2114//2114 2041//2041
f 2041//2041 2114//2114 2115//2115
f 2041//2041 2115//2115 2042//2042
f 2042//2042 2115//2115 2116//2116
f 2042//2042 2116//2116 2043//2043
f 2043//2043 2116//2116 2117//2117
f 2043//2043 2117//2117 2044//2044
f 2045//2045 2118//2118 2119//2119
f 2045//2045 2119//2119 2046//2046
f 2046//2046 2119//2119 2120//2120
f 2046//2046 2120//2120 2047//2047
f 2047//2047 2120//2120 2121//2121
f 2047//2047 2121//2121 2048//2048
f 2048//2048 2121//2121 2122//2122
f 2048//2048 2122//2122 2049//2049
f 2049//2049 2122//2122 2123//2123
f 2049//2049 2123//2123 2050//2050
f 2050//2050 2123//2123 2124//2124
f 2050//2050 2124//2124 2051//2051
f 2051//2051 2124//2124 2125//2125
f 2051//2051 2125//2125 2052//2052
f 2052//2052 2125//2125 2126//2126
f 2052//2052 2126//2126 2053//2053
f 2053//2053 2126//2126 2127//2127
f 2053//2053 2127//2127 2054//2054
f 2054//2054 2127//2127 2128//2128
f 2054//2054 2128//2128 2055//2055
f 2055//2055 2128//2128 2129//2129
f 2055//2055 2129//2129 2056//2056
f 2056//2056 2129//2129 2130//2130
f 2056//2056 2130//2130 2057//2057
f 2057//2057 2130//2130 2131//2131
f 2057//2057 2131//2131 2058//2058
f 2058//2058 2131//2131 2132//2132
f 2058//2058 2132//2132 2059//2059
f 2059//2059 2132//2132 2133//2133
f 2059//2059 2133//2133 2060//2060
f 2060//2060 2133//2133 2134//2134
f 2060//2060 2134//2134 2061//2061
f 2061//2061 2134//2134 2135//2135
f 2061//2061 2135//2135 2062//2062
f 2062//2062 2135//2135 2136//2136
f 2062//2062 2136//2136 2063//2063
f 2063//2063 2136//2136 2137//2137
f 2063//2063 2137//2137 2064//2064
f 2064//2064 2137//2137 2138//2138
f 2064//2064 2138//2138 2065//2065
f 2065//2065 2138//2138 2139//2139
f 2065//2065 2139//2139 2066//2066
f 2066//2066 2139//2139 2140//2140
f 2066//2066 2140//2140 2067//2067
f 2067//2067 2140//2140 2141//2141
f 2067//2067 2141//2141 2068//2068
f 2068//2068 2141//2141 2142//2142
f 2068//2068 2142//2142 2069//2069
f 2069//2069 2142//2142 2143//2143
f 2069//2069 2143//2143 2070//2070
f 2070//2070 2143//2143 2144//2144
f 2070//2070 2144//2144 2071//2071
f 2071//2071 2144//2144 2145//2145
f 2071//2071 2145//2145 2072//2072
f 2072//2072 2145//2145 2146//2146
f 2072//2072 2146//2146 2073//2073
f 2073//2073 2146//2146 2147//2147
f 2073//2073 2147//2147 2074//2074
f 2074//2074 2147//2147 2148//2148
f 2074//2074 2148//2148 2075//2075
f 2075//2075 2148//2148 2149//2149
f 2075//2075 2149//2149 2076//2076
f 2076//2076 2149//2149 2150//2150
f 2076//2076 2150//2150 2077//2077
f 2077//2077 2150//2150 2151//2151
f 2077//2077 2151//2151 2078//2078
f 2078//2078 2151//2151 2152//2152
f 2078//2078 2152//2152 2079//2079
f 2079//2079 2152//2152 2153//2153
f 2079//2079 2153//2153 2080//2080
f 2080//2080 2153//2153 2154//2154
f 2080//2080 2154//2154 2081//2081
f 2081//2081 2154//2154 2155//2155
f 2081//2081 2155//2155 2082//2082
f 2082//2082 2155//2155 2156//2156
f 2082//2082 2156//2156 2083//2083
f 2083//2083 2156//2156 2157//2157
f 2083//2083 2157//2157 2084//2084
f 2084//2084 2157//2157 2158//2158
f 2084//2084 2158//2158 2085//2085
f 2085//2085 2158//2158 2159//2159
f 2085//2085 2159//2159 2086//2086
f 2086//2086 2159//2159 2160//2160
f 2086//2086 2160//2160 2087//2087
f 2087//2087 2160//2160 2161//2161
f 2087//2087 2161//2161 2088//2088
f 2088//2088 2161//2161 2162//2162
f 2088//2088 2162//2162 2089//2089
f 2089//2089 2162//2162 2163//2163
f 2089//2089 2163//2163 2090//2090
f 2090//2090 2163//2163 2164//2164
f 2090//2090 2164//2164 2091//2091
f 2091//2091 2164//2164 2165//2165
f 2091//2091 2165//2165 2092//2092
f 2092//2092 2165//2165 2166//2166
f 2092//2092 2166//2166 2093//2093
f 2093//2093 2166//2166 2167//2167
f 2093//2093 2167//2167 2094//2094
f 2094//2094 2167//2167 2168//2168
f 2094//2094 2168//2168 2095//2095
f 2095//2095 2168//2168 2169//2169
f 2095//2095 2169//2169 2096//2096
f 2096//2096 2169//2169 2170//2170
f 2096//2096 2170//2170 2097//2097
f 2097//2097 2170//2170 2171//2171
f 2097//2097 2171//2171 2098//2098
f 2098//2098 2171//2171 2172//2172
f 2098//2098 2172//2172 2099//2099
f 2099//2099 2172//2172 2173//2173
f 2099//2099 2173//2173 2100//2100
f 2100//2100 2173//2173 2174//2174
f 2100//2100 2174//2174 2101//2101
f 2101//2101 2174//2174 2175//2175
f 2101//2101 2175//2175 2102//2102
f 2102//2102 2175//2175 2176//2176
f 2102//2102 2176//2176 2103//2103
f 2103//2103 2176//2176 2177//2177
f 2103//2103 2177//2177 2104//2104
f 2104//2104 2177//2177 2178//2178
f 2104//2104 2178//2178 2105//2105
f 2105//2105 2178//2178 2179//2179
f 2105//2105 2179//2179 2106//2106
f 2106//2106 2179//2179 2180//2180
f 2106//2106 2180//2180 2107//2107
f 2107//2107 2180//2180 2181//2181
f 2107//2107 2181//2181 2108//2108
f 2108//2108 2181//2181 2182//2182
f 2108//2108 2182//2182 2109//2109
f 2109//2109 2182//2182 2183//2183
f 2109//2109 2183//2183 2110//2110
f 2110//2110 2183//2183 2184//2184
f 2110//2110 2184//2184 2111//2111
f 2111//2111 2184//2184 2185//2185
f 2111//2111 2185//2185 2112//2112
f 2112//2112 2185//2185 2186//2186
f 2112//2112 2186//2186 2113//2113
f 2113//2113 2186//2186 2187//2187
f 2113//2113 2187//2187 2114//2114
f 2114//2114 2187//2187 2188//2188
f 2114//2114 2188//2188 2115//2115
f 2115//2115 2188//2188 2189//2189
f 2115//2115 2189//2189 2116//2116
f 2116//2116 2189//2189 2190//2190
f 2116//2116 2190//2190 2117//2117
f 2118//2118 2191//2191 2192//2192
f 2118//2118 2192//2192 2119//2119
f 2119//2119 2192//2192 2193//2193
f 2119//2119 2193//2193 2120//2120
f 2120//2120 2193//2193 2194//2194
f 2120//2120 2194//2194 2121//2121
f 2121//2121 2194//2194 2195//2195
f 2121//2121 2195//2195 2122//2122
f 2122//2122 2195//2195 2196//2196
f 2122//2122 2196//2196 2123//2123
f 2123//2123 2196//2196 2197//2197
f 2123//2123 2197//2197 2124//2124
f 2124//2124 2197//2197 2198//2198
f 2124//2124 2198//2198 2125//2125
f 2125//2125 2198//2198 2199//2199
f 2125//2125 2199//2199 2126//2126
f 2126//2126 2199//2199 2200//2200
f 2126//2126 2200//2200 2127//2127
f 2127//2127 2200//2200 2201//2201
f 2127//2127 2201//2201 2128//2128
f 2128//2128 2201//2201 2202//2202
f 2128//2128 2202//2202 2129//2129
f 2129//2129 2202//2202 2203//2203
f 2129//2129 2203//2203 2130//2130
f 2130//2130 2203//2203 2204//2204
f 2130//2130 2204//2204 2131//2131
f 2131//2131 2204//2204 2205//2205
f 2131//2131 2205//2205 2132//2132
f 2132//2132 2205//2205 2206//2206
f 2132//2132 2206//2206 2133//2133
f 2133//2133 2206//2206 2207//2207
f 2133//2133 2207//2207 2134//2134
f 2134//2134 2207//2207 2208//2208
f 2134//2134 2208//2208 2135//2135
f 2135//2135 2208//2208 2209//2209
f 2135//2135 2209//2209 2136//2136
f 2136//2136 2209//2209 2210//2210
f 2136//2136 2210//2210 2137//2137
f 2137//2137 2210//2210 2211//2211
f 2137//2137 2211//2211 2138//2138
f 2138//2138 2211//2211 2212//2212
f 2138//2138 2212//2212 2139//2139
f 2139//2139 2212//2212 2213//2213
f 2139//2139 2213//2213 2140//2140
f 2140//2140 2213//2213 2214//2214
f 2140//2140 2214//2214 2141//2141
f 2141//2141 2214//2214 2215//2215
f 2141//2141 2215//2215 2142//2142
f 2142//2142 2215//2215 2216//2216
f 2142//2142 2216//2216 2143//2143
f 2143//2143 2216//2216 2217//2217
f 2143//2143 2217//2217 2144//2144
f 2144//2144 2217//2217 2218//2218
f 2144//2144 2218//2218 2145//2145
f 2145//2145 2218//2218 2219//2219
f 2145//2145 2219//2219 2146//2146
f 2146//2146 2219//2219 2220//2220
f 2146//2146 2220//2220 2147//2147
f 2147//2147 2220//2220 2221//2221
f 2147//2147 2221//2221 2148//2148
f 2148//2148 2221//2221 2222//2222
f 2148//2148 2222//2222 2149//2149
f 2149//2149 2222//2222 2223//2223
f 2149//2149 2223//2223 2150//2150
f 2150//2150 2223//2223 2224//2224
f 2150//2150 2224//2224 2151//2151
f 2151//2151 2224//2224 2225//2225
f 2151//2151 2225//2225 2152//2152
f 2152//2152 2225//2225 2226//2226
f 2152//2152 2226//2226 2153//2153
f 2153//2153 2226//2226 2227//2227
f 2153//2153 2227//2227 2154//2154
f 2154//2154 2227//2227 2228//2228
f 2154//2154 2228//2228 2155//2155
f 2155//2155 2228//2228 2229//2229
f 2155//2155 2229//2229 2156//2156
f 2156//2156 2229//2229 2230//2230
f 2156//2156 2230//2230 2157//2157
f 2157//2157 2230//2230 2231//2231
f 2157//2157 2231//2231 2158//2158
f 2158//2158 2231//2231 2232//2232
f 2158//2158 2232//2232 2159//2159
f 2159//2159 2232//2232 2233//2233
f 2159//2159 2233//2233 2160//2160
f 2160//2160 2233//2233 2234//2234
f 2160//2160 2234//2234 2161//2161
f 2161//2161 2234//2234 2235//2235
f 2161//2161 2235//2235 2162//2162
f 2162//2162 2235//2235 2236//2236
f 2162//2162 2236//2236 2163//2163
f 2163//2163 2236//2236 2237//2237
f 2163//2163 2237//2237 2164//2164
f 2164//2164 2237//2237 2238//2238
f 2164//2164 2238//2238 2165//2165
f 2165//2165 2238//2238 2239//2239
f 2165//2165 2239//2239 2166//2166
f 2166//2166 2239//2239 2240//2240
f 2166//2166 2240//2240 2167//2167
f 2167//2167 2240//2240 2241//2241
f 2167//2167 2241//2241 2168//2168
f 2168//2168 2241//2241 2242//2242
f 2168//2168 2242//2242 2169//2169
f 2169//2169 2242//2242 2243//2243
f 2169//2169 2243//2243 2170//2170
f 2170//2170 2243//2243 2244//2244
f 2170//2170 2244//2244 2171//2171
f 2171//2171 2244//2244 2245//2245
f 2171//2171 2245//2245 2172//2172
f 2172//2172 2245//2245 2246//2246
f 2172//2172 2246//2246 2173//2173
f 2173//2173 2246//2246 2247//2247
f 2173//2173 2247//2247 2174//2174
f 2174//2174 2247//2247 2248//2248
f 2174//2174 2248//2248 2175//2175
f 2175//2175 2248//2248 2249//2249
f 2175//2175 2249//2249 2176//2176
f 2176//2176 2249//2249 2250//2250
f 2176//2176 2250//2250 2177//2177
f 2177//2177 2250//2250 2251//2251
f 2177//2177 2251//2251 2178//2178
f 2178//2178 2251//2251 2252//2252
f 2178//2178 2252//2252 2179//2179
f 2179//2179 2252//2252 2253//2253
f 2179//2179 2253//2253 2180//2180
f 2180//2180 2253//2253 2254//2254
f 2180//2180 2254//2254 2181//2181
f 2181//2181 2254//2254 2255//2255
f 2181//2181 2255//2255 2182//2182
f 2182//2182 2255//2255 2256//2256
f 2182//2182 2256//2256 2183//2183
f 2183//2183 2256//2256 2257//2257
f 2183//2183 2257//2257 2184//2184
f 2184//2184 2257//2257 2258//2258
f 2184//2184 2258//2258 2185//2185
f 2185//2185 2258//2258 2259//2259
f 2185//2185 2259//2259 2186//2186
f 2186//2186 2259//2259 2260//2260
f 2186//2186 2260//2260 2187//2187
f 2187//2187 2260//2260 2261//2261
f 2187//2187 2261//2261 2188//2188
f 2188//2188 2261//2261 2262//2262
f 2188//2188 2262//2262 2189//2189
f 2189//2189 2262//2262 2263//2263
f 2189//2189 2263//2263 2190//2190
f 2191//2191 2264//2264 2265//2265
f 2191//2191 2265//2265 2192//2192
f 2192//2192 2265//2265 2266//2266
f 2192//2192 2266//2266 2193//2193
f 2193//2193 2266//2266 2267//2267
f 2193//2193 2267//2267 2194//2194
f 2194//2194 2267//2267 2268//2268
f 2194//2194 2268//2268 2195//2195
f 2195//2195 2268//2268 2269//2269
f 2195//2195 2269//2269 2196//2196
f 2196//2196 2269//2269 2270//2270
f 2196//2196 2270//2270 2197//2197
f 2197//2197 2270//2270 2271//2271
f 2197//2197 2271//2271 2198//2198
f 2198//2198 2271//2271 2272//2272
f 2198//2198 2272//2272 2199//2199
f 2199//2199 2272//2272 2273//2273
f 2199//2199 2273//2273 2200//2200
f 2200//2200 2273//2273 2274//2274
f 2200//2200 2274//2274 2201//2201
f 2201//2201 2274//2274 2275//2275
f 2201//2201 2275//2275 2202//2202
f 2202//2202 2275//2275 2276//2276
f 2202//2202 2276//2276 2203//2203
f 2203//2203 2276//2276 2277//2277
f 2203//2203 2277//2277 2204//2204
f 2204//2204 2277//2277 2278//2278
f 2204//2204 2278//2278 2205//2205
f 2205//2205 2278//2278 2279//2279
f 2205//2205 2279//2279 2206//2206
f 2206//2206 2279//2279 2280//2280
f 2206//2206 2280//2280 2207//2207
f 2207//2207 2280//2280 2281//2281
f 2207//2207 2281//2281 2208//2208
f 2208//2208 2281//2281 2282//2282
f 2208//2208 2282//2282 2209//2209
f 2209//2209 2282//2282 2283//2283
f 2209//2209 2283//2283 2210//2210
f 2210//2210 2283//2283 2284//2284
f 2210//2210 2284//2284 2211//2211
f 2211//2211 2284//2284 2285//2285
f 2211//2211 2285//2285 2212//2212
f 2212//2212 2285//2285 2286//2286
f 2212//2212 2286//2286 2213//2213
f 2213//2213 2286//2286 2287//2287
f 2213//2213 2287//2287 2214//2214
f 2214//2214 2287//2287 2288//2288
f 2214//2214 2288//2288 2215//2215
f 2215//2215 2288//2288 2289//2289
f 2215//2215 2289//2289 2216//2216
f 2216//2216 2289//2289 2290//2290
f 2216//2216 2290//2290 2217//2217
f 2217//2217 2290//2290 2291//2291
f 2217//2217 2291//2291 2218//2218
f 2218//2218 2291//2291 2292//2292
f 2218//2218 2292//2292 2219//2219
f 2219//2219 2292//2292 2293//2293
f 2219//2219 2293//2293 2220//2220
f 2220//2220 2293//2293 2294//2294
f 2220//2220 2294//2294 2221//2221
f 2221//2221 2294//2294 2295//2295
f 2221//2221 2295//2295 2222//2222
f 2222//2222 2295//2295 2296//2296
f 2222//2222 2296//2296 2223//2223
f 2223//2223 2296//2296 2297//2297
f 2223//2223 2297//2297 2224//2224
f 2224//2224 2297//2297 2298//2298
f 2224//2224 2298//2298 2225//2225
f 2225//2225 2298//2298 2299//2299
f 2225//2225 2299//2299 2226//2226
f 2226//2226 2299//2299 2300//2300
f 2226//2226 2300//2300 2227//2227
f 2227//2227 2300//2300 2301//2301
f 2227//2227 2301//2301 2228//2228
f 2228//2228 2301//2301 2302//2302
f 2228//2228 2302//2302 2229//2229
f 2229//2229 2302//2302 2303//2303
f 2229//2229 2303//2303 2230//2230
f 2230//2230 2303//2303 2304//2304
f 2230//2230 2304//2304 2231//2231
f 2231//2231 2304//2304 2305//2305
f 2231//2231 2305//2305 2232//2232
f 2232//2232 2305//2305 2306//2306
f 2232//2232 2306//2306 2233//2233
f 2233//2233 2306//2306 2307//2307
f 2233//2233 2307//2307 2234//2234
f 2234//2234 2307//2307 2308//2308
f 2234//2234 2308//2308 2235//2235
f 2235//2235 2308//2308 2309//2309
f 2235//2235 2309//2309 2236//2236
f 2236//2236 2309//2309 2310//2310
f 2236//2236 2310//2310 2237//2237
f 2237//2237 2310//2310 2311//2311
f 2237//2237 2311//2311 2238//2238
f 2238//2238 2311//2311 2312//2312
f 2238//2238 2312//2312 2239//2239
f 2239//2239 2312//2312 2313//2313
f 2239//2239 2313//2313 2240//2240
f 2240//2240 2313//2313 2314//2314
f 2240//2240 2314//2314 2241//2241
f 2241//2241 2314//2314 2315//2315
f 2241//2241 2315//2315 2242//2242
f 2242//2242 2315//2315 2316//2316
f 2242//2242 2316//2316 2243//2243
f 2243//2243 2316//2316 2317//2317
f 2243//2243 2317//2317 2244//2244
f 2244//2244 2317//2317 2318//2318
f 2244//2244 2318//2318 2245//2245
f 2245//2245 2318//2318 2319//2319
f 2245//2245 2319//2319 2246//2246
f 2246//2246 2319//2319 2320//2320
f 2246//2246 2320//2320 2247//2247
f 2247//2247 2320//2320 2321//2321
f 2247//2247 2321//2321 2248//2248
f 2248//2248 2321//2321 2322//2322
f 2248//2248 2322//2322 2249//2249
f 2249//2249 2322//2322 2323//2323
f 2249//2249 2323//2323 2250//2250
f 2250//2250 2323//2323 2324//2324
f 2250//2250 2324//2324 2251//2251
f 2251//2251 2324//2324 2325//2325
f 2251//2251 2325//2325 2252//2252
f 2252//2252 2325//2325 2326//2326
f 2252//2252 2326//2326 2253//2253
f 2253//2253 2326//2326 2327//2327
f 2253//2253 2327//2327 2254//2254
f 2254//2254 2327//2327 2328//2328
f 2254//2254 2328//2328 2255//2255
f 2255//2255 2328//2328 2329//2329
f 2255//2255 2329//2329 2256//2256
f 2256//2256 2329//2329 2330//2330
f 2256//2256 2330//2330 2257//2257
f 2257//2257 2330//2330 2331//2331
f 2257//2257 2331//2331 2258//2258
f 2258//2258 2331//2331 2332//2332
f 2258//2258 2332//2332 2259//2259
f 2259//2259 2332//2332 2333//2333
f 2259//2259 2333//2333 2260//2260
f 2260//2260 2333//2333 2334//2334
f 2260//2260 2334//2334 2261//2261
f 2261//2261 2334//2334 2335//2335
f 2261//2261 2335//2335 2262//2262
f 2262//2262 2335//2335 2336//2336
f 2262//2262 2336//2336 2263//2263
f 2264//2264 2337//2337 2338//2338
f 2264//2264 2338//2338 2265//2265
f 2265//2265 2338//2338 2339//2339
f 2265//2265 2339//2339 2266//2266
f 2266//2266 2339//2339 2340//2340
f 2266//2266 2340//2340 2267//2267
f 2267//2267 2340//2340 2341//2341
f 2267//2267 2341//2341 2268//2268
f 2268//2268 2341//2341 2342//2342
f 2268//2268 2342//2342 2269//2269
f 2269//2269 2342//2342 2343//2343
f 2269//2269 2343//2343 2270//2270
f 2270//2270 2343//2343 2344//2344
f 2270//2270 2344//2344 2271//2271
f 2271//2271 2344//2344 2345//2345
f 2271//2271 2345//2345 2272//2272
f 2272//2272 2345//2345 2346//2346
f 2272//2272 2346//2346 2273//2273
f 2273//2273 2346//2346 2347//2347
f 2273//2273 2347//2347 2274//2274
f 2274//2274 2347//2347 2348//2348
f 2274//2274 2348//2348 2275//2275
f 2275//2275 2348//2348 2349//2349
f 2275//2275 2349//2349 2276//2276
f 2276//2276 2349//2349 2350//2350
f 2276//2276 2350//2350 2277//2277
f 2277//2277 2350//2350 2351//2351
f 2277//2277 2351//2351 2278//2278
f 2278//2278 2351//2351 2352//2352
f 2278//2278 2352//2352 2279//2279
f 2279//2279 2352//2352 2353//2353
f 2279//2279 2353//2353 2280//2280
f 2280//2280 2353//2353 2354//2354
f 2280//2280 2354//2354 2281//2281
f 2281//2281 2354//2354 2355//2355
f 2281//2281 2355//2355 2282//2282
f 2282//2282 2355//2355 2356//2356
f 2282//2282 2356//2356 2283//2283
f 2283//2283 2356//2356 2357//2357
f 2283//2283 2357//2357 2284//2284
f 2284//2284 2357//2357 2358//2358
f 2284//2284 2358//2358 2285//2285
f 2285//2285 2358//2358 2359//2359
f 2285//2285 2359//2359 2286//2286
f 2286//2286 2359//2359 2360//2360
f 2286//2286 2360//2360 2287//2287
f 2287//2287 2360//2360 2361//2361
f 2287//2287 2361//2361 2288//2288
f 2288//2288 2361//2361 2362//2362
f 2288//2288 2362//2362 2289//2289
f 2289//2289 2362//2362 2363//2363
f 2289//2289 2363//2363 2290//2290
f 2290//2290 2363//2363 2364//2364
f 2290//2290 2364//2364 2291//2291
f 2291//2291 2364//2364 2365//2365
f 2291//2291 2365//2365 2292//2292
f 2292//2292 2365//2365 2366//2366
f 2292//2292 2366//2366 2293//2293
f 2293//2293 2366//2366 2367//2367
f 2293//2293 2367//2367 2294//2294
f 2294//2294 2367//2367 2368//2368
f 2294//2294 2368//2368 2295//2295
f 2295//2295 2368//2368 2369//2369
f 2295//2295 2369//2369 2296//2296
f 2296//2296 2369//2369 2370//2370
f 2296//2296 2370//2370 2297//2297
f 2297//2297 2370//2370 2371//2371
f 2297//2297 2371//2371 2298//2298
f 2298//2298 2371//2371 2372//2372
f 2298//2298 2372//2372 2299//2299
f 2299//2299 2372//2372 2373//2373
f 2299//2299 2373//2373 2300//2300
f 2300//2300 2373//2373 2374//2374
f 2300//2300 2374//2374 2301//2301
f 2301//2301 2374//2374 2375//2375
f 2301//2301 2375//2375 2302//2302
f 2302//2302 2375//2375 2376//2376
f 2302//2302 2376//2376 2303//2303
f 2303//2303 2376//2376 2377//2377
f 2303//2303 2377//2377 2304//2304
f 2304//2304 2377//2377 2378//2378
f 2304//2304 2378//2378 2305//2305
f 2305//2305 2378//2378 2379//2379
f 2305//2305 2379//2379 2306//2306
f 2306//2306 2379//2379 2380//2380
f 2306//2306 2380//2380 2307//2307
f 2307//2307 2380//2380 2381//2381
f 2307//2307 2381//2381 2308//2308
f 2308//2308 2381//2381 2382//2382
f 2308//2308 2382//2382 2309//2309
f 2309//2309 2382//2382 2383//2383
f 2309//2309 2383//2383 2310//2310
f 2310//2310 2383//2383 2384//2384
f 2310//2310 2384//2384 2311//2311
f 2311//2311 2384//2384 2385//2385
f 2311//2311 2385//2385 2312//2312
f 2312//2312 2385//2385 2386//2386
f 2312//2312 2386//2386 2313//2313
f 2313//2313 2386//2386 2387//2387
f 2313//2313 2387//2387 2314//2314
f 2314//2314 2387//2387 2388//2388
f 2314//2314 2388//2388 2315//2315
f 2315//2315 2388//2388 2389//2389
f 2315//2315 2389//2389 2316//2316
f 2316//2316 2389//2389 2390//2390
f 2316//2316 2390//2390 2317//2317
f 2317//2317 2390//2390 2391//2391
f 2317//2317 2391//2391 2318//2318
f 2318//2318 2391//2391 2392//2392
f 2318//2318 2392//2392 2319//2319
f 2319//2319 2392//2392 2393//2393
f 2319//2319 2393//2393 2320//2320
f 2320//2320 2393//2393 2394//2394
f 2320//2320 2394//2394 2321//2321
f 2321//2321 2394//2394 2395//2395
f 2321//2321 2395//2395 2322//2322
f 2322//2322 2395//2395 2396//2396
f 2322//2322 2396//2396 2323//2323
f 2323//2323 2396//2396 2397//2397
f 2323//2323 2397//2397 2324//2324
f 2324//2324 2397//2397 2398//2398
f 2324//2324 2398//2398 2325//2325
f 2325//2325 2398//2398 2399//2399
f 2325//2325 2399//2399 2326//2326
f 2326//2326 2399//2399 2400//2400
f 2326//2326 2400//2400 2327//2327
f 2327//2327 2400//2400 2401//2401
f 2327//2327 2401//2401 2328//2328
f 2328//2328 2401//2401 2402//2402
f 2328//2328 2402//2402 2329//2329
f 2329//2329 2402//2402 2403//2403
f 2329//2329 2403//2403 2330//2330
f 2330//2330 2403//2403 2404//2404
f 2330//2330 2404//2404 2331//2331
f 2331//2331 2404//2404 2405//2405
f 2331//2331 2405//2405 2332//2332
f 2332//2332 2405//2405 2406//2406
f 2332//2332 2406//2406 2333//2333
f 2333//2333 2406//2406 2407//2407
f 2333//2333 2407//2407 2334//2334
f 2334//2334 2407//2407 2408//2408
f 2334//2334 2408//2408 2335//2335
f 2335//2335 2408//2408 2409//2409
f 2335//2335 2409//2409 2336//2336
f 2337//2337 2410//2410 2411//2411
f 2337//2337 2411//2411 2338//2338
f 2338//2338 2411//2411 2412//2412
f 2338//2338 2412//2412 2339//2339
f 2339//2339 2412//2412 2413//2413
f 2339//2339 2413//2413 2340//2340
f 2340//2340 2413//2413 2414//2414
f 2340//2340 2414//2414 2341//2341
f 2341//2341 2414//2414 2415//2415
f 2341//2341 2415//2415 2342//2342
f 2342//2342 2415//2415 2416//2416
f 2342//2342 2416//2416 2343//2343
f 2343//2343 2416//2416 2417//2417
f 2343//2343 2417//2417 2344//2344
f 2344//2344 2417//2417 2418//2418
f 2344//2344 2418//2418 2345//2345
f 2345//2345 2418//2418 2419//2419
f 2345//2345 2419//2419 2346//2346
f 2346//2346 2419//2419 2420//2420
f 2346//2346 2420//2420 2347//2347
f 2347//2347 2420//2420 2421//2421
f 2347//2347 2421//2421 2348//2348
f 2348//2348 2421//2421 2422//2422
f 2348//2348 2422//2422 2349//2349
f 2349//2349 2422//2422 2423//2423
f 2349//2349 2423//2423 2350//2350
f 2350//2350 2423//2423 2424//2424
f 2350//2350 2424//2424 2351//2351
f 2351//2351 2424//2424 2425//2425
f 2351//2351 2425//2425 2352//2352
f 2352//2352 2425//2425 2426//2426
f 2352//2352 2426//2426 2353//2353
f 2353//2353 2426//2426 2427//2427
f 2353//2353 2427//2427 2354//2354
f 2354//2354 2427//2427 2428//2428
f 2354//2354 2428//2428 2355//2355
f 2355//2355 2428//2428 2429//2429
f 2355//2355 2429//2429 2356//2356
f 2356//2356 2429//2429 2430//2430
f 2356//2356 2430//2430 2357//2357
f 2357//2357 2430//2430 2431//2431
f 2357//2357 2431//2431 2358//2358
f 2358//2358 2431//2431 2432//2432
f 2358//2358 2432//2432 2359//2359
f 2359//2359 2432//2432 2433//2433
f 2359//2359 2433//2433 2360//2360
f 2360//2360 2433//2433 2434//2434
f 2360//2360 2434//2434 2361//2361
f 2361//2361 2434//2434 2435//2435
f 2361//2361 2435//2435 2362//2362
f 2362//2362 2435//2435 2436//2436
f 2362//2362 2436//2436 2363//2363
f 2363//2363 2436//2436 2437//2437
f 2363//2363 2437//2437 2364//2364
f 2364//2364 2437//2437 2438//2438
f 2364//2364 2438//2438 2365//2365
f 2365//2365 2438//2438 2439//2439
f 2365//2365 2439//2439 2366//2366
f 2366//2366 2439//2439 2440//2440
f 2366//2366 2440//2440 2367//2367
f 2367//2367 2440//2440 2441//2441
f 2367//2367 2441//2441 2368//2368
f 2368//2368 2441//2441 2442//2442
f 2368//2368 2442//2442 2369//2369
f 2369//2369 2442//2442 2443//2443
f 2369//2369 2443//2443 2370//2370
f 2370//2370 2443//2443 2444//2444
f 2370//2370 2444//2444 2371//2371
f 2371//2371 2444//2444 2445//2445
f 2371//2371 2445//2445 2372//2372
f 2372//2372 2445//2445 2446//2446
f 2372//2372 2446//2446 2373//2373
f 2373//2373 2446//2446 2447//2447
f 2373//2373 2447//2447 2374//2374
f 2374//2374 2447//2447 2448//2448
f 2374//2374 2448//2448 2375//2375
f 2375//2375 2448//2448 2449//2449
f 2375//2375 2449//2449 2376//2376
f 2376//2376 2449//2449 2450//2450
f 2376//2376 2450//2450 2377//2377
f 2377//2377 2450//2450 2451//2451
f 2377//2377 2451//2451 2378//2378
f 2378//2378 2451//2451 2452//2452
f 2378//2378 2452//2452 2379//2379
f 2379//2379 2452//2452 2453//2453
f 2379//2379 2453//2453 2380//2380
f 2380//2380 2453//2453 2454//2454
f 2380//2380 2454//2454 2381//2381
f 2381//2381 2454//2454 2455//2455
f 2381//2381 2455//2455 2382//2382
f 2382//2382 2455//2455 2456//2456
f 2382//2382 2456//2456 2383//2383
f 2383//2383 2456//2456 2457//2457
f 2383//2383 2457//2457 2384//2384
f 2384//2384 2457//2457 2458//2458
f 2384//2384 2458//2458 2385//2385
f 2385//2385 2458//2458 2459//2459
f 2385//2385 2459//2459 2386//2386
f 2386//2386 2459//2459 2460//2460
f 2386//2386 2460//2460 2387//2387
f 2387//2387 2460//2460 2461//2461
f 2387//2387 2461//2461 2388//2388
f 2388//2388 2461//2461 2462//2462
f 2388//2388 2462//2462 2389//2389
f 2389//2389 2462//2462 2463//2463
f 2389//2389 2463//2463 2390//2390
f 2390//2390 2463//2463 2464//2464
f 2390//2390 2464//2464 2391//2391
f 2391//2391 2464//2464 2465//2465
f 2391//2391 2465//2465 2392//2392
f 2392//2392 2465//2465 2466//2466
f 2392//2392 2466//2466 2393//2393
f 2393//2393 2466//2466 2467//2467
f 2393//2393 2467//2467 2394//2394
f 2394//2394 2467//2467 2468//2468
f 2394//2394 2468//2468 2395//2395
f 2395//2395 2468//2468 2469//2469
f 2395//2395 2469//2469 2396//2396
f 2396//2396 2469//2469 2470//2470
f 2396//2396 2470//2470 2397//2397
f 2397//2397 2470//2470 2471//2471
f 2397//2397 2471//2471 2398//2398
f 2398//2398 2471//2471 2472//2472
f 2398//2398 2472//2472 2399//2399
f 2399//2399 2472//2472 2473//2473
f 2399//2399 2473//2473 2400//2400
f 2400//2400 2473//2473 2474//2474
f 2400//2400 2474//2474 2401//2401
f 2401//2401 2474//2474 2475//2475
f 2401//2401 2475//2475 2402//2402
f 2402//2402 2475//2475 2476//2476
f 2402//2402 2476//2476 2403//2403
f 2403//2403 2476//2476 2477//2477
f 2403//2403 2477//2477 2404//2404
f 2404//2404 2477//2477 2478//2478
f 2404//2404 2478//2478 2405//2405
f 2405//2405 2478//2478 2479//2479
f 2405//2405 2479//2479 2406//2406
f 2406//2406 2479//2479 2480//2480
f 2406//2406 2480//2480 2407//2407
f 2407//2407 2480//2480 2481//2481
f 2407//2407 2481//2481 2408//2408
f 2408//2408 2481//2481 2482//2482
f 2408//2408 2482//2482 2409//2409
f 2410//2410 2483//2483 2484//2484
f 2410//2410 2484//2484 2411//2411
f 2411//2411 2484//2484 2485//2485
f 2411//2411 2485//2485 2412//2412
f 2412//2412 2485//2485 2486//2486
f 2412//2412 2486//2486 2413//2413
f 2413//2413 2486//2486 2487//2487
f 2413//2413 2487//2487 2414//2414
f 2414//2414 2487//2487 2488//2488
f 2414//2414 2488//2488 2415//2415
f 2415//2415 2488//2488 2489//2489
f 2415//2415 2489//2489 2416//2416
f 2416//2416 2489//2489 2490//2490
f 2416//2416 2490//2490 2417//2417
f 2417//2417 2490//2490 2491//2491
f 2417//2417 2491//2491 2418//2418
f 2418//2418 2491//2491 2492//2492
f 2418//2418 2492//2492 2419//2419
f 2419//2419 2492//2492 2493//2493
f 2419//2419 2493//2493 2420//2420
f 2420//2420 2493//2493 2494//2494
f 2420//2420 2494//2494 2421//2421
f 2421//2421 2494//2494 2495//2495
f 2421//2421 2495//2495 2422//2422
f 2422//2422 2495//2495 2496//2496
f 2422//2422 2496//2496 2423//2423
f 2423//2423 2496//2496 2497//2497
f 2423//2423 2497//2497 2424//2424
f 2424//2424 2497//2497 2498//2498
f 2424//2424 2498//2498 2425//2425
f 2425//2425 2498//2498 2499//2499
f 2425//2425 2499//2499 2426//2426
f 2426//2426 2499//2499 2500//2500
f 2426//2426 2500//2500 2427//2427
f 2427//2427 2500//2500 2501//2501
f 2427//2427 2501//2501 2428//2428
f 2428//2428 2501//2501 2502//2502
f 2428//2428 2502//2502 2429//2429
f 2429//2429 2502//2502 2503//2503
f 2429//2429 2503//2503 2430//2430
f 2430//2430 2503//2503 2504//2504
f 2430//2430 2504//2504 2431//2431
f 2431//2431 2504//2504 2505//2505
f 2431//2431 2505//2505 2432//2432
f 2432//2432 2505//2505 2506//2506
f 2432//2432 2506//2506 2433//2433
f 2433//2433 2506//2506 2507//2507
f 2433//2433 2507//2507 2434//2434
f 2434//2434 2507//2507 2508//2508
f 2434//2434 2508//2508 2435//2435
f 2435//2435 2508//2508 2509//2509
f 2435//2435 2509//2509 2436//2436
f 2436//2436 2509//2509 2510//2510
f 2436//2436 2510//2510 2437//2437
f 2437//2437 2510//2510 2511//2511
f 2437//2437 2511//2511 2438//2438
f 2438//2438 2511//2511 2512//2512
f 2438//2438 2512//2512 2439//2439
f 2439//2439 2512//2512 2513//2513
f 2439//2439 2513//2513 2440//2440
f 2440//2440 2513//2513 2514//2514
f 2440//2440 2514//2514 2441//2441
f 2441//2441 2514//2514 2515//2515
f 2441//2441 2515//2515 2442//2442
f 2442//2442 2515//2515 2516//2516
f 2442//2442 2516//2516 2443//2443
f 2443//2443 2516//2516 2517//2517
f 2443//2443 2517//2517 2444//2444
f 2444//2444 2517//2517 2518//2518
f 2444//2444 2518//2518 2445//2445
f 2445//2445 2518//2518 2519//2519
f 2445//2445 2519//2519 2446//2446
f 2446//2446 2519//2519 2520//2520
f 2446//2446 2520//2520 2447//2447
f 2447//2447 2520//2520 2521//2521
f 2447//2447 2521//2521 2448//2448
f 2448//2448 2521//2521 2522//2522
f 2448//2448 2522//2522 2449//2449
f 2449//2449 2522//2522 2523//2523
f 2449//2449 2523//2523 2450//2450
f 2450//2450 2523//2523 2524//2524
f 2450//2450 2524//2524 2451//2451
f 2451//2451 2524//2524 2525//2525
f 2451//2451 2525//2525 2452//2452
f 2452//2452 2525//2525 2526//2526
f 2452//2452 2526//2526 2453//2453
f 2453//2453 2526//2526 2527//2527
f 2453//2453 2527//2527 2454//2454
f 2454//2454 2527//2527 2528//2528
f 2454//2454 2528//2528 2455//2455
f 2455//2455 2528//2528 2529//2529
f 2455//2455 2529//2529 2456//2456
f 2456//2456 2529//2529 2530//2530
f 2456//2456 2530//2530 2457//2457
f 2457//2457 2530//2530 2531//2531
f 2457//2457 2531//2531 2458//2458
f 2458//2458 2531//2531 2532//2532
f 2458//2458 2532//2532 2459//2459
f 2459//2459 2532//2532 2533//2533
f 2459//2459 2533//2533 2460//2460
f 2460//2460 2533//2533 2534//2534
f 2460//2460 2534//2534 2461//2461
f 2461//2461 2534//2534 2535//2535
f 2461//2461 2535//2535 2462//2462
f 2462//2462 2535//2535 2536//2536
f 2462//2462 2536//2536 2463//2463
f 2463//2463 2536//2536 2537//2537
f 2463//2463 2537//2537 2464//2464
f 2464//2464 2537//2537 2538//2538
f 2464//2464 2538//2538 2465//2465
f 2465//2465 2538//2538 2539//2539
f 2465//2465 2539//2539 2466//2466
f 2466//2466 2539//2539 2540//2540
f 2466//2466 2540//2540 2467//2467
f 2467//2467 2540//2540 2541//2541
f 2467//2467 2541//2541 2468//2468
f 2468//2468 2541//2541 2542//2542
f 2468//2468 2542//2542 2469//2469
f 2469//2469 2542//2542 2543//2543
f 2469//2469 2543//2543 2470//2470
f 2470//2470 2543//2543 2544//2544
f 2470//2470 2544//2544 2471//2471
f 2471//2471 2544//2544 2545//2545
f 2471//2471 2545//2545 2472//2472
f 2472//2472 2545//2545 2546//2546
f 2472//2472 2546//2546 2473//2473
f 2473//2473 2546//2546 2547//2547
f 2473//2473 2547//2547 2474//2474
f 2474//2474 2547//2547 2548//2548
f 2474//2474 2548//2548 2475//2475
f 2475//2475 2548//2548 2549//2549
f 2475//2475 2549//2549 2476//2476
f 2476//2476 2549//2549 2550//2550
f 2476//2476 2550//2550 2477//2477
f 2477//2477 2550//2550 2551//2551
f 2477//2477 2551//2551 2478//2478
f 2478//2478 2551//2551 2552//2552
f 2478//2478 2552//2552 2479//2479
f 2479//2479 2552//2552 2553//2553
f 2479//2479 2553//2553 2480//2480
f 2480//2480 2553//2553 2554//2554
f 2480//2480 2554//2554 2481//2481
f 2481//2481 2554//2554 2555//2555
f 2481//2481 2555//2555 2482//2482
f 2483//2483 2556//2556 2557//2557
f 2483//2483 2557//2557 2484//2484
f 2484//2484 2557//2557 2558//2558
f 2484//2484 2558//2558 2485//2485
f 2485//2485 2558//2558 2559//2559
f 2485//2485 2559//2559 2486//2486
f 2486//2486 2559//2559 2560//2560
f 2486//2486 2560//2560 2487//2487
f 2487//2487 2560//2560 2561//2561
f 2487//2487 2561//2561 2488//2488
f 2488//2488 2561//2561 2562//2562
f 2488//2488 2562//2562 2489//2489
f 2489//2489 2562//2562 2563//2563
f 2489//2489 2563//2563 2490//2490
f 2490//2490 2563//2563 2564//2564
f 2490//2490 2564//2564 2491//2491
f 2491//2491 2564//2564 2565//2565
f 2491//2491 2565//2565 2492//2492
f 2492//2492 2565//2565 2566//2566
f 2492//2492 2566//2566 2493//2493
f 2493//2493 2566//2566 2567//2567
f 2493//2493 2567//2567 2494//2494
f 2494//2494 2567//2567 2568//2568
f 2494//2494 2568//2568 2495//2495
f 2495//2495 2568//2568 2569//2569
f 2495//2495 2569//2569 2496//2496
f 2496//2496 2569//2569 2570//2570
f 2496//2496 2570//2570 2497//2497
f 2497//2497 2570//2570 2571//2571
f 2497//2497 2571//2571 2498//2498
f 2498//2498 2571//2571 2572//2572
f 2498//2498 2572//2572 2499//2499
f 2499//2499 2572//2572 2573//2573
f 2499//2499 2573//2573 2500//2500
f 2500//2500 2573//2573 2574//2574
f 2500//2500 2574//2574 2501//2501
f 2501//2501 2574//2574 2575//2575
f 2501//2501 2575//2575 2502//2502
f 2502//2502 2575//2575 2576//2576
f 2502//2502 2576//2576 2503//2503
f 2503//2503 2576//2576 2577//2577
f 2503//2503 2577//2577 2504//2504
f 2504//2504 2577//2577 2578//2578
f 2504//2504 2578//2578 2505//2505
f 2505//2505 2578//2578 2579//2579
f 2505//2505 2579//2579 2506//2506
f 2506//2506 2579//2579 2580//2580
f 2506//2506 2580//2580 2507//2507
f 2507//2507 2580//2580 2581//2581
f 2507//2507 2581//2581 2508//2508
f 2508//2508 2581//2581 2582//2582
f 2508//2508 2582//2582 2509//2509
f 2509//2509 2582//2582 2583//2583
f 2509//2509 2583//2583 2510//2510
f 2510//2510 2583//2583 2584//2584
f 2510//2510 2584//2584 2511//2511
f 2511//2511 2584//2584 2585//2585
f 2511//2511 2585//2585 2512//2512
f 2512//2512 2585//2585 2586//2586
f 2512//2512 2586//2586 2513//2513
f 2513//2513 2586//2586 2587//2587
f 2513//2513 2587//2587 2514//2514
f 2514//2514 2587//2587 2588//2588
f 2514//2514 2588//2588 2515//2515
f 2515//2515 2588//2588 2589//2589
f 2515//2515 2589//2589 2516//2516
f 2516//2516 2589//2589 2590//2590
f 2516//2516 2590//2590 2517//2517
f 2517//2517 2590//2590 2591//2591
f 2517//2517 2591//2591 2518//2518
f 2518//2518 2591//2591 2592//2592
f 2518//2518 2592//2592 2519//2519
f 2519//2519 2592//2592 2593//2593
f 2519//2519 2593//2593 2520//2520
f 2520//2520 2593//2593 2594//2594
f 2520//2520 2594//2594 2521//2521
f 2521//2521 2594//2594 2595//2595
f 2521//2521 2595//2595 2522//2522
f 2522//2522 2595//2595 2596//2596
f 2522//2522 2596//2596 2523//2523
f 2523//2523 2596//2596 2597//2597
f 2523//2523 2597//2597 2524//2524
f 2524//2524 2597//2597 2598//2598
f 2524//2524 2598//2598 2525//2525
f 2525//2525 2598//2598 2599//2599
f 2525//2525 2599//2599 2526//2526
f 2526//2526 2599//2599 2600//2600
f 2526//2526 2600//2600 2527//2527
f 2527//2527 2600//2600 2601//2601
f 2527//2527 2601//2601 2528//2528
f 2528//2528 2601//2601 2602//2602
f 2528//2528 2602//2602 2529//2529
f 2529//2529 2602//2602 2603//2603
f 2529//2529 2603//2603 2530//2530
f 2530//2530 2603//2603 2604//2604
f 2530//2530 2604//2604 2531//2531
f 2531//2531 2604//2604 2605//2605
f 2531//2531 2605//2605 2532//2532
f 2532//2532 2605//2605 2606//2606
f 2532//2532 2606//2606 2533//2533
f 2533//2533 2606//2606 2607//2607
f 2533//2533 2607//2607 2534//2534
f 2534//2534 2607//2607 2608//2608
f 2534//2534 2608//2608 2535//2535
f 2535//2535 2608//2608 2609//2609
f 2535//2535 2609//2609 2536//2536
f 2536//2536 2609//2609 2610//2610
f 2536//2536 2610//2610 2537//2537
f 2537//2537 2610//2610 2611//2611
f 2537//2537 2611//2611 2538//2538
f 2538//2538 2611//2611 2612//2612
f 2538//2538 2612//2612 2539//2539
f 2539//2539 2612//2612 2613//2613
f 2539//2539 2613//2613 2540//2540
f 2540//2540 2613//2613 2614//2614
f 2540//2540 2614//2614 2541//2541
f 2541//2541 2614//2614 2615//2615
f 2541//2541 2615//2615 2542//2542
f 2542//2542 2615//2615 2616//2616
f 2542//2542 2616//2616 2543//2543
f 2543//2543 2616//2616 2617//2617
f 2543//2543 2617//2617 2544//2544
f 2544//2544 2617//2617 2618//2618
f 2544//2544 2618//2618 2545//2545
f 2545//2545 2618//2618 2619//2619
f 2545//2545 2619//2619 2546//2546
f 2546//2546 2619//2619 2620//2620
f 2546//2546 2620//2620 2547//2547
f 2547//2547 2620//2620 2621//2621
f 2547//2547 2621//2621 2548//2548
f 2548//2548 2621//2621 2622//2622
f 2548//2548 2622//2622 2549//2549
f 2549//2549 2622//2622 2623//2623
f 2549//2549 2623//2623 2550//2550
f 2550//2550 2623//2623 2624//2624
f 2550//2550 2624//2624 2551//2551
f 2551//2551 2624//2624 2625//2625
f 2551//2551 2625//2625 2552//2552
f 2552//2552 2625//2625 2626//2626
f 2552//2552 2626//2626 2553//2553
f 2553//2553 2626//2626 2627//2627
f 2553//2553 2627//2627 2554//2554
f 2554//2554 2627//2627 2628//2628
f 2554//2554 2628//2628 2555//2555
f 2556//2556 2629//2629 2630//2630
f 2556//2556 2630//2630 2557//2557
f 2557//2557 2630//2630 2631//2631
f 2557//2557 2631//2631 2558//2558
f 2558//2558 2631//2631 2632//2632
f 2558//2558 2632//2632 2559//2559
f 2559//2559 2632//2632 2633//2633
f 2559//2559 2633//2633 2560//2560
f 2560//2560 2633//2633 2634//2634
f 2560//2560 2634//2634 2561//2561
f 2561//2561 2634//2634 2635//2635
f 2561//2561 2635//2635 2562//2562
f 2562//2562 2635//2635 2636//2636
f 2562//2562 2636//2636 2563//2563
f 2563//2563 2636//2636 2637//2637
f 2563//2563 2637//2637 2564//2564
f 2564//2564 2637//2637 2638//2638
f 2564//2564 2638//2638 2565//2565
f 2565//2565 2638//2638 2639//2639
f 2565//2565 2639//2639 2566//2566
f 2566//2566 2639//2639 2640//2640
f 2566//2566 2640//2640 2567//2567
f 2567//2567 2640//2640 2641//2641
f 2567//2567 2641//2641 2568//2568
f 2568//2568 2641//2641 2642//2642
f 2568//2568 2642//2642 2569//2569
f 2569//2569 2642//2642 2643//2643
f 2569//2569 2643//2643 2570//2570
f 2570//2570 2643//2643 2644//2644
f 2570//2570 2644//2644 2571//2571
f 2571//2571 2644//2644 2645//2645
f 2571//2571 2645//2645 2572//2572
f 2572//2572 2645//2645 2646//2646
f 2572//2572 2646//2646 2573//2573
f 2573//2573 2646//2646 2647//2647
f 2573//2573 2647//2647 2574//2574
f 2574//2574 2647//2647 2648//2648
f 2574//2574 2648//2648 2575//2575
f 2575//2575 2648//2648 2649//2649
f 2575//2575 2649//2649 2576//2576
f 2576//2576 2649//2649 2650//2650
f 2576//2576 2650//2650 2577//2577
f 2577//2577 2650//2650 2651//2651
f 2577//2577 2651//2651 2578//2578
f 2578//2578 2651//2651 2652//2652
f 2578//2578 2652//2652 2579//2579
f 2579//2579 2652//2652 2653//2653
f 2579//2579 2653//2653 2580//2580
f 2580//2580 2653//2653 2654//2654
f 2580//2580 2654//2654 2581//2581
f 2581//2581 2654//2654 2655//2655
f 2581//2581 2655//2655 2582//2582
f 2582//2582 2655//2655 2656//2656
f 2582//2582 2656//2656 2583//2583
f 2583//2583 2656//2656 2657//2657
f 2583//2583 2657//2657 2584//2584
f 2584//2584 2657//2657 2658//2658
f 2584//2584 2658//2658 2585//2585
f 2585//2585 2658//2658 2659//2659
f 2585//2585 2659//2659 2586//2586
f 2586//2586 2659//2659 2660//2660
f 2586//2586 2660//2660 2587//2587
f 2587//2587 2660//2660 2661//2661
f 2587//2587 2661//2661 2588//2588
f 2588//2588 2661//2661 2662//2662
f 2588//2588 2662//2662 2589//2589
f 2589//2589 2662//2662 2663//2663
f 2589//2589 2663//2663 2590//2590
f 2590//2590 2663//2663 2664//2664
f 2590//2590 2664//2664 2591//2591
f 2591//2591 2664//2664 2665//2665
f 2591//2591 2665//2665 2592//2592
f 2592//2592 2665//2665 2666//2666
f 2592//2592 2666//2666 2593//2593
f 2593//2593 2666//2666 2667//2667
f 2593//2593 2667//2667 2594//2594
f 2594//2594 2667//2667 2668//2668
f 2594//2594 2668//2668 2595//2595
f 2595//2595 2668//2668 2669//2669
f 2595//2595 2669//2669 2596//2596
f 2596//2596 2669//2669 2670//2670
f 2596//2596 2670//2670 2597//2597
f 2597//2597 2670//2670 2671//2671
f 2597//2597 2671//2671 2598//2598
f 2598//2598 2671//2671 2672//2672
f 2598//2598 2672//2672 2599//2599
f 2599//2599 2672//2672 2673//2673
f 2599//2599 2673//2673 2600//2600
f 2600//2600 2673//2673 2674//2674
f 2600//2600 2674//2674 2601//2601
f 2601//2601 2674//2674 2675//2675
f 2601//2601 2675//2675 2602//2602
f 2602//2602 2675//2675 2676//2676
f 2602//2602 2676//2676 2603//2603
f 2603//2603 2676//2676 2677//2677
f 2603//2603 2677//2677 2604//2604
f 2604//2604 2677//2677 2678//2678
f 2604//2604 2678//2678 2605//2605
f 2605//2605 2678//2678 2679//2679
f 2605//2605 2679//2679 2606//2606
f 2606//2606 2679//2679 2680//2680
f 2606//2606 2680//2680 2607//2607
f 2607//2607 2680//2680 2681//2681
f 2607//2607 2681//2681 2608//2608
f 2608//2608 2681//2681 2682//2682
f 2608//2608 2682//2682 2609//2609
f 2609//2609 2682//2682 2683//2683
f 2609//2609 2683//2683 2610//2610
f 2610//2610 2683//2683 2684//2684
f 2610//2610 2684//2684 2611//2611
f 2611//2611 2684//2684 2685//2685
f 2611//2611 2685//2685 2612//2612
f 2612//2612 2685//2685 2686//2686
f 2612//2612 2686//2686 2613//2613
f 2613//2613 2686//2686 2687//2687
f 2613//2613 2687//2687 2614//2614
f 2614//2614 2687//2687 2688//2688
f 2614//2614 2688//2688 2615//2615
f 2615//2615 2688//2688 2689//2689
f 2615//2615 2689//2689 2616//2616
f 2616//2616 2689//2689 2690//2690
f 2616//2616 2690//2690 2617//2617
f 2617//2617 2690//2690 2691//2691
f 2617//2617 2691//2691 2618//2618
f 2618//2618 2691//2691 2692//2692
f 2618//2618 2692//2692 2619//2619
f 2619//2619 2692//2692 2693//2693
f 2619//2619 2693//2693 2620//2620
f 2620//2620 2693//2693 2694//2694
f 2620//2620 2694//2694 2621//2621
f 2621//2621 2694//2694 2695//2695
f 2621//2621 2695//2695 2622//2622
f 2622//2622 2695//2695 2696//2696
f 2622//2622 2696//2696 2623//2623
f 2623//2623 2696//2696 2697//2697
f 2623//2623 2697//2697 2624//2624
f 2624//2624 2697//2697 2698//2698
f 2624//2624 2698//2698 2625//2625
f 2625//2625 2698//2698 2699//2699
f 2625//2625 2699//2699 2626//2626
f 2626//2626 2699//2699 2700//2700
f 2626//2626 2700//2700 2627//2627
f 2627//2627 2700//2700 2701//2701
f 2627//2627 2701//2701 2628//2628
f 2629//2629 2702//2702 2703//2703
f 2629//2629 2703//2703 2630//2630
f 2630//2630 2703//2703 2704//2704
f 2630//2630 2704//2704 2631//2631
f 2631//2631 2704//2704 2705//2705
f 2631//2631 2705//2705 2632//2632
f 2632//2632 2705//2705 2706//2706
f 2632//2632 2706//2706 2633//2633
f 2633//2633 2706//2706 2707//2707
f 2633//2633 2707//2707 2634//2634
f 2634//2634 2707//2707 2708//2708
f 2634//2634 2708//2708 2635//2635
f 2635//2635 2708//2708 2709//2709
f 2635//2635 2709//2709 2636//2636
f 2636//2636 2709//2709 2710//2710
f 2636//2636 2710//2710 2637//2637
f 2637//2637 2710//2710 2711//2711
f 2637//2637 2711//2711 2638//2638
f 2638//2638 2711//2711 2712//2712
f 2638//2638 2712//2712 2639//2639
f 2639//2639 2712//2712 2713//2713
f 2639//2639 2713//2713 2640//2640
f 2640//2640 2713//2713 2714//2714
f 2640//2640 2714//2714 2641//2641
f 2641//2641 2714//2714 2715//2715
f 2641//2641 2715//2715 2642//2642
f 2642//2642 2715//2715 2716//2716
f 2642//2642 2716//2716 2643//2643
f 2643//2643 2716//2716 2717//2717
f 2643//2643 2717//2717 2644//2644
f 2644//2644 2717//2717 2718//2718
f 2644//2644 2718//2718 2645//2645
f 2645//2645 2718//2718 2719//2719
f 2645//2645 2719//2719 2646//2646
f 2646//2646 2719//2719 2720//2720
f 2646//2646 2720//2720 2647//2647
f 2647//2647 2720//2720 2721//2721
f 2647//2647 2721//2721 2648//2648
f 2648//2648 2721//2721 2722//2722
f 2648//2648 2722//2722 2649//2649
f 2649//2649 2722//2722 2723//2723
f 2649//2649 2723//2723 2650//2650
f 2650//2650 2723//2723 2724//2724
f 2650//2650 2724//2724 2651//2651
f 2651//2651 2724//2724 2725//2725
f 2651//2651 2725//2725 2652//2652
f 2652//2652 2725//2725 2726//2726
f 2652//2652 2726//2726 2653//2653
f 2653//2653 2726//2726 2727//2727
f 2653//2653 2727//2727 2654//2654
f 2654//2654 2727//2727 2728//2728
f 2654//2654 2728//2728 2655//2655
f 2655//2655 2728//2728 2729//2729
f 2655//2655 2729//2729 2656//2656
f 2656//2656 2729//2729 2730//2730
f 2656//2656 2730//2730 2657//2657
f 2657//2657 2730//2730 2731//2731
f 2657//2657 2731//2731 2658//2658
f 2658//2658 2731//2731 2732//2732
f 2658//2658 2732//2732 2659//2659
f 2659//2659 2732//2732 2733//2733
f 2659//2659 2733//2733 2660//2660
f 2660//2660 2733//2733 2734//2734
f 2660//2660 2734//2734 2661//2661
f 2661//2661 2734//2734 2735//2735
f 2661//2661 2735//2735 2662//2662
f 2662//2662 2735//2735 2736//2736
f 2662//2662 2736//2736 2663//2663
f 2663//2663 2736//2736 2737//2737
f 2663//2663 2737//2737 2664//2664
f 2664//2664 2737//2737 2738//2738
f 2664//2664 2738//2738 2665//2665
f 2665//2665 2738//2738 2739//2739
f 2665//2665 2739//2739 2666//2666
f 2666//2666 2739//2739 2740//2740
f 2666//2666 2740//2740 2667//2667
f 2667//2667 2740//2740 2741//2741
f 2667//2667 2741//2741 2668//2668
f 2668//2668 2741//2741 2742//2742
f 2668//2668 2742//2742 2669//2669
f 2669//2669 2742//2742 2743//2743
f 2669//2669 2743//2743 2670//2670
f 2670//2670 2743//2743 2744//2744
f 2670//2670 2744//2744 2671//2671
f 2671//2671 2744//2744 2745//2745
f 2671//2671 2745//2745 2672//2672
f 2672//2672 2745//2745 2746//2746
f 2672//2672 2746//2746 2673//2673
f 2673//2673 2746//2746 2747//2747
f 2673//2673 2747//2747 2674//2674
f 2674//2674 2747//2747 2748//2748
f 2674//2674 2748//2748 2675//2675
f 2675//2675 2748//2748 2749//2749
f 2675//2675 2749//2749 2676//2676
f 2676//2676 2749//2749 2750//2750
f 2676//2676 2750//2750 2677//2677
f 2677//2677 2750//2750 2751//2751
f 2677//2677 2751//2751 2678//2678
f 2678//2678 2751//2751 2752//2752
f 2678//2678 2752//2752 2679//2679
f 2679//2679 2752//2752 2753//2753
f 2679//2679 2753//2753 2680//2680
f 2680//2680 2753//2753 2754//2754
f 2680//2680 2754//2754 2681//2681
f 2681//2681 2754//2754 2755//2755
f 2681//2681 2755//2755 2682//2682
f 2682//2682 2755//2755 2756//2756
f 2682//2682 2756//2756 2683//2683
f 2683//2683 2756//2756 2757//2757
f 2683//2683 2757//2757 2684//2684
f 2684//2684 2757//2757 2758//2758
f 2684//2684 2758//2758 2685//2685
f 2685//2685 2758//2758 2759//2759
f 2685//2685 2759//2759 2686//2686
f 2686//2686 2759//2759 2760//2760
f 2686//2686 2760//2760 2687//2687
f 2687//2687 2760//2760 2761//2761
f 2687//2687 2761//2761 2688//2688
f 2688//2688 2761//2761 2762//2762
f 2688//2688 2762//2762 2689//2689
f 2689//2689 2762//2762 2763//2763
f 2689//2689 2763//2763 2690//2690
f 2690//2690 2763//2763 2764//2764
f 2690//2690 2764//2764 2691//2691
f 2691//2691 2764//2764 2765//2765
f 2691//2691 2765//2765 2692//2692
f 2692//2692 2765//2765 2766//2766
f 2692//2692 2766//2766 2693//2693
f 2693//2693 2766//2766 2767//2767
f 2693//2693 2767//2767 2694//2694
f 2694//2694 2767//2767 2768//2768
f 2694//2694 2768//2768 2695//2695
f 2695//2695 2768//2768 2769//2769
f 2695//2695 2769//2769 2696//2696
f 2696//2696 2769//2769 2770//2770
f 2696//2696 2770//2770 2697//2697
f 2697//2697 2770//2770 2771//2771
f 2697//2697 2771//2771 2698//2698
f 2698//2698 2771//2771 2772//2772
f 2698//2698 2772//2772 2699//2699
f 2699//2699 2772//2772 2773//2773
f 2699//2699 2773//2773 2700//2700
f 2700//2700 2773//2773 2774//2774
f 2700//2700 2774//2774 2701//2701
f 2702//2702 2775//2775 2776//2776
f 2702//2702 2776//2776 2703//2703
f 2703//2703 2776//2776 2777//2777
f 2703//2703 2777//2777 2704//2704
f 2704//2704 2777//2777 2778//2778
f 2704//2704 2778//2778 2705//2705
f 2705//2705 2778//2778 2779//2779
f 2705//2705 2779//2779 2706//2706
f 2706//2706 2779//2779 2780//2780
f 2706//2706 2780//2780 2707//2707
f 2707//2707 2780//2780 2781//2781
f 2707//2707 2781//2781 2708//2708
f 2708//2708 2781//2781 2782//2782
f 2708//2708 2782//2782 2709//2709
f 2709//2709 2782//2782 2783//2783
f 2709//2709 2783//2783 2710//2710
f 2710//2710 2783//2783 2784//2784
f 2710//2710 2784//2784 2711//2711
f 2711//2711 2784//2784 2785//2785
f 2711//2711 2785//2785 2712//2712
f 2712//2712 2785//2785 2786//2786
f 2712//2712 2786//2786 2713//2713
f 2713//2713 2786//2786 2787//2787
f 2713//2713 2787//2787 2714//2714
f 2714//2714 2787//2787 2788//2788
f 2714//2714 2788//2788 2715//2715
f 2715//2715 2788//2788 2789//2789
f 2715//2715 2789//2789 2716//2716
f 2716//2716 2789//2789 2790//2790
f 2716//2716 2790//2790 2717//2717
f 2717//2717 2790//2790 2791//2791
f 2717//2717 2791//2791 2718//2718
f 2718//2718 2791//2791 2792//2792
f 2718//2718 2792//2792 2719//2719
f 2719//2719 2792//2792 2793//2793
f 2719//2719 2793//2793 2720//2720
f 2720//2720 2793//2793 2794//2794
f 2720//2720 2794//2794 2721//2721
f 2721//2721 2794//2794 2795//2795
f 2721//2721 2795//2795 2722//2722
f 2722//2722 2795//2795 2796//2796
f 2722//2722 2796//2796 2723//2723
f 2723//2723 2796//2796 2797//2797
f 2723//2723 2797//2797 2724//2724
f 2724//2724 2797//2797 2798//2798
f 2724//2724 2798//2798 2725//2725
f 2725//2725 2798//2798 2799//2799
f 2725//2725 2799//2799 2726//2726
f 2726//2726 2799//2799 2800//2800
f 2726//2726 2800//2800 2727//2727
f 2727//2727 2800//2800 2801//2801
f 2727//2727 2801//2801 2728//2728
f 2728//2728 2801//2801 2802//2802
f 2728//2728 2802//2802 2729//2729
f 2729//2729 2802//2802 2803//2803
f 2729//2729 2803//2803 2730//2730
f 2730//2730 2803//2803 2804//2804
f 2730//2730 2804//2804 2731//2731
f 2731//2731 2804//2804 2805//2805
f 2731//2731 2805//2805 2732//2732
f 2732//2732 2805//2805 2806//2806
f 2732//2732 2806//2806 2733//2733
f 2733//2733 2806//2806 2807//2807
f 2733//2733 2807//2807 2734//2734
f 2734//2734 2807//2807 2808//2808
f 2734//2734 2808//2808 2735//2735
f 2735//2735 2808//2808 2809//2809
f 2735//2735 2809//2809 2736//2736
f 2736//2736 2809//2809 2810//2810
f 2736//2736 2810//2810 2737//2737
f 2737//2737 2810//2810 2811//2811
f 2737//2737 2811//2811 2738//2738
f 2738//2738 2811//2811 2812//2812
f 2738//2738 2812//2812 2739//2739
f 2739//2739 2812//2812 2813//2813
f 2739//2739 2813//2813 2740//2740
f 2740//2740 2813//2813 2814//2814
f 2740//2740 2814//2814 2741//2741
f 2741//2741 2814//2814 2815//2815
f 2741//2741 2815//2815 2742//2742
f 2742//2742 2815//2815 2816//2816
f 2742//2742 2816//2816 2743//2743
f 2743//2743 2816//2816 2817//2817
f 2743//2743 2817//2817 2744//2744
f 2744//2744 2817//2817 2818//2818
f 2744//2744 2818//2818 2745//2745
f 2745//2745 2818//2818 2819//2819
f 2745//2745 2819//2819 2746//2746
f 2746//2746 2819//2819 2820//2820
f 2746//2746 2820//2820 2747//2747
f 2747//2747 2820//2820 2821//2821
f 2747//2747 2821//2821 2748//2748
f 2748//2748 2821//2821 2822//2822
f 2748//2748 2822//2822 2749//2749
f 2749//2749 2822//2822 2823//2823
f 2749//2749 2823//2823 2750//2750
f 2750//2750 2823//2823 2824//2824
f 2750//2750 2824//2824 2751//2751
f 2751//2751 2824//2824 2825//2825
f 2751//2751 2825//2825 2752//2752
f 2752//2752 2825//2825 2826//2826
f 2752//2752 2826//2826 2753//2753
f 2753//2753 2826//2826 2827//2827
f 2753//2753 2827//2827 2754//2754
f 2754//2754 2827//2827 2828//2828
f 2754//2754 2828//2828 2755//2755
f 2755//2755 2828//2828 2829//2829
f 2755//2755 2829//2829 2756//2756
f 2756//2756 2829//2829 2830//2830
f 2756//2756 2830//2830 2757//2757
f 2757//2757 2830//2830 2831//2831
f 2757//2757 2831//2831 2758//2758
f 2758//2758 2831//2831 2832//2832
f 2758//2758 2832//2832 2759//2759
f 2759//2759 2832//2832 2833//2833
f 2759//2759 2833//2833 2760//2760
f 2760//2760 2833//2833 2834//2834
f 2760//2760 2834//2834 2761//2761
f 2761//2761 2834//2834 2835//2835
f 2761//2761 2835//2835 2762//2762
f 2762//2762 2835//2835 2836//2836
f 2762//2762 2836//2836 2763//2763
f 2763//2763 2836//2836 2837//2837
f 2763//2763 2837//2837 2764//2764
f 2764//2764 2837//2837 2838//2838
f 2764//2764 2838//2838 2765//2765
f 2765//2765 2838//2838 2839//2839
f 2765//2765 2839//2839 2766//2766
f 2766//2766 2839//2839 2840//2840
f 2766//2766 2840//2840 2767//2767
f 2767//2767 2840//2840 2841//2841
f 2767//2767 2841//2841 2768//2768
f 2768//2768 2841//2841 2842//2842
f 2768//2768 2842//2842 2769//2769
f 2769//2769 2842//2842 2843//2843
f 2769//2769 2843//2843 2770//2770
f 2770//2770 2843//2843 2844//2844
f 2770//2770 2844//2844 2771//2771
f 2771//2771 2844//2844 2845//2845
f 2771//2771 2845//2845 2772//2772
f 2772//2772 2845//2845 2846//2846
f 2772//2772 2846//2846 2773//2773
f 2773//2773 2846//2846 2847//2847
f 2773//2773 2847//2847 2774//2774
f 2775//2775 2848//2848 2849//2849
f 2775//2775 2849//2849 2776//2776
f 2776//2776 2849//2849 2850//2850
f 2776//2776 2850//2850 2777//2777
f 2777//2777 2850//2850 2851//2851
f 2777//2777 2851//2851 2778//2778
f 2778//2778 2851//2851 2852//2852
f 2778//2778 2852//2852 2779//2779
f 2779//2779 2852//2852 2853//2853
f 2779//2779 2853//2853 2780//2780
f 2780//2780 2853//2853 2854//2854
f 2780//2780 2854//2854 2781//2781
f 2781//2781 2854//2854 2855//2855
f 2781//2781 2855//2855 2782//2782
f 2782//2782 2855//2855 2856//2856
f 2782//2782 2856//2856 2783//2783
f 2783//2783 2856//2856 2857//2857
f 2783//2783 2857//2857 2784//2784
f 2784//2784 2857//2857 2858//2858
f 2784//2784 2858//2858 2785//2785
f 2785//2785 2858//2858 2859//2859
f 2785//2785 2859//2859 2786//2786
f 2786//2786 2859//2859 2860//2860
f 2786//2786 2860//2860 2787//2787
f 2787//2787 2860//2860 2861//2861
f 2787//2787 2861//2861 2788//2788
f 2788//2788 2861//2861 2862//2862
f 2788//2788 2862//2862 2789//2789
f 2789//2789 2862//2862 2863//2863
f 2789//2789 2863//2863 2790//2790
f 2790//2790 2863//2863 2864//2864
f 2790//2790 2864//2864 2791//2791
f 2791//2791 2864//2864 2865//2865
f 2791//2791 2865//2865 2792//2792
f 2792//2792 2865//2865 2866//2866
f 2792//2792 2866//2866 2793//2793
f 2793//2793 2866//2866 2867//2867
f 2793//2793 2867//2867 2794//2794
f 2794//2794 2867//2867 2868//2868
f 2794//2794 2868//2868 2795//2795
f 2795//2795 2868//2868 2869//2869
f 2795//2795 2869//2869 2796//2796
f 2796//2796 2869//2869 2870//2870
f 2796//2796 2870//2870 2797//2797
f 2797//2797 2870//2870 2871//2871
f 2797//2797 2871//2871 2798//2798
f 2798//2798 2871//2871 2872//2872
f 2798//2798 2872//2872 2799//2799
f 2799//2799 2872//2872 2873//2873
f 2799//2799 2873//2873 2800//2800
f 2800//2800 2873//2873 2874//2874
f 2800//2800 2874//2874 2801//2801
f 2801//2801 2874//2874 2875//2875
f 2801//2801 2875//2875 2802//2802
f 2802//2802 2875//2875 2876//2876
f 2802//2802 2876//2876 2803//2803
f 2803//2803 2876//2876 2877//2877
f 2803//2803 2877//2877 2804//2804
f 2804//2804 2877//2877 2878//2878
f 2804//2804 2878//2878 2805//2805
f 2805//2805 2878//2878 2879//2879
f 2805//2805 2879//2879 2806//2806
f 2806//2806 2879//2879 2880//2880
f 2806//2806 2880//2880 2807//2807
f 2807//2807 2880//2880 2881//2881
f 2807//2807 2881//2881 2808//2808
f 2808//2808 2881//2881 2882//2882
f 2808//2808 2882//2882 2809//2809
f 2809//2809 2882//2882 2883//2883
f 2809//2809 2883//2883 2810//2810
f 2810//2810 2883//2883 2884//2884
f 2810//2810 2884//2884 2811//2811
f 2811//2811 2884//2884 2885//2885
f 2811//2811 2885//2885 2812//2812
f 2812//2812 2885//2885 2886//2886
f 2812//2812 2886//2886 2813//2813
f 2813//2813 2886//2886 2887//2887
f 2813//2813 2887//2887 2814//2814
f 2814//2814 2887//2887 2888//2888
f 2814//2814 2888//2888 2815//2815
f 2815//2815 2888//2888 2889//2889
f 2815//2815 2889//2889 2816//2816
f 2816//2816 2889//2889 2890//2890
f 2816//2816 2890//2890 2817//2817
f 2817//2817 2890//2890 2891//2891
f 2817//2817 2891//2891 2818//2818
f 2818//2818 2891//2891 2892//2892
f 2818//2818 2892//2892 2819//2819
f 2819//2819 2892//2892 2893//2893
f 2819//2819 2893//2893 2820//2820
f 2820//2820 2893//2893 2894//2894
f 2820//2820 2894//2894 2821//2821
f 2821//2821 2894//2894 2895//2895
f 2821//2821 2895//2895 2822//2822
f 2822//2822 2895//2895 2896//2896
f 2822//2822 2896//2896 2823//2823
f 2823//2823 2896//2896 2897//2897
f 2823//2823 2897//2897 2824//2824
f 2824//2824 2897//2897 2898//2898
f 2824//2824 2898//2898 2825//2825
f 2825//2825 2898//2898 2899//2899
f 2825//2825 2899//2899 2826//2826
f 2826//2826 2899//2899 2900//2900
f 2826//2826 2900//2900 2827//2827
f 2827//2827 2900//2900 2901//2901
f 2827//2827 2901//2901 2828//2828
f 2828//2828 2901//2901 2902//2902
f 2828//2828 2902//2902 2829//2829
f 2829//2829 2902//2902 2903//2903
f 2829//2829 2903//2903 2830//2830
f 2830//2830 2903//2903 2904//2904
f 2830//2830 2904//2904 2831//2831
f 2831//2831 2904//2904 2905//2905
f 2831//2831 2905//2905 2832//2832
f 2832//2832 2905//2905 2906//2906
f 2832//2832 2906//2906 2833//2833
f 2833//2833 2906//2906 2907//2907
f 2833//2833 2907//2907 2834//2834
f 2834//2834 2907//2907 2908//2908
f 2834//2834 2908//2908 2835//2835
f 2835//2835 2908//2908 2909//2909
f 2835//2835 2909//2909 2836//2836
f 2836//2836 2909//2909 2910//2910
f 2836//2836 2910//2910 2837//2837
f 2837//2837 2910//2910 2911//2911
f 2837//2837 2911//2911 2838//2838
f 2838//2838 2911//2911 2912//2912
f 2838//2838 2912//2912 2839//2839
f 2839//2839 2912//2912 2913//2913
f 2839//2839 2913//2913 2840//2840
f 2840//2840 2913//2913 2914//2914
f 2840//2840 2914//2914 2841//2841
f 2841//2841 2914//2914 2915//2915
f 2841//2841 2915//2915 2842//2842
f 2842//2842 2915//2915 2916//2916
f 2842//2842 2916//2916 2843//2843
f 2843//2843 2916//2916 2917//2917
f 2843//2843 2917//2917 2844//2844
f 2844//2844 2917//2917 2918//2918
f 2844//2844 2918//2918 2845//2845
f 2845//2845 2918//2918 2919//2919
f 2845//2845 2919//2919 2846//2846
f 2846//2846 2919//2919 2920//2920
f 2846//2846 2920//2920 2847//2847
f 2848//2848 2921//2921 2922//2922
f 2848//2848 2922//2922 2849//2849
f 2849//2849 2922//2922 2923//2923
f 2849//2849 2923//2923 2850//2850
f 2850//2850 2923//2923 2924//2924
f 2850//2850 2924//2924 2851//2851
f 2851//2851 2924//2924 2925//2925
f 2851//2851 2925//2925 2852//2852
f 2852//2852 2925//2925 2926//2926
f 2852//2852 2926//2926 2853//2853
f 2853//2853 2926//2926 2927//2927
f 2853//2853 2927//2927 2854//2854
f 2854//2854 2927//2927 2928//2928
f 2854//2854 2928//2928 2855//2855
f 2855//2855 2928//2928 2929//2929
f 2855//2855 2929//2929 2856//2856
f 2856//2856 2929//2929 2930//2930
f 2856//2856 2930//2930 2857//2857
f 2857//2857 2930//2930 2931//2931
f 2857//2857 2931//2931 2858//2858
f 2858//2858 2931//2931 2932//2932
f 2858//2858 2932//2932 2859//2859
f 2859//2859 2932//2932 2933//2933
f 2859//2859 2933//2933 2860//2860
f 2860//2860 2933//2933 2934//2934
f 2860//2860 2934//2934 2861//2861
f 2861//2861 2934//2934 2935//2935
f 2861//2861 2935//2935 2862//2862
f 2862//2862 2935//2935 2936//2936
f 2862//2862 2936//2936 2863//2863
f 2863//2863 2936//2936 2937//2937
f 2863//2863 2937//2937 2864//2864
f 2864//2864 2937//2937 2938//2938
f 2864//2864 2938//2938 2865//2865
f 2865//2865 2938//2938 2939//2939
f 2865//2865 2939//2939 2866//2866
f 2866//2866 2939//2939 2940//2940
f 2866//2866 2940//2940 2867//2867
f 2867//2867 2940//2940 2941//2941
f 2867//2867 2941//2941 2868//2868
f 2868//2868 2941//2941 2942//2942
f 2868//2868 2942//2942 2869//2869
f 2869//2869 2942//2942 2943//2943
f 2869//2869 2943//2943 2870//2870
f 2870//2870 2943//2943 2944//2944
f 2870//2870 2944//2944 2871//2871
f 2871//2871 2944//2944 2945//2945
f 2871//2871 2945//2945 2872//2872
f 2872//2872 2945//2945 2946//2946
f 2872//2872 2946//2946 2873//2873
f 2873//2873 2946//2946 2947//2947
f 2873//2873 2947//2947 2874//2874
f 2874//2874 2947//2947 2948//2948
f 2874//2874 2948//2948 2875//2875
f 2875//2875 2948//2948 2949//2949
f 2875//2875 2949//2949 2876//2876
f 2876//2876 2949//2949 2950//2950
f 2876//2876 2950//2950 2877//2877
f 2877//2877 2950//2950 2951//2951
f 2877//2877 2951//2951 2878//2878
f 2878//2878 2951//2951 2952//2952
f 2878//2878 2952//2952 2879//2879
f 2879//2879 2952//2952 2953//2953
f 2879//2879 2953//2953 2880//2880
f 2880//2880 2953//2953 2954//2954
f 2880//2880 2954//2954 2881//2881
f 2881//2881 2954//2954 2955//2955
f 2881//2881 2955//2955 2882//2882
f 2882//2882 2955//2955 2956//2956
f 2882//2882 2956//2956 2883//2883
f 2883//2883 2956//2956 2957//2957
f 2883//2883 2957//2957 2884//2884
f 2884//2884 2957//2957 2958//2958
f 2884//2884 2958//2958 2885//2885
f 2885//2885 2958//2958 2959//2959
f 2885//2885 2959//2959 2886//2886
f 2886//2886 2959//2959 2960//2960
f 2886//2886 2960//2960 2887//2887
f 2887//2887 2960//2960 2961//2961
f 2887//2887 2961//2961 2888//2888
f 2888//2888 2961//2961 2962//2962
f 2888//2888 2962//2962 2889//2889
f 2889//2889 2962//2962 2963//2963
f 2889//2889 2963//2963 2890//2890
f 2890//2890 2963//2963 2964//2964
f 2890//2890 2964//2964 2891//2891
f 2891//2891 2964//2964 2965//2965
f 2891//2891 2965//2965 2892//2892
f 2892//2892 2965//2965 2966//2966
f 2892//2892 2966//2966 2893//2893
f 2893//2893 2966//2966 2967//2967
f 2893//2893 2967//2967 2894//2894
f 2894//2894 2967//2967 2968//2968
f 2894//2894 2968//2968 2895//2895
f 2895//2895 2968//2968 2969//2969
f 2895//2895 2969//2969 2896//2896
f 2896//2896 2969//2969 2970//2970
f 2896//2896 2970//2970 2897//2897
f 2897//2897 2970//2970 2971//2971
f 2897//2897 2971//2971 2898//2898
f 2898//2898 2971//2971 2972//2972
f 2898//2898 2972//2972 2899//2899
f 2899//2899 2972//2972 2973//2973
f 2899//2899 2973//2973 2900//2900
f 2900//2900 2973//2973 2974//2974
f 2900//2900 2974//2974 2901//2901
f 2901//2901 2974//2974 2975//2975
f 2901//2901 2975//2975 2902//2902
f 2902//2902 2975//2975 2976//2976
f 2902//2902 2976//2976 2903//2903
f 2903//2903 2976//2976 2977//2977
f 2903//2903 2977//2977 2904//2904
f 2904//2904 2977//2977 2978//2978
f 2904//2904 2978//2978 2905//2905
f 2905//2905 2978//2978 2979//2979
f 2905//2905 2979//2979 2906//2906
f 2906//2906 2979//2979 2980//2980
f 2906//2906 2980//2980 2907//2907
f 2907//2907 2980//2980 2981//2981
f 2907//2907 2981//2981 2908//2908
f 2908//2908 2981//2981 2982//2982
f 2908//2908 2982//2982 2909//2909
f 2909//2909 2982//2982 2983//2983
f 2909//2909 2983//2983 2910//2910
f 2910//2910 2983//2983 2984//2984
f 2910//2910 2984//2984 2911//2911
f 2911//2911 2984//2984 2985//2985
f 2911//2911 2985//2985 2912//2912
f 2912//2912 2985//2985 2986//2986
f 2912//2912 2986//2986 2913//2913
f 2913//2913 2986//2986 2987//2987
f 2913//2913 2987//2987 2914//2914
f 2914//2914 2987//2987 2988//2988
f 2914//2914 2988//2988 2915//2915
f 2915//2915 2988//2988 2989//2989
f 2915//2915 2989//2989 2916//2916
f 2916//2916 2989//2989 2990//2990
f 2916//2916 2990//2990 2917//2917
f 2917//2917 2990//2990 2991//2991
f 2917//2917 2991//2991 2918//2918
f 2918//2918 2991//2991 2992//2992
f 2918//2918 2992//2992 2919//2919
f 2919//2919 2992//2992 2993//2993
f 2919//2919 2993//2993 2920//2920
f 2921//2921 2994//2994 2995//2995
f 2921//2921 2995//2995 2922//2922
f 2922//2922 2995//2995 2996//2996
f 2922//2922 2996//2996 2923//2923
f 2923//2923 2996//2996 2997//2997
f 2923//2923 2997//2997 2924//2924
f 2924//2924 2997//2997 2998//2998
f 2924//2924 2998//2998 2925//2925
f 2925//2925 2998//2998 2999//2999
f 2925//2925 2999//2999 2926//2926
f 2926//2926 2999//2999 3000//3000
f 2926//2926 3000//3000 2927//2927
f 2927//2927 3000//3000 3001//3001
f 2927//2927 3001//3001 2928//2928
f 2928//2928 3001//3001 3002//3002
f 2928//2928 3002//3002 2929//2929
f 2929//2929 3002//3002 3003//3003
f 2929//2929 3003//3003 2930//2930
f 2930//2930 3003//3003 3004//3004
f 2930//2930 3004//3004 2931//2931
f 2931//2931 3004//3004 3005//3005
f 2931//2931 3005//3005 2932//2932
f 2932//2932 3005//3005 3006//3006
f 2932//2932 3006//3006 2933//2933
f 2933//2933 3006//3006 3007//3007
f 2933//2933 3007//3007 2934//2934
f 2934//2934 3007//3007 3008//3008
f 2934//2934 3008//3008 2935//2935
f 2935//2935 3008//3008 3009//3009
f 2935//2935 3009//3009 2936//2936
f 2936//2936 3009//3009 3010//3010
f 2936//2936 3010//3010 2937//2937
f 2937//2937 3010//3010 3011//3011
f 2937//2937 3011//3011 2938//2938
f 2938//2938 3011//3011 3012//3012
f 2938//2938 3012//3012 2939//2939
f 2939//2939 3012//3012 3013//3013
f 2939//2939 3013//3013 2940//2940
f 2940//2940 3013//3013 3014//3014
f 2940//2940 3014//3014 2941//2941
f 2941//2941 3014//3014 3015//3015
f 2941//2941 3015//3015 2942//2942
f 2942//2942 3015//3015 3016//3016
f 2942//2942 3016//3016 2943//2943
f 2943//2943 3016//3016 3017//3017
f 2943//2943 3017//3017 2944//2944
f 2944//2944 3017//3017 3018//3018
f 2944//2944 3018//3018 2945//2945
f 2945//2945 3018//3018 3019//3019
f 2945//2945 3019//3019 2946//2946
f 2946//2946 3019//3019 3020//3020
f 2946//2946 3020//3020 2947//2947
f 2947//2947 3020//3020 3021//3021
f 2947//2947 3021//3021 2948//2948
f 2948//2948 3021//3021 3022//3022
f 2948//2948 3022//3022 2949//2949
f 2949//2949 3022//3022 3023//3023
f 2949//2949 3023//3023 2950//2950
f 2950//2950 3023//3023 3024//3024
f 2950//2950 3024//3024 2951//2951
f 2951//2951 3024//3024 3025//3025
f 2951//2951 3025//3025 2952//2952
f 2952//2952 3025//3025 3026//3026
f 2952//2952 3026//3026 2953//2953
f 2953//2953 3026//3026 3027//3027
f 2953//2953 3027//3027 2954//2954
f 2954//2954 3027//3027 3028//3028
f 2954//2954 3028//3028 2955//2955
f 2955//2955 3028//3028 3029//3029
f 2955//2955 3029//3029 2956//2956
f 2956//2956 3029//3029 3030//3030
f 2956//2956 3030//3030 2957//2957
f 2957//2957 3030//3030 3031//3031
f 2957//2957 3031//3031 2958//2958
f 2958//2958 3031//3031 3032//3032
f 2958//2958 3032//3032 2959//2959
f 2959//2959 3032//3032 3033//3033
f 2959//2959 3033//3033 2960//2960
f 2960//2960 3033//3033 3034//3034
f 2960//2960 3034//3034 2961//2961
f 2961//2961 3034//3034 3035//3035
f 2961//2961 3035//3035 2962//2962
f 2962//2962 3035//3035 3036//3036
f 2962//2962 3036//3036 2963//2963
f 2963//2963 3036//3036 3037//3037
f 2963//2963 3037//3037 2964//2964
f 2964//2964 3037//3037 3038//3038
f 2964//2964 3038//3038 2965//2965
f 2965//2965 3038//3038 3039//3039
f 2965//2965 3039//3039 2966//2966
f 2966//2966 3039//3039 3040//3040
f 2966//2966 3040//3040 2967//2967
f 2967//2967 3040//3040 3041//3041
f 2967//2967 3041//3041 2968//2968
f 2968//2968 3041//3041 3042//3042
f 2968//2968 3042//3042 2969//2969
f 2969//2969 3042//3042 3043//3043
f 2969//2969 3043//3043 2970//2970
f 2970//2970 3043//3043 3044//3044
f 2970//2970 3044//3044 2971//2971
f 2971//2971 3044//3044 3045//3045
f 2971//2971 3045//3045 2972//2972
f 2972//2972 3045//3045 3046//3046
f 2972//2972 3046//3046 2973//2973
f 2973//2973 3046//3046 3047//3047
f 2973//2973 3047//3047 2974//2974
f 2974//2974 3047//3047 3048//3048
f 2974//2974 3048//3048 2975//2975
f 2975//2975 3048//3048 3049//3049
f 2975//2975 3049//3049 2976//2976
f 2976//2976 3049//3049 3050//3050
f 2976//2976 3050//3050 2977//2977
f 2977//2977 3050//3050 3051//3051
f 2977//2977 3051//3051 2978//2978
f 2978//2978 3051//3051 3052//3052
f 2978//2978 3052//3052 2979//2979
f 2979//2979 3052//3052 3053//3053
f 2979//2979 3053//3053 2980//2980
f 2980//2980 3053//3053 3054//3054
f 2980//2980 3054//3054 2981//2981
f 2981//2981 3054//3054 3055//3055
f 2981//2981 3055//3055 2982//2982
f 2982//2982 3055//3055 3056//3056
f 2982//2982 3056//3056 2983//2983
f 2983//2983 3056//3056 3057//3057
f 2983//2983 3057//3057 2984//2984
f 2984//2984 3057//3057 3058//3058
f 2984//2984 3058//3058 2985//2985
f 2985//2985 3058//3058 3059//3059
f 2985//2985 3059//3059 2986//2986
f 2986//2986 3059//3059 3060//3060
f 2986//2986 3060//3060 2987//2987
f 2987//2987 3060//3060 3061//3061
f 2987//2987 3061//3061 2988//2988
f 2988//2988 3061//3061 3062//3062
f 2988//2988 3062//3062 2989//2989
f 2989//2989 3062//3062 3063//3063
f 2989//2989 3063//3063 2990//2990
f 2990//2990 3063//3063 3064//3064
f 2990//2990 3064//3064 2991//2991
f 2991//2991 3064//3064 3065//3065
f 2991//2991 3065//3065 2992//2992
f 2992//2992 3065//3065 3066//3066
f 2992//2992 3066//3066 2993//2993
f 2994//2994 3067//3067 3068//3068
f 2994//2994 3068//3068 2995//2995
f 2995//2995 3068//3068 3069//3069
f 2995//2995 3069//3069 2996//2996
f 2996//2996 3069//3069 3070//3070
f 2996//2996 3070//3070 2997//2997
f 2997//2997 3070//3070 3071//3071
f 2997//2997 3071//3071 2998//2998
f 2998//2998 3071//3071 3072//3072
f 2998//2998 3072//3072 2999//2999
f 2999//2999 3072//3072 3073//3073
f 2999//2999 3073//3073 3000//3000
f 3000//3000 3073//3073 3074//3074
f 3000//3000 3074//3074 3001//3001
f 3001//3001 3074//3074 3075//3075
f 3001//3001 3075//3075 3002//3002
f 3002//3002 3075//3075 3076//3076
f 3002//3002 3076//3076 3003//3003
f 3003//3003 3076//3076 3077//3077
f 3003//3003 3077//3077 3004//3004
f 3004//3004 3077//3077 3078//3078
f 3004//3004 3078//3078 3005//3005
f 3005//3005 3078//3078 3079//3079
f 3005//3005 3079//3079 3006//3006
f 3006//3006 3079//3079 3080//3080
f 3006//3006 3080//3080 3007//3007
f 3007//3007 3080//3080 3081//3081
f 3007//3007 3081//3081 3008//3008
f 3008//3008 3081//3081 3082//3082
f 3008//3008 3082//3082 3009//3009
f 3009//3009 3082//3082 3083//3083
f 3009//3009 3083//3083 3010//3010
f 3010//3010 3083//3083 3084//3084
f 3010//3010 3084//3084 3011//3011
f 3011//3011 3084//3084 3085//3085
f 3011//3011 3085//3085 3012//3012
f 3012//3012 3085//3085 3086//3086
f 3012//3012 3086//3086 3013//3013
f 3013//3013 3086//3086 3087//3087
f 3013//3013 3087//3087 3014//3014
f 3014//3014 3087//3087 3088//3088
f 3014//3014 3088//3088 3015//3015
f 3015//3015 3088//3088 3089//3089
f 3015//3015 3089//3089 3016//3016
f 3016//3016 3089//3089 3090//3090
f 3016//3016 3090//3090 3017//3017
f 3017//3017 3090//3090 3091//3091
f 3017//3017 3091//3091 3018//3018
f 3018//3018 3091//3091 3092//3092
f 3018//3018 3092//3092 3019//3019
f 3019//3019 3092//3092 3093//3093
f 3019//3019 3093//3093 3020//3020
f 3020//3020 3093//3093 3094//3094
f 3020//3020 3094//3094 3021//3021
f 3021//3021 3094//3094 3095//3095
f 3021//3021 3095//3095 3022//3022
f 3022//3022 3095//3095 3096//3096
f 3022//3022 3096//3096 3023//3023
f 3023//3023 3096//3096 3097//3097
f 3023//3023 3097//3097 3024//3024
f 3024//3024 3097//3097 3098//3098
f 3024//3024 3098//3098 3025//3025
f 3025//3025 3098//3098 3099//3099
f 3025//3025 3099//3099 3026//3026
f 3026//3026 3099//3099 3100//3100
f 3026//3026 3100//3100 3027//3027
f 3027//3027 3100//3100 3101//3101
f 3027//3027 3101//3101 3028//3028
f 3028//3028 3101//3101 3102//3102
f 3028//3028 3102//3102 3029//3029
f 3029//3029 3102//3102 3103//3103
f 3029//3029 3103//3103 3030//3030
f 3030//3030 3103//3103 3104//3104
f 3030//3030 3104//3104 3031//3031
f 3031//3031 3104//3104 3105//3105
f 3031//3031 3105//3105 3032//3032
f 3032//3032 3105//3105 3106//3106
f 3032//3032 3106//3106 3033//3033
f 3033//3033 3106//3106 3107//3107
f 3033//3033 3107//3107 3034//3034
f 3034//3034 3107//3107 3108//3108
f 3034//3034 3108//3108 3035//3035
f 3035//3035 3108//3108 3109//3109
f 3035//3035 3109//3109 3036//3036
f 3036//3036 3109//3109 3110//3110
f 3036//3036 3110//3110 3037//3037
f 3037//3037 3110//3110 3111//3111
f 3037//3037 3111//3111 3038//3038
f 3038//3038 3111//3111 3112//3112
f 3038//3038 3112//3112 3039//3039
f 3039//3039 3112//3112 3113//3113
f 3039//3039 3113//3113 3040//3040
f 3040//3040 3113//3113 3114//3114
f 3040//3040 3114//3114 3041//3041
f 3041//3041 3114//3114 3115//3115
f 3041//3041 3115//3115 3042//3042
f 3042//3042 3115//3115 3116//3116
f 3042//3042 3116//3116 3043//3043
f 3043//3043 3116//3116 3117//3117
f 3043//3043 3117//3117 3044//3044
f 3044//3044 3117//3117 3118//3118
f 3044//3044 3118//3118 3045//3045
f 3045//3045 3118//3118 3119//3119
f 3045//3045 3119//3119 3046//3046
f 3046//3046 3119//3119 3120//3120
f 3046//3046 3120//3120 3047//3047
f 3047//3047 3120//3120 3121//3121
f 3047//3047 3121//3121 3048//3048
f 3048//3048 3121//3121 3122//3122
f 3048//3048 3122//3122 3049//3049
f 3049//3049 3122//3122 3123//3123
f 3049//3049 3123//3123 3050//3050
f 3050//3050 3123//3123 3124//3124
f 3050//3050 3124//3124 3051//3051
f 3051//3051 3124//3124 3125//3125
f 3051//3051 3125//3125 3052//3052
f 3052//3052 3125//3125 3126//3126
f 3052//3052 3126//3126 3053//3053
f 3053//3053 3126//3126 3127//3127
f 3053//3053 3127//3127 3054//3054
f 3054//3054 3127//3127 3128//3128
f 3054//3054 3128//3128 3055//3055
f 3055//3055 3128//3128 3129//3129
f 3055//3055 3129//3129 3056//3056
f 3056//3056 3129//3129 3130//3130
f 3056//3056 3130//3130 3057//3057
f 3057//3057 3130//3130 3131//3131
f 3057//3057 3131//3131 3058//3058
f 3058//3058 3131//3131 3132//3132
f 3058//3058 3132//3132 3059//3059
f 3059//3059 3132//3132 3133//3133
f 3059//3059 3133//3133 3060//3060
f 3060//3060 3133//3133 3134//3134
f 3060//3060 3134//3134 3061//3061
f 3061//3061 3134//3134 3135//3135
f 3061//3061 3135//3135 3062//3062
f 3062//3062 3135//3135 3136//3136
f 3062//3062 3136//3136 3063//3063
f 3063//3063 3136//3136 3137//3137
f 3063//3063 3137//3137 3064//3064
f 3064//3064 3137//3137 3138//3138
f 3064//3064 3138//3138 3065//3065
f 3065//3065 3138//3138 3139//3139
f 3065//3065 3139//3139 3066//3066
f 3067//3067 3140//3140 3141//3141
f 3067//3067 3141//3141 3068//3068
f 3068//3068 3141//3141 3142//3142
f 3068//3068 3142//3142 3069//3069
f 3069//3069 3142//3142 3143//3143
f 3069//3069 3143//3143 3070//3070
f 3070//3070 3143//3143 3144//3144
f 3070//3070 3144//3144 3071//3071
f 3071//3071 3144//3144 3145//3145
f 3071//3071 3145//3145 3072//3072
f 3072//3072 3145//3145 3146//3146
f 3072//3072 3146//3146 3073//3073
f 3073//3073 3146//3146 3147//3147
f 3073//3073 3147//3147 3074//3074
f 3074//3074 3147//3147 3148//3148
f 3074//3074 3148//3148 3075//3075
f 3075//3075 3148//3148 3149//3149
f 3075//3075 3149//3149 3076//3076
f 3076//3076 3149//3149 3150//3150
f 3076//3076 3150//3150 3077//3077
f 3077//3077 3150//3150 3151//3151
f 3077//3077 3151//3151 3078//3078
f 3078//3078 3151//3151 3152//3152
f 3078//3078 3152//3152 3079//3079
f 3079//3079 3152//3152 3153//3153
f 3079//3079 3153//3153 3080//3080
f 3080//3080 3153//3153 3154//3154
f 3080//3080 3154//3154 3081//3081
f 3081//3081 3154//3154 3155//3155
f 3081//3081 3155//3155 3082//3082
f 3082//3082 3155//3155 3156//3156
f 3082//3082 3156//3156 3083//3083
f 3083//3083 3156//3156 3157//3157
f 3083//3083 3157//3157 3084//3084
f 3084//3084 3157//3157 3158//3158
f 3084//3084 3158//3158 3085//3085
f 3085//3085 3158//3158 3159//3159
f 3085//3085 3159//3159 3086//3086
f 3086//3086 3159//3159 3160//3160
f 3086//3086 3160//3160 3087//3087
f 3087//3087 3160//3160 3161//3161
f 3087//3087 3161//3161 3088//3088
f 3088//3088 3161//3161 3162//3162
f 3088//3088 3162//3162 3089//3089
f 3089//3089 3162//3162 3163//3163
f 3089//3089 3163//3163 3090//3090
f 3090//3090 3163//3163 3164//3164
f 3090//3090 3164//3164 3091//3091
f 3091//3091 3164//3164 3165//3165
f 3091//3091 3165//3165 3092//3092
f 3092//3092 3165//3165 3166//3166
f 3092//3092 3166//3166 3093//3093
f 3093//3093 3166//3166 3167//3167
f 3093//3093 3167//3167 3094//3094
f 3094//3094 3167//3167 3168//3168
f 3094//3094 3168//3168 3095//3095
f 3095//3095 3168//3168 3169//3169
f 3095//3095 3169//3169 3096//3096
f 3096//3096 3169//3169 3170//3170
f 3096//3096 3170//3170 3097//3097
f 3097//3097 3170//3170 3171//3171
f 3097//3097 3171//3171 3098//3098
f 3098//3098 3171//3171 3172//3172
f 3098//3098 3172//3172 3099//3099
f 3099//3099 3172//3172 3173//3173
f 3099//3099 3173//3173 3100//3100
f 3100//3100 3173//3173 3174//3174
f 3100//3100 3174//3174 3101//3101
f 3101//3101 3174//3174 3175//3175
f 3101//3101 3175//3175 3102//3102
f 3102//3102 3175//3175 3176//3176
f 3102//3102 3176//3176 3103//3103
f 3103//3103 3176//3176 3177//3177
f 3103//3103 3177//3177 3104//3104
f 3104//3104 3177//3177 3178//3178
f 3104//3104 3178//3178 3105//3105
f 3105//3105 3178//3178 3179//3179
f 3105//3105 3179//3179 3106//3106
f 3106//3106 3179//3179 3180//3180
f 3106//3106 3180//3180 3107//3107
f 3107//3107 3180//3180 3181//3181
f 3107//3107 3181//3181 3108//3108
f 3108//3108 3181//3181 3182//3182
f 3108//3108 3182//3182 3109//3109
f 3109//3109 3182//3182 3183//3183
f 3109//3109 3183//3183 3110//3110
f 3110//3110 3183//3183 3184//3184
f 3110//3110 3184//3184 3111//3111
f 3111//3111 3184//3184 3185//3185
f 3111//3111 3185//3185 3112//3112
f 3112//3112 3185//3185 3186//3186
f 3112//3112 3186//3186 3113//3113
f 3113//3113 3186//3186 3187//3187
f 3113//3113 3187//3187 3114//3114
f 3114//3114 3187//3187 3188//3188
f 3114//3114 3188//3188 3115//3115
f 3115//3115 3188//3188 3189//3189
f 3115//3115 3189//3189 3116//3116
f 3116//3116 3189//3189 3190//3190
f 3116//3116 3190//3190 3117//3117
f 3117//3117 3190//3190 3191//3191
f 3117//3117 3191//3191 3118//3118
f 3118//3118 3191//3191 3192//3192
f 3118//3118 3192//3192 3119//3119
f 3119//3119 3192//3192 3193//3193
f 3119//3119 3193//3193 3120//3120
f 3120//3120 3193//3193 3194//3194
f 3120//3120 3194//3194 3121//3121
f 3121//3121 3194//3194 3195//3195
f 3121//3121 3195//3195 3122//3122
f 3122//3122 3195//3195 3196//3196
f 3122//3122 3196//3196 3123//3123
f 3123//3123 3196//3196 3197//3197
f 3123//3123 3197//3197 3124//3124
f 3124//3124 3197//3197 3198//3198
f 3124//3124 3198//3198 3125//3125
f 3125//3125 3198//3198 3199//3199
f 3125//3125 3199//3199 3126//3126
f 3126//3126 3199//3199 3200//3200
f 3126//3126 3200//3200 3127//3127
f 3127//3127 3200//3200 3201//3201
f 3127//3127 3201//3201 3128//3128
f 3128//3128 3201//3201 3202//3202
f 3128//3128 3202//3202 3129//3129
f 3129//3129 3202//3202 3203//3203
f 3129//3129 3203//3203 3130//3130
f 3130//3130 3203//3203 3204//3204
f 3130//3130 3204//3204 3131//3131
f 3131//3131 3204//3204 3205//3205
f 3131//3131 3205//3205 3132//3132
f 3132//3132 3205//3205 3206//3206
f 3132//3132 3206//3206 3133//3133
f 3133//3133 3206//3206 3207//3207
f 3133//3133 3207//3207 3134//3134
f 3134//3134 3207//3207 3208//3208
f 3134//3134 3208//3208 3135//3135
f 3135//3135 3208//3208 3209//3209
f 3135//3135 3209//3209 3136//3136
f 3136//3136 3209//3209 3210//3210
f 3136//3136 3210//3210 3137//3137
f 3137//3137 3210//3210 3211//3211
f 3137//3137 3211//3211 3138//3138
f 3138//3138 3211//3211 3212//3212
f 3138//3138 3212//3212 3139//3139
f 3140//3140 3213//3213 3214//3214
f 3140//3140 3214//3214 3141//3141
f 3141//3141 3214//3214 3215//3215
f 3141//3141 3215//3215 3142//3142
f 3142//3142 3215//3215 3216//3216
f 3142//3142 3216//3216 3143//3143
f 3143//3143 3216//3216 3217//3217
f 3143//3143 3217//3217 3144//3144
f 3144//3144 3217//3217 3218//3218
f 3144//3144 3218//3218 3145//3145
f 3145//3145 3218//3218 3219//3219
f 3145//3145 3219//3219 3146//3146
f 3146//3146 3219//3219 3220//3220
f 3146//3146 3220//3220 3147//3147
f 3147//3147 3220//3220 3221//3221
f 3147//3147 3221//3221 3148//3148
f 3148//3148 3221//3221 3222//3222
f 3148//3148 3222//3222 3149//3149
f 3149//3149 3222//3222 3223//3223
f 3149//3149 3223//3223 3150//3150
f 3150//3150 3223//3223 3224//3224
f 3150//3150 3224//3224 3151//3151
f 3151//3151 3224//3224 3225//3225
f 3151//3151 3225//3225 3152//3152
f 3152//3152 3225//3225 3226//3226
f 3152//3152 3226//3226 3153//3153
f 3153//3153 3226//3226 3227//3227
f 3153//3153 3227//3227 3154//3154
f 3154//3154 3227//3227 3228//3228
f 3154//3154 3228//3228 3155//3155
f 3155//3155 3228//3228 3229//3229
f 3155//3155 3229//3229 3156//3156
f 3156//3156 3229//3229 3230//3230
f 3156//3156 3230//3230 3157//3157
f 3157//3157 3230//3230 3231//3231
f 3157//3157 3231//3231 3158//3158
f 3158//3158 3231//3231 3232//3232
f 3158//3158 3232//3232 3159//3159
f 3159//3159 3232//3232 3233//3233
f 3159//3159 3233//3233 3160//3160
f 3160//3160 3233//3233 3234//3234
f 3160//3160 3234//3234 3161//3161
f 3161//3161 3234//3234 3235//3235
f 3161//3161 3235//3235 3162//3162
f 3162//3162 3235//3235 3236//3236
f 3162//3162 3236//3236 3163//3163
f 3163//3163 3236//3236 3237//3237
f 3163//3163 3237//3237 3164//3164
f 3164//3164 3237//3237 3238//3238
f 3164//3164 3238//3238 3165//3165
f 3165//3165 3238//3238 3239//3239
f 3165//3165 3239//3239 3166//3166
f 3166//3166 3239//3239 3240//3240
f 3166//3166 3240//3240 3167//3167
f 3167//3167 3240//3240 3241//3241
f 3167//3167 3241//3241 3168//3168
f 3168//3168 3241//3241 3242//3242
f 3168//3168 3242//3242 3169//3169
f 3169//3169 3242//3242 3243//3243
f 3169//3169 3243//3243 3170//3170
f 3170//3170 3243//3243 3244//3244
f 3170//3170 3244//3244 3171//3171
f 3171//3171 3244//3244 3245//3245
f 3171//3171 3245//3245 3172//3172
f 3172//3172 3245//3245 3246//3246
f 3172//3172 3246//3246 3173//3173
f 3173//3173 3246//3246 3247//3247
f 3173//3173 3247//3247 3174//3174
f 3174//3174 3247//3247 3248//3248
f 3174//3174 3248//3248 3175//3175
f 3175//3175 3248//3248 3249//3249
f 3175//3175 3249//3249 3176//3176
f 3176//3176 3249//3249 3250//3250
f 3176//3176 3250//3250 3177//3177
f 3177//3177 3250//3250 3251//3251
f 3177//3177 3251//3251 3178//3178
f 3178//3178 3251//3251 3252//3252
f 3178//3178 3252//3252 3179//3179
f 3179//3179 3252//3252 3253//3253
f 3179//3179 3253//3253 3180//3180
f 3180//3180 3253//3253 3254//3254
f 3180//3180 3254//3254 3181//3181
f 3181//3181 3254//3254 3255//3255
f 3181//3181 3255//3255 3182//3182
f 3182//3182 3255//3255 3256//3256
f 3182//3182 3256//3256 3183//3183
f 3183//3183 3256//3256 3257//3257
f 3183//3183 3257//3257 3184//3184
f 3184//3184 3257//3257 3258//3258
f 3184//3184 3258//3258 3185//3185
f 3185//3185 3258//3258 3259//3259
f 3185//3185 3259//3259 3186//3186
f 3186//3186 3259//3259 3260//3260
f 3186//3186 3260//3260 3187//3187
f 3187//3187 3260//3260 3261//3261
f 3187//3187 3261//3261 3188//3188
f 3188//3188 3261//3261 3262//3262
f 3188//3188 3262//3262 3189//3189
f 3189//3189 3262//3262 3263//3263
f 3189//3189 3263//3263 3190//3190
f 3190//3190 3263//3263 3264//3264
f 3190//3190 3264//3264 3191//3191
f 3191//3191 3264//3264 3265//3265
f 3191//3191 3265//3265 3192//3192
f 3192//3192 3265//3265 3266//3266
f 3192//3192 3266//3266 3193//3193
f 3193//3193 3266//3266 3267//3267
f 3193//3193 3267//3267 3194//3194
f 3194//3194 3267//3267 3268//3268
f 3194//3194 3268//3268 3195//3195
f 3195//3195 3268//3268 3269//3269
f 3195//3195 3269//3269 3196//3196
f 3196//3196 3269//3269 3270//3270
f 3196//3196 3270//3270 3197//3197
f 3197//3197 3270//3270 3271//3271
f 3197//3197 3271//3271 3198//3198
f 3198//3198 3271//3271 3272//3272
f 3198//3198 3272//3272 3199//3199
f 3199//3199 3272//3272 3273//3273
f 3199//3199 3273//3273 3200//3200
f 3200//3200 3273//3273 3274//3274
f 3200//3200 3274//3274 3201//3201
f 3201//3201 3274//3274 3275//3275
f 3201//3201 3275//3275 3202//3202
f 3202//3202 3275//3275 3276//3276
f 3202//3202 3276//3276 3203//3203
f 3203//3203 3276//3276 3277//3277
f 3203//3203 3277//3277 3204//3204
f 3204//3204 3277//3277 3278//3278
f 3204//3204 3278//3278 3205//3205
f 3205//3205 3278//3278 3279//3279
f 3205//3205 3279//3279 3206//3206
f 3206//3206 3279//3279 3280//3280
f 3206//3206 3280//3280 3207//3207
f 3207//3207 3280//3280 3281//3281
f 3207//3207 3281//3281 3208//3208
f 3208//3208 3281//3281 3282//3282
f 3208//3208 3282//3282 3209//3209
f 3209//3209 3282//3282 3283//3283
f 3209//3209 3283//3283 3210//3210
f 3210//3210 3283//3283 3284//3284
f 3210//3210 3284//3284 3211//3211
f 3211//3211 3284//3284 3285//3285
f 3211//3211 3285//3285 3212//3212
f 3213//3213 3286//3286 3287//3287
f 3213//3213 3287//3287 3214//3214
f 3214//3214 3287//3287 3288//3288
f 3214//3214 3288//3288 3215//3215
f 3215//3215 3288//3288 3289//3289
f 3215//3215 3289//3289 3216//3216
f 3216//3216 3289//3289 3290//3290
f 3216//3216 3290//3290 3217//3217
f 3217//3217 3290//3290 3291//3291
f 3217//3217 3291//3291 3218//3218
f 3218//3218 3291//3291 3292//3292
f 3218//3218 3292//3292 3219//3219
f 3219//3219 3292//3292 3293//3293
f 3219//3219 3293//3293 3220//3220
f 3220//3220 3293//3293 3294//3294
f 3220//3220 3294//3294 3221//3221
f 3221//3221 3294//3294 3295//3295
f 3221//3221 3295//3295 3222//3222
f 3222//3222 3295//3295 3296//3296
f 3222//3222 3296//3296 3223//3223
f 3223//3223 3296//3296 3297//3297
f 3223//3223 3297//3297 3224//3224
f 3224//3224 3297//3297 3298//3298
f 3224//3224 3298//3298 3225//3225
f 3225//3225 3298//3298 3299//3299
f 3225//3225 3299//3299 3226//3226
f 3226//3226 3299//3299 3300//3300
f 3226//3226 3300//3300 3227//3227
f 3227//3227 3300//3300 3301//3301
f 3227//3227 3301//3301 3228//3228
f 3228//3228 3301//3301 3302//3302
f 3228//3228 3302//3302 3229//3229
f 3229//3229 3302//3302 3303//3303
f 3229//3229 3303//3303 3230//3230
f 3230//3230 3303//3303 3304//3304
f 3230//3230 3304//3304 3231//3231
f 3231//3231 3304//3304 3305//3305
f 3231//3231 3305//3305 3232//3232
f 3232//3232 3305//3305 3306//3306
f 3232//3232 3306//3306 3233//3233
f 3233//3233 3306//3306 3307//3307
f 3233//3233 3307//3307 3234//3234
f 3234//3234 3307//3307 3308//3308
f 3234//3234 3308//3308 3235//3235
f 3235//3235 3308//3308 3309//3309
f 3235//3235 3309//3309 3236//3236
f 3236//3236 3309//3309 3310//3310
f 3236//3236 3310//3310 3237//3237
f 3237//3237 3310//3310 3311//3311
f 3237//3237 3311//3311 3238//3238
f 3238//3238 3311//3311 3312//3312
f 3238//3238 3312//3312 3239//3239
f 3239//3239 3312//3312 3313//3313
f 3239//3239 3313//3313 3240//3240
f 3240//3240 3313//3313 3314//3314
f 3240//3240 3314//3314 3241//3241
f 3241//3241 3314//3314 3315//3315
f 3241//3241 3315//3315 3242//3242
f 3242//3242 3315//3315 3316//3316
f 3242//3242 3316//3316 3243//3243
f 3243//3243 3316//3316 3317//3317
f 3243//3243 3317//3317 3244//3244
f 3244//3244 3317//3317 3318//3318
f 3244//3244 3318//3318 3245//3245
f 3245//3245 3318//3318 3319//3319
f 3245//3245 3319//3319 3246//3246
f 3246//3246 3319//3319 3320//3320
f 3246//3246 3320//3320 3247//3247
f 3247//3247 3320//3320 3321//3321
f 3247//3247 3321//3321 3248//3248
f 3248//3248 3321//3321 3322//3322
f 3248//3248 3322//3322 3249//3249
f 3249//3249 3322//3322 3323//3323
f 3249//3249 3323//3323 3250//3250
f 3250//3250 3323//3323 3324//3324
f 3250//3250 3324//3324 3251//3251
f 3251//3251 3324//3324 3325//3325
f 3251//3251 3325//3325 3252//3252
f 3252//3252 3325//3325 3326//3326
f 3252//3252 3326//3326 3253//3253
f 3253//3253 3326//3326 3327//3327
f 3253//3253 3327//3327 3254//3254
f 3254//3254 3327//3327 3328//3328
f 3254//3254 3328//3328 3255//3255
f 3255//3255 3328//3328 3329//3329
f 3255//3255 3329//3329 3256//3256
f 3256//3256 3329//3329 3330//3330
f 3256//3256 3330//3330 3257//3257
f 3257//3257 3330//3330 3331//3331
f 3257//3257 3331//3331 3258//3258
f 3258//3258 3331//3331 3332//3332
f 3258//3258 3332//3332 3259//3259
f 3259//3259 3332//3332 3333//3333
f 3259//3259 3333//3333 3260//3260
f 3260//3260 3333//3333 3334//3334
f 3260//3260 3334//3334 3261//3261
f 3261//3261 3334//3334 3335//3335
f 3261//3261 3335//3335 3262//3262
f 3262//3262 3335//3335 3336//3336
f 3262//3262 3336//3336 3263//3263
f 3263//3263 3336//3336 3337//3337
f 3263//3263 3337//3337 3264//3264
f 3264//3264 3337//3337 3338//3338
f 3264//3264 3338//3338 3265//3265
f 3265//3265 3338//3338 3339//3339
f 3265//3265 3339//3339 3266//3266
f 3266//3266 3339//3339 3340//3340
f 3266//3266 3340//3340 3267//3267
f 3267//3267 3340//3340 3341//3341
f 3267//3267 3341//3341 3268//3268
f 3268//3268 3341//3341 3342//3342
f 3268//3268 3342//3342 3269//3269
f 3269//3269 3342//3342 3343//3343
f 3269//3269 3343//3343 3270//3270
f 3270//3270 3343//3343 3344//3344
f 3270//3270 3344//3344 3271//3271
f 3271//3271 3344//3344 3345//3345
f 3271//3271 3345//3345 3272//3272
f 3272//3272 3345//3345 3346//3346
f 3272//3272 3346//3346 3273//3273
f 3273//3273 3346//3346 3347//3347
f 3273//3273 3347//3347 3274//3274
f 3274//3274 3347//3347 3348//3348
f 3274//3274 3348//3348 3275//3275
f 3275//3275 3348//3348 3349//3349
f 3275//3275 3349//3349 3276//3276
f 3276//3276 3349//3349 3350//3350
f 3276//3276 3350//3350 3277//3277
f 3277//3277 3350//3350 3351//3351
f 3277//3277 3351//3351 3278//3278
f 3278//3278 3351//3351 3352//3352
f 3278//3278 3352//3352 3279//3279
f 3279//3279 3352//3352 3353//3353
f 3279//3279 3353//3353 3280//3280
f 3280//3280 3353//3353 3354//3354
f 3280//3280 3354//3354 3281//3281
f 3281//3281 3354//3354 3355//3355
f 3281//3281 3355//3355 3282//3282
f 3282//3282 3355//3355 3356//3356
f 3282//3282 3356//3356 3283//3283
f 3283//3283 3356//3356 3357//3357
f 3283//3283 3357//3357 3284//3284
f 3284//3284 3357//3357 3358//3358
f 3284//3284 3358//3358 3285//3285
f 3286//3286 3359//3359 3360//3360
f 3286//3286 3360//3360 3287//3287
f 3287//3287 3360//3360 3361//3361
f 3287//3287 3361//3361 3288//3288
f 3288//3288 3361//3361 3362//3362
f 3288//3288 3362//3362 3289//3289
f 3289//3289 3362//3362 3363//3363
f 3289//3289 3363//3363 3290//3290
f 3290//3290 3363//3363 3364//3364
f 3290//3290 3364//3364 3291//3291
f 3291//3291 3364//3364 3365//3365
f 3291//3291 3365//3365 3292//3292
f 3292//3292 3365//3365 3366//3366
f 3292//3292 3366//3366 3293//3293
f 3293//3293 3366//3366 3367//3367
f 3293//3293 3367//3367 3294//3294
f 3294//3294 3367//3367 3368//3368
f 3294//3294 3368//3368 3295//3295
f 3295//3295 3368//3368 3369//3369
f 3295//3295 3369//3369 3296//3296
f 3296//3296 3369//3369 3370//3370
f 3296//3296 3370//3370 3297//3297
f 3297//3297 3370//3370 3371//3371
f 3297//3297 3371//3371 3298//3298
f 3298//3298 3371//3371 3372//3372
f 3298//3298 3372//3372 3299//3299
f 3299//3299 3372//3372 3373//3373
f 3299//3299 3373//3373 3300//3300
f 3300//3300 3373//3373 3374//3374
f 3300//3300 3374//3374 3301//3301
f 3301//3301 3374//3374 3375//3375
f 3301//3301 3375//3375 3302//3302
f 3302//3302 3375//3375 3376//3376
f 3302//3302 3376//3376 3303//3303
f 3303//3303 3376//3376 3377//3377
f 3303//3303 3377//3377 3304//3304
f 3304//3304 3377//3377 3378//3378
f 3304//3304 3378//3378 3305//3305
f 3305//3305 3378//3378 3379//3379
f 3305//3305 3379//3379 3306//3306
f 3306//3306 3379//3379 3380//3380
f 3306//3306 3380//3380 3307//3307
f 3307//3307 3380//3380 3381//3381
f 3307//3307 3381//3381 3308//3308
f 3308//3308 3381//3381 3382//3382
f 3308//3308 3382//3382 3309//3309
f 3309//3309 3382//3382 3383//3383
f 3309//3309 3383//3383 3310//3310
f 3310//3310 3383//3383 3384//3384
f 3310//3310 3384//3384 3311//3311
f 3311//3311 3384//3384 3385//3385
f 3311//3311 3385//3385 3312//3312
f 3312//3312 3385//3385 3386//3386
f 3312//3312 3386//3386 3313//3313
f 3313//3313 3386//3386 3387//3387
f 3313//3313 3387//3387 3314//3314
f 3314//3314 3387//3387 3388//3388
f 3314//3314 3388//3388 3315//3315
f 3315//3315 3388//3388 3389//3389
f 3315//3315 3389//3389 3316//3316
f 3316//3316 3389//3389 3390//3390
f 3316//3316 3390//3390 3317//3317
f 3317//3317 3390//3390 3391//3391
f 3317//3317 3391//3391 3318//3318
f 3318//3318 3391//3391 3392//3392
f 3318//3318 3392//3392 3319//3319
f 3319//3319 3392//3392 3393//3393
f 3319//3319 3393//3393 3320//3320
f 3320//3320 3393//3393 3394//3394
f 3320//3320 3394//3394 3321//3321
f 3321//3321 3394//3394 3395//3395
f 3321//3321 3395//3395 3322//3322
f 3322//3322 3395//3395 3396//3396
f 3322//3322 3396//3396 3323//3323
f 3323//3323 3396//3396 3397//3397
f 3323//3323 3397//3397 3324//3324
f 3324//3324 3397//3397 3398//3398
f 3324//3324 3398//3398 3325//3325
f 3325//3325 3398//3398 3399//3399
f 3325//3325 3399//3399 3326//3326
f 3326//3326 3399//3399 3400//3400
f 3326//3326 3400//3400 3327//3327
f 3327//3327 3400//3400 3401//3401
f 3327//3327 3401//3401 3328//3328
f 3328//3328 3401//3401 3402//3402
f 3328//3328 3402//3402 3329//3329
f 3329//3329 3402//3402 3403//3403
f 3329//3329 3403//3403 3330//3330
f 3330//3330 3403//3403 3404//3404
f 3330//3330 3404//3404 3331//3331
f 3331//3331 3404//3404 3405//3405
f 3331//3331 3405//3405 3332//3332
f 3332//3332 3405//3405 3406//3406
f 3332//3332 3406//3406 3333//3333
f 3333//3333 3406//3406 3407//3407
f 3333//3333 3407//3407 3334//3334
f 3334//3334 3407//3407 3408//3408
f 3334//3334 3408//3408 3335//3335
f 3335//3335 3408//3408 3409//3409
f 3335//3335 3409//3409 3336//3336
f 3336//3336 3409//3409 3410//3410
f 3336//3336 3410//3410 3337//3337
f 3337//3337 3410//3410 3411//3411
f 3337//3337 3411//3411 3338//3338
f 3338//3338 3411//3411 3412//3412
f 3338//3338 3412//3412 3339//3339
f 3339//3339 3412//3412 3413//3413
f 3339//3339 3413//3413 3340//3340
f 3340//3340 3413//3413 3414//3414
f 3340//3340 3414//3414 3341//3341
f 3341//3341 3414//3414 3415//3415
f 3341//3341 3415//3415 3342//3342
f 3342//3342 3415//3415 3416//3416
f 3342//3342 3416//3416 3343//3343
f 3343//3343 3416//3416 3417//3417
f 3343//3343 3417//3417 3344//3344
f 3344//3344 3417//3417 3418//3418
f 3344//3344 3418//3418 3345//3345
f 3345//3345 3418//3418 3419//3419
f 3345//3345 3419//3419 3346//3346
f 3346//3346 3419//3419 3420//3420
f 3346//3346 3420//3420 3347//3347
f 3347//3347 3420//3420 3421//3421
f 3347//3347 3421//3421 3348//3348
f 3348//3348 3421//3421 3422//3422
f 3348//3348 3422//3422 3349//3349
f 3349//3349 3422//3422 3423//3423
f 3349//3349 3423//3423 3350//3350
f 3350//3350 3423//3423 3424//3424
f 3350//3350 3424//3424 3351//3351
f 3351//3351 3424//3424 3425//3425
f 3351//3351 3425//3425 3352//3352
f 3352//3352 3425//3425 3426//3426
f 3352//3352 3426//3426 3353//3353
f 3353//3353 3426//3426 3427//3427
f 3353//3353 3427//3427 3354//3354
f 3354//3354 3427//3427 3428//3428
f 3354//3354 3428//3428 3355//3355
f 3355//3355 3428//3428 3429//3429
f 3355//3355 3429//3429 3356//3356
f 3356//3356 3429//3429 3430//3430
f 3356//3356 3430//3430 3357//3357
f 3357//3357 3430//3430 3431//3431
f 3357//3357 3431//3431 3358//3358
f 3359//3359 3432//3432 3433//3433
f 3359//3359 3433//3433 3360//3360
f 3360//3360 3433//3433 3434//3434
f 3360//3360 3434//3434 3361//3361
f 3361//3361 3434//3434 3435//3435
f 3361//3361 3435//3435 3362//3362
f 3362//3362 3435//3435 3436//3436
f 3362//3362 3436//3436 3363//3363
f 3363//3363 3436//3436 3437//3437
f 3363//3363 3437//3437 3364//3364
f 3364//3364 3437//3437 3438//3438
f 3364//3364 3438//3438 3365//3365
f 3365//3365 3438//3438 3439//3439
f 3365//3365 3439//3439 3366//3366
f 3366//3366 3439//3439 3440//3440
f 3366//3366 3440//3440 3367//3367
f 3367//3367 3440//3440 3441//3441
f 3367//3367 3441//3441 3368//3368
f 3368//3368 3441//3441 3442//3442
f 3368//3368 3442//3442 3369//3369
f 3369//3369 3442//3442 3443//3443
f 3369//3369 3443//3443 3370//3370
f 3370//3370 3443//3443 3444//3444
f 3370//3370 3444//3444 3371//3371
f 3371//3371 3444//3444 3445//3445
f 3371//3371 3445//3445 3372//3372
f 3372//3372 3445//3445 3446//3446
f 3372//3372 3446//3446 3373//3373
f 3373//3373 3446//3446 3447//3447
f 3373//3373 3447//3447 3374//3374
f 3374//3374 3447//3447 3448//3448
f 3374//3374 3448//3448 3375//3375
f 3375//3375 3448//3448 3449//3449
f 3375//3375 3449//3449 3376//3376
f 3376//3376 3449//3449 3450//3450
f 3376//3376 3450//3450 3377//3377
f 3377//3377 3450//3450 3451//3451
f 3377//3377 3451//3451 3378//3378
f 3378//3378 3451//3451 3452//3452
f 3378//3378 3452//3452 3379//3379
f 3379//3379 3452//3452 3453//3453
f 3379//3379 3453//3453 3380//3380
f 3380//3380 3453//3453 3454//3454
f 3380//3380 3454//3454 3381//3381
f 3381//3381 3454//3454 3455//3455
f 3381//3381 3455//3455 3382//3382
f 3382//3382 3455//3455 3456//3456
f 3382//3382 3456//3456 3383//3383
f 3383//3383 3456//3456 3457//3457
f 3383//3383 3457//3457 3384//3384
f 3384//3384 3457//3457 3458//3458
f 3384//3384 3458//3458 3385//3385
f 3385//3385 3458//3458 3459//3459
f 3385//3385 3459//3459 3386//3386
f 3386//3386 3459//3459 3460//3460
f 3386//3386 3460//3460 3387//3387
f 3387//3387 3460//3460 3461//3461
f 3387//3387 3461//3461 3388//3388
f 3388//3388 3461//3461 3462//3462
f 3388//3388 3462//3462 3389//3389
f 3389//3389 3462//3462 3463//3463
f 3389//3389 3463//3463 3390//3390
f 3390//3390 3463//3463 3464//3464
f 3390//3390 3464//3464 3391//3391
f 3391//3391 3464//3464 3465//3465
f 3391//3391 3465//3465 3392//3392
f 3392//3392 3465//3465 3466//3466
f 3392//3392 3466//3466 3393//3393
f 3393//3393 3466//3466 3467//3467
f 3393//3393 3467//3467 3394//3394
f 3394//3394 3467//3467 3468//3468
f 3394//3394 3468//3468 3395//3395
f 3395//3395 3468//3468 3469//3469
f 3395//3395 3469//3469 3396//3396
f 3396//3396 3469//3469 3470//3470
f 3396//3396 3470//3470 3397//3397
f 3397//3397 3470//3470 3471//3471
f 3397//3397 3471//3471 3398//3398
f 3398//3398 3471//3471 3472//3472
f 3398//3398 3472//3472 3399//3399
f 3399//3399 3472//3472 3473//3473
f 3399//3399 3473//3473 3400//3400
f 3400//3400 3473//3473 3474//3474
f 3400//3400 3474//3474 3401//3401
f 3401//3401 3474//3474 3475//3475
f 3401//3401 3475//3475 3402//3402
f 3402//3402 3475//3475 3476//3476
f 3402//3402 3476//3476 3403//3403
f 3403//3403 3476//3476 3477//3477
f 3403//3403 3477//3477 3404//3404
f 3404//3404 3477//3477 3478//3478
f 3404//3404 3478//3478 3405//3405
f 3405//3405 3478//3478 3479//3479
f 3405//3405 3479//3479 3406//3406
f 3406//3406 3479//3479 3480//3480
f 3406//3406 3480//3480 3407//3407
f 3407//3407 3480//3480 3481//3481
f 3407//3407 3481//3481 3408//3408
f 3408//3408 3481//3481 3482//3482
f 3408//3408 3482//3482 3409//3409
f 3409//3409 3482//3482 3483//3483
f 3409//3409 3483//3483 3410//3410
f 3410//3410 3483//3483 3484//3484
f 3410//3410 3484//3484 3411//3411
f 3411//3411 3484//3484 3485//3485
f 3411//3411 3485//3485 3412//3412
f 3412//3412 3485//3485 3486//3486
f 3412//3412 3486//3486 3413//3413
f 3413//3413 3486//3486 3487//3487
f 3413//3413 3487//3487 3414//3414
f 3414//3414 3487//3487 3488//3488
f 3414//3414 3488//3488 3415//3415
f 3415//3415 3488//3488 3489//3489
f 3415//3415 3489//3489 3416//3416
f 3416//3416 3489//3489 3490//3490
f 3416//3416 3490//3490 3417//3417
f 3417//3417 3490//3490 3491//3491
f 3417//3417 3491//3491 3418//3418
f 3418//3418 3491//3491 3492//3492
f 3418//3418 3492//3492 3419//3419
f 3419//3419 3492//3492 3493//3493
f 3419//3419 3493//3493 3420//3420
f 3420//3420 3493//3493 3494//3494
f 3420//3420 3494//3494 3421//3421
f 3421//3421 3494//3494 3495//3495
f 3421//3421 3495//3495 3422//3422
f 3422//3422 3495//3495 3496//3496
f 3422//3422 3496//3496 3423//3423
f 3423//3423 3496//3496 3497//3497
f 3423//3423 3497//3497 3424//3424
f 3424//3424 3497//3497 3498//3498
f 3424//3424 3498//3498 3425//3425
f 3425//3425 3498//3498 3499//3499
f 3425//3425 3499//3499 3426//3426
f 3426//3426 3499//3499 3500//3500
f 3426//3426 3500//3500 3427//3427
f 3427//3427 3500//3500 3501//3501
f 3427//3427 3501//3501 3428//3428
f 3428//3428 3501//3501 3502//3502
f 3428//3428 3502//3502 3429//3429
f 3429//3429 3502//3502 3503//3503
f 3429//3429 3503//3503 3430//3430
f 3430//3430 3503//3503 3504//3504
f 3430//3430 3504//3504 3431//3431
f 3432//3432 3505//3505 3506//3506
f 3432//3432 3506//3506 3433//3433
f 3433//3433 3506//3506 3507//3507
f 3433//3433 3507//3507 3434//3434
f 3434//3434 3507//3507 3508//3508
f 3434//3434 3508//3508 3435//3435
f 3435//3435 3508//3508 3509//3509
f 3435//3435 3509//3509 3436//3436
f 3436//3436 3509//3509 3510//3510
f 3436//3436 3510//3510 3437//3437
f 3437//3437 3510//3510 3511//3511
f 3437//3437 3511//3511 3438//3438
f 3438//3438 3511//3511 3512//3512
f 3438//3438 3512//3512 3439//3439
f 3439//3439 3512//3512 3513//3513
f 3439//3439 3513//3513 3440//3440
f 3440//3440 3513//3513 3514//3514
f 3440//3440 3514//3514 3441//3441
f 3441//3441 3514//3514 3515//3515
f 3441//3441 3515//3515 3442//3442
f 3442//3442 3515//3515 3516//3516
f 3442//3442 3516//3516 3443//3443
f 3443//3443 3516//3516 3517//3517
f 3443//3443 3517//3517 3444//3444
f 3444//3444 3517//3517 3518//3518
f 3444//3444 3518//3518 3445//3445
f 3445//3445 3518//3518 3519//3519
f 3445//3445 3519//3519 3446//3446
f 3446//3446 3519//3519 3520//3520
f 3446//3446 3520//3520 3447//3447
f 3447//3447 3520//3520 3521//3521
f 3447//3447 3521//3521 3448//3448
f 3448//3448 3521//3521 3522//3522
f 3448//3448 3522//3522 3449//3449
f 3449//3449 3522//3522 3523//3523
f 3449//3449 3523//3523 3450//3450
f 3450//3450 3523//3523 3524//3524
f 3450//3450 3524//3524 3451//3451
f 3451//3451 3524//3524 3525//3525
f 3451//3451 3525//3525 3452//3452
f 3452//3452 3525//3525 3526//3526
f 3452//3452 3526//3526 3453//3453
f 3453//3453 3526//3526 3527//3527
f 3453//3453 3527//3527 3454//3454
f 3454//3454 3527//3527 3528//3528
f 3454//3454 3528//3528 3455//3455
f 3455//3455 3528//3528 3529//3529
f 3455//3455 3529//3529 3456//3456
f 3456//3456 3529//3529 3530//3530
f 3456//3456 3530//3530 3457//3457
f 3457//3457 3530//3530 3531//3531
f 3457//3457 3531//3531 3458//3458
f 3458//3458 3531//3531 3532//3532
f 3458//3458 3532//3532 3459//3459
f 3459//3459 3532//3532 3533//3533
f 3459//3459 3533//3533 3460//3460
f 3460//3460 3533//3533 3534//3534
f 3460//3460 3534//3534 3461//3461
f 3461//3461 3534//3534 3535//3535
f 3461//3461 3535//3535 3462//3462
f 3462//3462 3535//3535 3536//3536
f 3462//3462 3536//3536 3463//3463
f 3463//3463 3536//3536 3537//3537
f 3463//3463 3537//3537 3464//3464
f 3464//3464 3537//3537 3538//3538
f 3464//3464 3538//3538 3465//3465
f 3465//3465 3538//3538 3539//3539
f 3465//3465 3539//3539 3466//3466
f 3466//3466 3539//3539 3540//3540
f 3466//3466 3540//3540 3467//3467
f 3467//3467 3540//3540 3541//3541
f 3467//3467 3541//3541 3468//3468
f 3468//3468 3541//3541 3542//3542
f 3468//3468 3542//3542 3469//3469
f 3469//3469 3542//3542 3543//3543
f 3469//3469 3543//3543 3470//3470
f 3470//3470 3543//3543 3544//3544
f 3470//3470 3544//3544 3471//3471
f 3471//3471 3544//3544 3545//3545
f 3471//3471 3545//3545 3472//3472
f 3472//3472 3545//3545 3546//3546
f 3472//3472 3546//3546 3473//3473
f 3473//3473 3546//3546 3547//3547
f 3473//3473 3547//3547 3474//3474
f 3474//3474 3547//3547 3548//3548
f 3474//3474 3548//3548 3475//3475
f 3475//3475 3548//3548 3549//3549
f 3475//3475 3549//3549 3476//3476
f 3476//3476 3549//3549 3550//3550
f 3476//3476 3550//3550 3477//3477
f 3477//3477 3550//3550 3551//3551
f 3477//3477 3551//3551 3478//3478
f 3478//3478 3551//3551 3552//3552
f 3478//3478 3552//3552 3479//3479
f 3479//3479 3552//3552 3553//3553
f 3479//3479 3553//3553 3480//3480
f 3480//3480 3553//3553 3554//3554
f 3480//3480 3554//3554 3481//3481
f 3481//3481 3554//3554 3555//3555
f 3481//3481 3555//3555 3482//3482
f 3482//3482 3555//3555 3556//3556
f 3482//3482 3556//3556 3483//3483
f 3483//3483 3556//3556 3557//3557
f 3483//3483 3557//3557 3484//3484
f 3484//3484 3557//3557 3558//3558
f 3484//3484 3558//3558 3485//3485
f 3485//3485 3558//3558 3559//3559
f 3485//3485 3559//3559 3486//3486
f 3486//3486 3559//3559 3560//3560
f 3486//3486 3560//3560 3487//3487
f 3487//3487 3560//3560 3561//3561
f 3487//3487 3561//3561 3488//3488
f 3488//3488 3561//3561 3562//3562
f 3488//3488 3562//3562 3489//3489
f 3489//3489 3562//3562 3563//3563
f 3489//3489 3563//3563 3490//3490
f 3490//3490 3563//3563 3564//3564
f 3490//3490 3564//3564 3491//3491
f 3491//3491 3564//3564 3565//3565
f 3491//3491 3565//3565 3492//3492
f 3492//3492 3565//3565 3566//3566
f 3492//3492 3566//3566 3493//3493
f 3493//3493 3566//3566 3567//3567
f 3493//3493 3567//3567 3494//3494
f 3494//3494 3567//3567 3568//3568
f 3494//3494 3568//3568 3495//3495
f 3495//3495 3568//3568 3569//3569
f 3495//3495 3569//3569 3496//3496
f 3496//3496 3569//3569 3570//3570
f 3496//3496 3570//3570 3497//3497
f 3497//3497 3570//3570 3571//3571
f 3497//3497 3571//3571 3498//3498
f 3498//3498 3571//3571 3572//3572
f 3498//3498 3572//3572 3499//3499
f 3499//3499 3572//3572 3573//3573
f 3499//3499 3573//3573 3500//3500
f 3500//3500 3573//3573 3574//3574
f 3500//3500 3574//3574 3501//3501
f 3501//3501 3574//3574 3575//3575
f 3501//3501 3575//3575 3502//3502
f 3502//3502 3575//3575 3576//3576
f 3502//3502 3576//3576 3503//3503
f 3503//3503 3576//3576 3577//3577
f 3503//3503 3577//3577 3504//3504
f 3505//3505 3578//3578 3579//3579
f 3505//3505 3579//3579 3506//3506
f 3506//3506 3579//3579 3580//3580
f 3506//3506 3580//3580 3507//3507
f 3507//3507 3580//3580 3581//3581
f 3507//3507 3581//3581 3508//3508
f 3508//3508 3581//3581 3582//3582
f 3508//3508 3582//3582 3509//3509
f 3509//3509 3582//3582 3583//3583
f 3509//3509 3583//3583 3510//3510
f 3510//3510 3583//3583 3584//3584
f 3510//3510 3584//3584 3511//3511
f 3511//3511 3584//3584 3585//3585
f 3511//3511 3585//3585 3512//3512
f 3512//3512 3585//3585 3586//3586
f 3512//3512 3586//3586 3513//3513
f 3513//3513 3586//3586 3587//3587
f 3513//3513 3587//3587 3514//3514
f 3514//3514 3587//3587 3588//3588
f 3514//3514 3588//3588 3515//3515
f 3515//3515 3588//3588 3589//3589
f 3515//3515 3589//3589 3516//3516
f 3516//3516 3589//3589 3590//3590
f 3516//3516 3590//3590 3517//3517
f 3517//3517 3590//3590 3591//3591
f 3517//3517 3591//3591 3518//3518
f 3518//3518 3591//3591 3592//3592
f 3518//3518 3592//3592 3519//3519
f 3519//3519 3592//3592 3593//3593
f 3519//3519 3593//3593 3520//3520
f 3520//3520 3593//3593 3594//3594
f 3520//3520 3594//3594 3521//3521
f 3521//3521 3594//3594 3595//3595
f 3521//3521 3595//3595 3522//3522
f 3522//3522 3595//3595 3596//3596
f 3522//3522 3596//3596 3523//3523
f 3523//3523 3596//3596 3597//3597
f 3523//3523 3597//3597 3524//3524
f 3524//3524 3597//3597 3598//3598
f 3524//3524 3598//3598 3525//3525
f 3525//3525 3598//3598 3599//3599
f 3525//3525 3599//3599 3526//3526
f 3526//3526 3599//3599 3600//3600
f 3526//3526 3600//3600 3527//3527
f 3527//3527 3600//3600 3601//3601
f 3527//3527 3601//3601 3528//3528
f 3528//3528 3601//3601 3602//3602
f 3528//3528 3602//3602 3529//3529
f 3529//3529 3602//3602 3603//3603
f 3529//3529 3603//3603 3530//3530
f 3530//3530 3603//3603 3604//3604
f 3530//3530 3604//3604 3531//3531
f 3531//3531 3604//3604 3605//3605
f 3531//3531 3605//3605 3532//3532
f 3532//3532 3605//3605 3606//3606
f 3532//3532 3606//3606 3533//3533
f 3533//3533 3606//3606 3607//3607
f 3533//3533 3607//3607 3534//3534
f 3534//3534 3607//3607 3608//3608
f 3534//3534 3608//3608 3535//3535
f 3535//3535 3608//3608 3609//3609
f 3535//3535 3609//3609 3536//3536
f 3536//3536 3609//3609 3610//3610
f 3536//3536 3610//3610 3537//3537
f 3537//3537 3610//3610 3611//3611
f 3537//3537 3611//3611 3538//3538
f 3538//3538 3611//3611 3612//3612
f 3538//3538 3612//3612 3539//3539
f 3539//3539 3612//3612 3613//3613
f 3539//3539 3613//3613 3540//3540
f 3540//3540 3613//3613 3614//3614
f 3540//3540 3614//3614 3541//3541
f 3541//3541 3614//3614 3615//3615
f 3541//3541 3615//3615 3542//3542
f 3542//3542 3615//3615 3616//3616
f 3542//3542 3616//3616 3543//3543
f 3543//3543 3616//3616 3617//3617
f 3543//3543 3617//3617 3544//3544
f 3544//3544 3617//3617 3618//3618
f 3544//3544 3618//3618 3545//3545
f 3545//3545 3618//3618 3619//3619
f 3545//3545 3619//3619 3546//3546
f 3546//3546 3619//3619 3620//3620
f 3546//3546 3620//3620 3547//3547
f 3547//3547 3620//3620 3621//3621
f 3547//3547 3621//3621 3548//3548
f 3548//3548 3621//3621 3622//3622
f 3548//3548 3622//3622 3549//3549
f 3549//3549 3622//3622 3623//3623
f 3549//3549 3623//3623 3550//3550
f 3550//3550 3623//3623 3624//3624
f 3550//3550 3624//3624 3551//3551
f 3551//3551 3624//3624 3625//3625
f 3551//3551 3625//3625 3552//3552
f 3552//3552 3625//3625 3626//3626
f 3552//3552 3626//3626 3553//3553
f 3553//3553 3626//3626 3627//3627
f 3553//3553 3627//3627 3554//3554
f 3554//3554 3627//3627 3628//3628
f 3554//3554 3628//3628 3555//3555
f 3555//3555 3628//3628 3629//3629
f 3555//3555 3629//3629 3556//3556
f 3556//3556 3629//3629 3630//3630
f 3556//3556 3630//3630 3557//3557
f 3557//3557 3630//3630 3631//3631
f 3557//3557 3631//3631 3558//3558
f 3558//3558 3631//3631 3632//3632
f 3558//3558 3632//3632 3559//3559
f 3559//3559 3632//3632 3633//3633
f 3559//3559 3633//3633 3560//3560
f 3560//3560 3633//3633 3634//3634
f 3560//3560 3634//3634 3561//3561
f 3561//3561 3634//3634 3635//3635
f 3561//3561 3635//3635 3562//3562
f 3562//3562 3635//3635 3636//3636
f 3562//3562 3636//3636 3563//3563
f 3563//3563 3636//3636 3637//3637
f 3563//3563 3637//3637 3564//3564
f 3564//3564 3637//3637 3638//3638
f 3564//3564 3638//3638 3565//3565
f 3565//3565 3638//3638 3639//3639
f 3565//3565 3639//3639 3566//3566
f 3566//3566 3639//3639 3640//3640
f 3566//3566 3640//3640 3567//3567
f 3567//3567 3640//3640 3641//3641
f 3567//3567 3641//3641 3568//3568
f 3568//3568 3641//3641 3642//3642
f 3568//3568 3642//3642 3569//3569
f 3569//3569 3642//3642 3643//3643
f 3569//3569 3643//3643 3570//3570
f 3570//3570 3643//3643 3644//3644
f 3570//3570 3644//3644 3571//3571
f 3571//3571 3644//3644 3645//3645
f 3571//3571 3645//3645 3572//3572
f 3572//3572 3645//3645 3646//3646
f 3572//3572 3646//3646 3573//3573
f 3573//3573 3646//3646 3647//3647
f 3573//3573 3647//3647 3574//3574
f 3574//3574 3647//3647 3648//3648
f 3574//3574 3648//3648 3575//3575
f 3575//3575 3648//3648 3649//3649
f 3575//3575 3649//3649 3576//3576
f 3576//3576 3649//3649 3650//3650
f 3576//3576 3650//3650 3577//3577
f 3578//3578 3651//3651 3652//3652
f 3578//3578 3652//3652 3579//3579
f 3579//3579 3652//3652 3653//3653
f 3579//3579 3653//3653 3580//3580
f 3580//3580 3653//3653 3654//3654
f 3580//3580 3654//3654 3581//3581
f 3581//3581 3654//3654 3655//3655
f 3581//3581 3655//3655 3582//3582
f 3582//3582 3655//3655 3656//3656
f 3582//3582 3656//3656 3583//3583
f 3583//3583 3656//3656 3657//3657
f 3583//3583 3657//3657 3584//3584
f 3584//3584 3657//3657 3658//3658
f 3584//3584 3658//3658 3585//3585
f 3585//3585 3658//3658 3659//3659
f 3585//3585 3659//3659 3586//3586
f 3586//3586 3659//3659 3660//3660
f 3586//3586 3660//3660 3587//3587
f 3587//3587 3660//3660 3661//3661
f 3587//3587 3661//3661 3588//3588
f 3588//3588 3661//3661 3662//3662
f 3588//3588 3662//3662 3589//3589
f 3589//3589 3662//3662 3663//3663
f 3589//3589 3663//3663 3590//3590
f 3590//3590 3663//3663 3664//3664
f 3590//3590 3664//3664 3591//3591
f 3591//3591 3664//3664 3665//3665
f 3591//3591 3665//3665 3592//3592
f 3592//3592 3665//3665 3666//3666
f 3592//3592 3666//3666 3593//3593
f 3593//3593 3666//3666 3667//3667
f 3593//3593 3667//3667 3594//3594
f 3594//3594 3667//3667 3668//3668
f 3594//3594 3668//3668 3595//3595
f 3595//3595 3668//3668 3669//3669
f 3595//3595 3669//3669 3596//3596
f 3596//3596 3669//3669 3670//3670
f 3596//3596 3670//3670 3597//3597
f 3597//3597 3670//3670 3671//3671
f 3597//3597 3671//3671 3598//3598
f 3598//3598 3671//3671 3672//3672
f 3598//3598 3672//3672 3599//3599
f 3599//3599 3672//3672 3673//3673
f 3599//3599 3673//3673 3600//3600
f 3600//3600 3673//3673 3674//3674
f 3600//3600 3674//3674 3601//3601
f 3601//3601 3674//3674 3675//3675
f 3601//3601 3675//3675 3602//3602
f 3602//3602 3675//3675 3676//3676
f 3602//3602 3676//3676 3603//3603
f 3603//3603 3676//3676 3677//3677
f 3603//3603 3677//3677 3604//3604
f 3604//3604 3677//3677 3678//3678
f 3604//3604 3678//3678 3605//3605
f 3605//3605 3678//3678 3679//3679
f 3605//3605 3679//3679 3606//3606
f 3606//3606 3679//3679 3680//3680
f 3606//3606 3680//3680 3607//3607
f 3607//3607 3680//3680 3681//3681
f 3607//3607 3681//3681 3608//3608
f 3608//3608 3681//3681 3682//3682
f 3608//3608 3682//3682 3609//3609
f 3609//3609 3682//3682 3683//3683
f 3609//3609 3683//3683 3610//3610
f 3610//3610 3683//3683 3684//3684
f 3610//3610 3684//3684 3611//3611
f 3611//3611 3684//3684 3685//3685
f 3611//3611 3685//3685 3612//3612
f 3612//3612 3685//3685 3686//3686
f 3612//3612 3686//3686 3613//3613
f 3613//3613 3686//3686 3687//3687
f 3613//3613 3687//3687 3614//3614
f 3614//3614 3687//3687 3688//3688
f 3614//3614 3688//3688 3615//3615
f 3615//3615 3688//3688 3689//3689
f 3615//3615 3689//3689 3616//3616
f 3616//3616 3689//3689 3690//3690
f 3616//3616 3690//3690 3617//3617
f 3617//3617 3690//3690 3691//3691
f 3617//3617 3691//3691 3618//3618
f 3618//3618 3691//3691 3692//3692
f 3618//3618 3692//3692 3619//3619
f 3619//3619 3692//3692 3693//3693
f 3619//3619 3693//3693 3620//3620
f 3620//3620 3693//3693 3694//3694
f 3620//3620 3694//3694 3621//3621
f 3621//3621 3694//3694 3695//3695
f 3621//3621 3695//3695 3622//3622
f 3622//3622 3695//3695 3696//3696
f 3622//3622 3696//3696 3623//3623
f 3623//3623 3696//3696 3697//3697
f 3623//3623 3697//3697 3624//3624
f 3624//3624 3697//3697 3698//3698
f 3624//3624 3698//3698 3625//3625
f 3625//3625 3698//3698 3699//3699
f 3625//3625 3699//3699 3626//3626
f 3626//3626 3699//3699 3700//3700
f 3626//3626 3700//3700 3627//3627
f 3627//3627 3700//3700 3701//3701
f 3627//3627 3701//3701 3628//3628
f 3628//3628 3701//3701 3702//3702
f 3628//3628 3702//3702 3629//3629
f 3629//3629 3702//3702 3703//3703
f 3629//3629 3703//3703 3630//3630
f 3630//3630 3703//3703 3704//3704
f 3630//3630 3704//3704 3631//3631
f 3631//3631 3704//3704 3705//3705
f 3631//3631 3705//3705 3632//3632
f 3632//3632 3705//3705 3706//3706
f 3632//3632 3706//3706 3633//3633
f 3633//3633 3706//3706 3707//3707
f 3633//3633 3707//3707 3634//3634
f 3634//3634 3707//3707 3708//3708
f 3634//3634 3708//3708 3635//3635
f 3635//3635 3708//3708 3709//3709
f 3635//3635 3709//3709 3636//3636
f 3636//3636 3709//3709 3710//3710
f 3636//3636 3710//3710 3637//3637
f 3637//3637 3710//3710 3711//3711
f 3637//3637 3711//3711 3638//3638
f 3638//3638 3711//3711 3712//3712
f 3638//3638 3712//3712 3639//3639
f 3639//3639 3712//3712 3713//3713
f 3639//3639 3713//3713 3640//3640
f 3640//3640 3713//3713 3714//3714
f 3640//3640 3714//3714 3641//3641
f 3641//3641 3714//3714 3715//3715
f 3641//3641 3715//3715 3642//3642
f 3642//3642 3715//3715 3716//3716
f 3642//3642 3716//3716 3643//3643
f 3643//3643 3716//3716 3717//3717
f 3643//3643 3717//3717 3644//3644
f 3644//3644 3717//3717 3718//3718
f 3644//3644 3718//3718 3645//3645
f 3645//3645 3718//3718 3719//3719
f 3645//3645 3719//3719 3646//3646
f 3646//3646 3719//3719 3720//3720
f 3646//3646 3720//3720 3647//3647
f 3647//3647 3720//3720 3721//3721
f 3647//3647 3721//3721 3648//3648
f 3648//3648 3721//3721 3722//3722
f 3648//3648 3722//3722 3649//3649
f 3649//3649 3722//3722 3723//3723
f 3649//3649 3723//3723 3650//3650
f 3651//3651 3724//3724 3725//3725
f 3651//3651 3725//3725 3652//3652
f 3652//3652 3725//3725 3726//3726
f 3652//3652 3726//3726 3653//3653
f 3653//3653 3726//3726 3727//3727
f 3653//3653 3727//3727 3654//3654
f 3654//3654 3727//3727 3728//3728
f 3654//3654 3728//3728 3655//3655
f 3655//3655 3728//3728 3729//3729
f 3655//3655 3729//3729 3656//3656
f 3656//3656 3729//3729 3730//3730
f 3656//3656 3730//3730 3657//3657
f 3657//3657 3730//3730 3731//3731
f 3657//3657 3731//3731 3658//3658
f 3658//3658 3731//3731 3732//3732
f 3658//3658 3732//3732 3659//3659
f 3659//3659 3732//3732 3733//3733
f 3659//3659 3733//3733 3660//3660
f 3660//3660 3733//3733 3734//3734
f 3660//3660 3734//3734 3661//3661
f 3661//3661 3734//3734 3735//3735
f 3661//3661 3735//3735 3662//3662
f 3662//3662 3735//3735 3736//3736
f 3662//3662 3736//3736 3663//3663
f 3663//3663 3736//3736 3737//3737
f 3663//3663 3737//3737 3664//3664
f 3664//3664 3737//3737 3738//3738
f 3664//3664 3738//3738 3665//3665
f 3665//3665 3738//3738 3739//3739
f 3665//3665 3739//3739 3666//3666
f 3666//3666 3739//3739 3740//3740
f 3666//3666 3740//3740 3667//3667
f 3667//3667 3740//3740 3741//3741
f 3667//3667 3741//3741 3668//3668
f 3668//3668 3741//3741 3742//3742
f 3668//3668 3742//3742 3669//3669
f 3669//3669 3742//3742 3743//3743
f 3669//3669 3743//3743 3670//3670
f 3670//3670 3743//3743 3744//3744
f 3670//3670 3744//3744 3671//3671
f 3671//3671 3744//3744 3745//3745
f 3671//3671 3745//3745 3672//3672
f 3672//3672 3745//3745 3746//3746
f 3672//3672 3746//3746 3673//3673
f 3673//3673 3746//3746 3747//3747
f 3673//3673 3747//3747 3674//3674
f 3674//3674 3747//3747 3748//3748
f 3674//3674 3748//3748 3675//3675
f 3675//3675 3748//3748 3749//3749
f 3675//3675 3749//3749 3676//3676
f 3676//3676 3749//3749 3750//3750
f 3676//3676 3750//3750 3677//3677
f 3677//3677 3750//3750 3751//3751
f 3677//3677 3751//3751 3678//3678
f 3678//3678 3751//3751 3752//3752
f 3678//3678 3752//3752 3679//3679
f 3679//3679 3752//3752 3753//3753
f 3679//3679 3753//3753 3680//3680
f 3680//3680 3753//3753 3754//3754
f 3680//3680 3754//3754 3681//3681
f 3681//3681 3754//3754 3755//3755
f 3681//3681 3755//3755 3682//3682
f 3682//3682 3755//3755 3756//3756
f 3682//3682 3756//3756 3683//3683
f 3683//3683 3756//3756 3757//3757
f 3683//3683 3757//3757 3684//3684
f 3684//3684 3757//3757 3758//3758
f 3684//3684 3758//3758 3685//3685
f 3685//3685 3758//3758 3759//3759
f 3685//3685 3759//3759 3686//3686
f 3686//3686 3759//3759 3760//3760
f 3686//3686 3760//3760 3687//3687
f 3687//3687 3760//3760 3761//3761
f 3687//3687 3761//3761 3688//3688
f 3688//3688 3761//3761 3762//3762
f 3688//3688 3762//3762 3689//3689
f 3689//3689 3762//3762 3763//3763
f 3689//3689 3763//3763 3690//3690
f 3690//3690 3763//3763 3764//3764
f 3690//3690 3764//3764 3691//3691
f 3691//3691 3764//3764 3765//3765
f 3691//3691 3765//3765 3692//3692
f 3692//3692 3765//3765 3766//3766
f 3692//3692 3766//3766 3693//3693
f 3693//3693 3766//3766 3767//3767
f 3693//3693 3767//3767 3694//3694
f 3694//3694 3767//3767 3768//3768
f 3694//3694 3768//3768 3695//3695
f 3695//3695 3768//3768 3769//3769
f 3695//3695 3769//3769 3696//3696
f 3696//3696 3769//3769 3770//3770
f 3696//3696 3770//3770 3697//3697
f 3697//3697 3770//3770 3771//3771
f 3697//3697 3771//3771 3698//3698
f 3698//3698 3771//3771 3772//3772
f 3698//3698 3772//3772 3699//3699
f 3699//3699 3772//3772 3773//3773
f 3699//3699 3773//3773 3700//3700
f 3700//3700 3773//3773 3774//3774
f 3700//3700 3774//3774 3701//3701
f 3701//3701 3774//3774 3775//3775
f 3701//3701 3775//3775 3702//3702
f 3702//3702 3775//3775 3776//3776
f 3702//3702 3776//3776 3703//3703
f 3703//3703 3776//3776 3777//3777
f 3703//3703 3777//3777 3704//3704
f 3704//3704 3777//3777 3778//3778
f 3704//3704 3778//3778 3705//3705
f 3705//3705 3778//3778 3779//3779
f 3705//3705 3779//3779 3706//3706
f 3706//3706 3779//3779 3780//3780
f 3706//3706 3780//3780 3707//3707
f 3707//3707 3780//3780 3781//3781
f 3707//3707 3781//3781 3708//3708
f 3708//3708 3781//3781 3782//3782
f 3708//3708 3782//3782 3709//3709
f 3709//3709 3782//3782 3783//3783
f 3709//3709 3783//3783 3710//3710
f 3710//3710 3783//3783 3784//3784
f 3710//3710 3784//3784 3711//3711
f 3711//3711 3784//3784 3785//3785
f 3711//3711 3785//3785 3712//3712
f 3712//3712 3785//3785 3786//3786
f 3712//3712 3786//3786 3713//3713
f 3713//3713 3786//3786 3787//3787
f 3713//3713 3787//3787 3714//3714
f 3714//3714 3787//3787 3788//3788
f 3714//3714 3788//3788 3715//3715
f 3715//3715 3788//3788 3789//3789
f 3715//3715 3789//3789 3716//3716
f 3716//3716 3789//3789 3790//3790
f 3716//3716 3790//3790 3717//3717
f 3717//3717 3790//3790 3791//3791
f 3717//3717 3791//3791 3718//3718
f 3718//3718 3791//3791 3792//3792
f 3718//3718 3792//3792 3719//3719
f 3719//3719 3792//3792 3793//3793
f 3719//3719 3793//3793 3720//3720
f 3720//3720 3793//3793 3794//3794
f 3720//3720 3794//3794 3721//3721
f 3721//3721 3794//3794 3795//3795
f 3721//3721 3795//3795 3722//3722
f 3722//3722 3795//3795 3796//3796
f 3722//3722 3796//3796 3723//3723
f 3724//3724 3797//3797 3798//3798
f 3724//3724 3798//3798 3725//3725
f 3725//3725 3798//3798 3799//3799
f 3725//3725 3799//3799 3726//3726
f 3726//3726 3799//3799 3800//3800
f 3726//3726 3800//3800 3727//3727
f 3727//3727 3800//3800 3801//3801
f 3727//3727 3801//3801 3728//3728
f 3728//3728 3801//3801 3802//3802
f 3728//3728 3802//3802 3729//3729
f 3729//3729 3802//3802 3803//3803
f 3729//3729 3803//3803 3730//3730
f 3730//3730 3803//3803 3804//3804
f 3730//3730 3804//3804 3731//3731
f 3731//3731 3804//3804 3805//3805
f 3731//3731 3805//3805 3732//3732
f 3732//3732 3805//3805 3806//3806
f 3732//3732 3806//3806 3733//3733
f 3733//3733 3806//3806 3807//3807
f 3733//3733 3807//3807 3734//3734
f 3734//3734 3807//3807 3808//3808
f 3734//3734 3808//3808 3735//3735
f 3735//3735 3808//3808 3809//3809
f 3735//3735 3809//3809 3736//3736
f 3736//3736 3809//3809 3810//3810
f 3736//3736 3810//3810 3737//3737
f 3737//3737 3810//3810 3811//3811
f 3737//3737 3811//3811 3738//3738
f 3738//3738 3811//3811 3812//3812
f 3738//3738 3812//3812 3739//3739
f 3739//3739 3812//3812 3813//3813
f 3739//3739 3813//3813 3740//3740
f 3740//3740 3813//3813 3814//3814
f 3740//3740 3814//3814 3741//3741
f 3741//3741 3814//3814 3815//3815
f 3741//3741 3815//3815 3742//3742
f 3742//3742 3815//3815 3816//3816
f 3742//3742 3816//3816 3743//3743
f 3743//3743 3816//3816 3817//3817
f 3743//3743 3817//3817 3744//3744
f 3744//3744 3817//3817 3818//3818
f 3744//3744 3818//3818 3745//3745
f 3745//3745 3818//3818 3819//3819
f 3745//3745 3819//3819 3746//3746
f 3746//3746 3819//3819 3820//3820
f 3746//3746 3820//3820 3747//3747
f 3747//3747 3820//3820 3821//3821
f 3747//3747 3821//3821 3748//3748
f 3748//3748 3821//3821 3822//3822
f 3748//3748 3822//3822 3749//3749
f 3749//3749 3822//3822 3823//3823
f 3749//3749 3823//3823 3750//3750
f 3750//3750 3823//3823 3824//3824
f 3750//3750 3824//3824 3751//3751
f 3751//3751 3824//3824 3825//3825
f 3751//3751 3825//3825 3752//3752
f 3752//3752 3825//3825 3826//3826
f 3752//3752 3826//3826 3753//3753
f 3753//3753 3826//3826 3827//3827
f 3753//3753 3827//3827 3754//3754
f 3754//3754 3827//3827 3828//3828
f 3754//3754 3828//3828 3755//3755
f 3755//3755 3828//3828 3829//3829
f 3755//3755 3829//3829 3756//3756
f 3756//3756 3829//3829 3830//3830
f 3756//3756 3830//3830 3757//3757
f 3757//3757 3830//3830 3831//3831
f 3757//3757 3831//3831 3758//3758
f 3758//3758 3831//3831 3832//3832
f 3758//3758 3832//3832 3759//3759
f 3759//3759 3832//3832 3833//3833
f 3759//3759 3833//3833 3760//3760
f 3760//3760 3833//3833 3834//3834
f 3760//3760 3834//3834 3761//3761
f 3761//3761 3834//3834 3835//3835
f 3761//3761 3835//3835 3762//3762
f 3762//3762 3835//3835 3836//3836
f 3762//3762 3836//3836 3763//3763
f 3763//3763 3836//3836 3837//3837
f 3763//3763 3837//3837 3764//3764
f 3764//3764 3837//3837 3838//3838
f 3764//3764 3838//3838 3765//3765
f 3765//3765 3838//3838 3839//3839
f 3765//3765 3839//3839 3766//3766
f 3766//3766 3839//3839 3840//3840
f 3766//3766 3840//3840 3767//3767
f 3767//3767 3840//3840 3841//3841
f 3767//3767 3841//3841 3768//3768
f 3768//3768 3841//3841 3842//3842
f 3768//3768 3842//3842 3769//3769
f 3769//3769 3842//3842 3843//3843
f 3769//3769 3843//3843 3770//3770
f 3770//3770 3843//3843 3844//3844
f 3770//3770 3844//3844 3771//3771
f 3771//3771 3844//3844 3845//3845
f 3771//3771 3845//3845 3772//3772
f 3772//3772 3845//3845 3846//3846
f 3772//3772 3846//3846 3773//3773
f 3773//3773 3846//3846 3847//3847
f 3773//3773 3847//3847 3774//3774
f 3774//3774 3847//3847 3848//3848
f 3774//3774 3848//3848 3775//3775
f 3775//3775 3848//3848 3849//3849
f 3775//3775 3849//3849 3776//3776
f 3776//3776 3849//3849 3850//3850
f 3776//3776 3850//3850 3777//3777
f 3777//3777 3850//3850 3851//3851
f 3777//3777 3851//3851 3778//3778
f 3778//3778 3851//3851 3852//3852
f 3778//3778 3852//3852 3779//3779
f 3779//3779 3852//3852 3853//3853
f 3779//3779 3853//3853 3780//3780
f 3780//3780 3853//3853 3854//3854
f 3780//3780 3854//3854 3781//3781
f 3781//3781 3854//3854 3855//3855
f 3781//3781 3855//3855 3782//3782
f 3782//3782 3855//3855 3856//3856
f 3782//3782 3856//3856 3783//3783
f 3783//3783 3856//3856 3857//3857
f 3783//3783 3857//3857 3784//3784
f 3784//3784 3857//3857 3858//3858
f 3784//3784 3858//3858 3785//3785
f 3785//3785 3858//3858 3859//3859
f 3785//3785 3859//3859 3786//3786
f 3786//3786 3859//3859 3860//3860
f 3786//3786 3860//3860 3787//3787
f 3787//3787 3860//3860 3861//3861
f 3787//3787 3861//3861 3788//3788
f 3788//3788 3861//3861 3862//3862
f 3788//3788 3862//3862 3789//3789
f 3789//3789 3862//3862 3863//3863
f 3789//3789 3863//3863 3790//3790
f 3790//3790 3863//3863 3864//3864
f 3790//3790 3864//3864 3791//3791
f 3791//3791 3864//3864 3865//3865
f 3791//3791 3865//3865 3792//3792
f 3792//3792 3865//3865 3866//3866
f 3792//3792 3866//3866 3793//3793
f 3793//3793 3866//3866 3867//3867
f 3793//3793 3867//3867 3794//3794
f 3794//3794 3867//3867 3868//3868
f 3794//3794 3868//3868 3795//3795
f 3795//3795 3868//3868 3869//3869
f 3795//3795 3869//3869 3796//3796
f 3797//3797 3870//3870 3871//3871
f 3797//3797 3871//3871 3798//3798
f 3798//3798 3871//3871 3872//3872
f 3798//3798 3872//3872 3799//3799
f 3799//3799 3872//3872 3873//3873
f 3799//3799 3873//3873 3800//3800
f 3800//3800 3873//3873 3874//3874
f 3800//3800 3874//3874 3801//3801
f 3801//3801 3874//3874 3875//3875
f 3801//3801 3875//3875 3802//3802
f 3802//3802 3875//3875 3876//3876
f 3802//3802 3876//3876 3803//3803
f 3803//3803 3876//3876 3877//3877
f 3803//3803 3877//3877 3804//3804
f 3804//3804 3877//3877 3878//3878
f 3804//3804 3878//3878 3805//3805
f 3805//3805 3878//3878 3879//3879
f 3805//3805 3879//3879 3806//3806
f 3806//3806 3879//3879 3880//3880
f 3806//3806 3880//3880 3807//3807
f 3807//3807 3880//3880 3881//3881
f 3807//3807 3881//3881 3808//3808
f 3808//3808 3881//3881 3882//3882
f 3808//3808 3882//3882 3809//3809
f 3809//3809 3882//3882 3883//3883
f 3809//3809 3883//3883 3810//3810
f 3810//3810 3883//3883 3884//3884
f 3810//3810 3884//3884 3811//3811
f 3811//3811 3884//3884 3885//3885
f 3811//3811 3885//3885 3812//3812
f 3812//3812 3885//3885 3886//3886
f 3812//3812 3886//3886 3813//3813
f 3813//3813 3886//3886 3887//3887
f 3813//3813 3887//3887 3814//3814
f 3814//3814 3887//3887 3888//3888
f 3814//3814 3888//3888 3815//3815
f 3815//3815 3888//3888 3889//3889
f 3815//3815 3889//3889 3816//3816
f 3816//3816 3889//3889 3890//3890
f 3816//3816 3890//3890 3817//3817
f 3817//3817 3890//3890 3891//3891
f 3817//3817 3891//3891 3818//3818
f 3818//3818 3891//3891 3892//3892
f 3818//3818 3892//3892 3819//3819
f 3819//3819 3892//3892 3893//3893
f 3819//3819 3893//3893 3820//3820
f 3820//3820 3893//3893 3894//3894
f 3820//3820 3894//3894 3821//3821
f 3821//3821 3894//3894 3895//3895
f 3821//3821 3895//3895 3822//3822
f 3822//3822 3895//3895 3896//3896
f 3822//3822 3896//3896 3823//3823
f 3823//3823 3896//3896 3897//3897
f 3823//3823 3897//3897 3824//3824
f 3824//3824 3897//3897 3898//3898
f 3824//3824 3898//3898 3825//3825
f 3825//3825 3898//3898 3899//3899
f 3825//3825 3899//3899 3826//3826
f 3826//3826 3899//3899 3900//3900
f 3826//3826 3900//3900 3827//3827
f 3827//3827 3900//3900 3901//3901
f 3827//3827 3901//3901 3828//3828
f 3828//3828 3901//3901 3902//3902
f 3828//3828 3902//3902 3829//3829
f 3829//3829 3902//3902 3903//3903
f 3829//3829 3903//3903 3830//3830
f 3830//3830 3903//3903 3904//3904
f 3830//3830 3904//3904 3831//3831
f 3831//3831 3904//3904 3905//3905
f 3831//3831 3905//3905 3832//3832
f 3832//3832 3905//3905 3906//3906
f 3832//3832 3906//3906 3833//3833
f 3833//3833 3906//3906 3907//3907
f 3833//3833 3907//3907 3834//3834
f 3834//3834 3907//3907 3908//3908
f 3834//3834 3908//3908 3835//3835
f 3835//3835 3908//3908 3909//3909
f 3835//3835 3909//3909 3836//3836
f 3836//3836 3909//3909 3910//3910
f 3836//3836 3910//3910 3837//3837
f 3837//3837 3910//3910 3911//3911
f 3837//3837 3911//3911 3838//3838
f 3838//3838 3911//3911 3912//3912
f 3838//3838 3912//3912 3839//3839
f 3839//3839 3912//3912 3913//3913
f 3839//3839 3913//3913 3840//3840
f 3840//3840 3913//3913 3914//3914
f 3840//3840 3914//3914 3841//3841
f 3841//3841 3914//3914 3915//3915
f 3841//3841 3915//3915 3842//3842
f 3842//3842 3915//3915 3916//3916
f 3842//3842 3916//3916 3843//3843
f 3843//3843 3916//3916 3917//3917
f 3843//3843 3917//3917 3844//3844
f 3844//3844 3917//3917 3918//3918
f 3844//3844 3918//3918 3845//3845
f 3845//3845 3918//3918 3919//3919
f 3845//3845 3919//3919 3846//3846
f 3846//3846 3919//3919 3920//3920
f 3846//3846 3920//3920 3847//3847
f 3847//3847 3920//3920 3921//3921
f 3847//3847 3921//3921 3848//3848
f 3848//3848 3921//3921 3922//3922
f 3848//3848 3922//3922 3849//3849
f 3849//3849 3922//3922 3923//3923
f 3849//3849 3923//3923 3850//3850
f 3850//3850 3923//3923 3924//3924
f 3850//3850 3924//3924 3851//3851
f 3851//3851 3924//3924 3925//3925
f 3851//3851 3925//3925 3852//3852
f 3852//3852 3925//3925 3926//3926
f 3852//3852 3926//3926 3853//3853
f 3853//3853 3926//3926 3927//3927
f 3853//3853 3927//3927 3854//3854
f 3854//3854 3927//3927 3928//3928
f 3854//3854 3928//3928 3855//3855
f 3855//3855 3928//3928 3929//3929
f 3855//3855 3929//3929 3856//3856
f 3856//3856 3929//3929 3930//3930
f 3856//3856 3930//3930 3857//3857
f 3857//3857 3930//3930 3931//3931
f 3857//3857 3931//3931 3858//3858
f 3858//3858 3931//3931 3932//3932
f 3858//3858 3932//3932 3859//3859
f 3859//3859 3932//3932 3933//3933
f 3859//3859 3933//3933 3860//3860
f 3860//3860 3933//3933 3934//3934
f 3860//3860 3934//3934 3861//3861
f 3861//3861 3934//3934 3935//3935
f 3861//3861 3935//3935 3862//3862
f 3862//3862 3935//3935 3936//3936
f 3862//3862 3936//3936 3863//3863
f 3863//3863 3936//3936 3937//3937
f 3863//3863 3937//3937 3864//3864
f 3864//3864 3937//3937 3938//3938
f 3864//3864 3938//3938 3865//3865
f 3865//3865 3938//3938 3939//3939
f 3865//3865 3939//3939 3866//3866
f 3866//3866 3939//3939 3940//3940
f 3866//3866 3940//3940 3867//3867
f 3867//3867 3940//3940 3941//3941
f 3867//3867 3941//3941 3868//3868
f 3868//3868 3941//3941 3942//3942
f 3868//3868 3942//3942 3869//3869
f 3870//3870 3943//3943 3944//3944
f 3870//3870 3944//3944 3871//3871
f 3871//3871 3944//3944 3945//3945
f 3871//3871 3945//3945 3872//3872
f 3872//3872 3945//3945 3946//3946
f 3872//3872 3946//3946 3873//3873
f 3873//3873 3946//3946 3947//3947
f 3873//3873 3947//3947 3874//3874
f 3874//3874 3947//3947 3948//3948
f 3874//3874 3948//3948 3875//3875
f 3875//3875 3948//3948 3949//3949
f 3875//3875 3949//3949 3876//3876
f 3876//3876 3949//3949 3950//3950
f 3876//3876 3950//3950 3877//3877
f 3877//3877 3950//3950 3951//3951
f 3877//3877 3951//3951 3878//3878
f 3878//3878 3951//3951 3952//3952
f 3878//3878 3952//3952 3879//3879
f 3879//3879 3952//3952 3953//3953
f 3879//3879 3953//3953 3880//3880
f 3880//3880 3953//3953 3954//3954
f 3880//3880 3954//3954 3881//3881
f 3881//3881 3954//3954 3955//3955
f 3881//3881 3955//3955 3882//3882
f 3882//3882 3955//3955 3956//3956
f 3882//3882 3956//3956 3883//3883
f 3883//3883 3956//3956 3957//3957
f 3883//3883 3957//3957 3884//3884
f 3884//3884 3957//3957 3958//3958
f 3884//3884 3958//3958 3885//3885
f 3885//3885 3958//3958 3959//3959
f 3885//3885 3959//3959 3886//3886
f 3886//3886 3959//3959 3960//3960
f 3886//3886 3960//3960 3887//3887
f 3887//3887 3960//3960 3961//3961
f 3887//3887 3961//3961 3888//3888
f 3888//3888 3961//3961 3962//3962
f 3888//3888 3962//3962 3889//3889
f 3889//3889 3962//3962 3963//3963
f 3889//3889 3963//3963 3890//3890
f 3890//3890 3963//3963 3964//3964
f 3890//3890 3964//3964 3891//3891
f 3891//3891 3964//3964 3965//3965
f 3891//3891 3965//3965 3892//3892
f 3892//3892 3965//3965 3966//3966
f 3892//3892 3966//3966 3893//3893
f 3893//3893 3966//3966 3967//3967
f 3893//3893 3967//3967 3894//3894
f 3894//3894 3967//3967 3968//3968
f 3894//3894 3968//3968 3895//3895
f 3895//3895 3968//3968 3969//3969
f 3895//3895 3969//3969 3896//3896
f 3896//3896 3969//3969 3970//3970
f 3896//3896 3970//3970 3897//3897
f 3897//3897 3970//3970 3971//3971
f 3897//3897 3971//3971 3898//3898
f 3898//3898 3971//3971 3972//3972
f 3898//3898 3972//3972 3899//3899
f 3899//3899 3972//3972 3973//3973
f 3899//3899 3973//3973 3900//3900
f 3900//3900 3973//3973 3974//3974
f 3900//3900 3974//3974 3901//3901
f 3901//3901 3974//3974 3975//3975
f 3901//3901 3975//3975 3902//3902
f 3902//3902 3975//3975 3976//3976
f 3902//3902 3976//3976 3903//3903
f 3903//3903 3976//3976 3977//3977
f 3903//3903 3977//3977 3904//3904
f 3904//3904 3977//3977 3978//3978
f 3904//3904 3978//3978 3905//3905
f 3905//3905 3978//3978 3979//3979
f 3905//3905 3979//3979 3906//3906
f 3906//3906 3979//3979 3980//3980
f 3906//3906 3980//3980 3907//3907
f 3907//3907 3980//3980 3981//3981
f 3907//3907 3981//3981 3908//3908
f 3908//3908 3981//3981 3982//3982
f 3908//3908 3982//3982 3909//3909
f 3909//3909 3982//3982 3983//3983
f 3909//3909 3983//3983 3910//3910
f 3910//3910 3983//3983 3984//3984
f 3910//3910 3984//3984 3911//3911
f 3911//3911 3984//3984 3985//3985
f 3911//3911 3985//3985 3912//3912
f 3912//3912 3985//3985 3986//3986
f 3912//3912 3986//3986 3913//3913
f 3913//3913 3986//3986 3987//3987
f 3913//3913 3987//3987 3914//3914
f 3914//3914 3987//3987 3988//3988
f 3914//3914 3988//3988 3915//3915
f 3915//3915 3988//3988 3989//3989
f 3915//3915 3989//3989 3916//3916
f 3916//3916 3989//3989 3990//3990
f 3916//3916 3990//3990 3917//3917
f 3917//3917 3990//3990 3991//3991
f 3917//3917 3991//3991 3918//3918
f 3918//3918 3991//3991 3992//3992
f 3918//3918 3992//3992 3919//3919
f 3919//3919 3992//3992 3993//3993
f 3919//3919 3993//3993 3920//3920
f 3920//3920 3993//3993 3994//3994
f 3920//3920 3994//3994 3921//3921
f 3921//3921 3994//3994 3995//3995
f 3921//3921 3995//3995 3922//3922
f 3922//3922 3995//3995 3996//3996
f 3922//3922 3996//3996 3923//3923
f 3923//3923 3996//3996 3997//3997
f 3923//3923 3997//3997 3924//3924
f 3924//3924 3997//3997 3998//3998
f 3924//3924 3998//3998 3925//3925
f 3925//3925 3998//3998 3999//3999
f 3925//3925 3999//3999 3926//3926
f 3926//3926 3999//3999 4000//4000
f 3926//3926 4000//4000 3927//3927
f 3927//3927 4000//4000 4001//4001
f 3927//3927 4001//4001 3928//3928
f 3928//3928 4001//4001 4002//4002
f 3928//3928 4002//4002 3929//3929
f 3929//3929 4002//4002 4003//4003
f 3929//3929 4003//4003 3930//3930
f 3930//3930 4003//4003 4004//4004
f 3930//3930 4004//4004 3931//3931
f 3931//3931 4004//4004 4005//4005
f 3931//3931 4005//4005 3932//3932
f 3932//3932 4005//4005 4006//4006
f 3932//3932 4006//4006 3933//3933
f 3933//3933 4006//4006 4007//4007
f 3933//3933 4007//4007 3934//3934
f 3934//3934 4007//4007 4008//4008
f 3934//3934 4008//4008 3935//3935
f 3935//3935 4008//4008 4009//4009
f 3935//3935 4009//4009 3936//3936
f 3936//3936 4009//4009 4010//4010
f 3936//3936 4010//4010 3937//3937
f 3937//3937 4010//4010 4011//4011
f 3937//3937 4011//4011 3938//3938
f 3938//3938 4011//4011 4012//4012
f 3938//3938 4012//4012 3939//3939
f 3939//3939 4012//4012 4013//4013
f 3939//3939 4013//4013 3940//3940
f 3940//3940 4013//4013 4014//4014
f 3940//3940 4014//4014 3941//3941
f 3941//3941 4014//4014 4015//4015
f 3941//3941 4015//4015 3942//3942
f 3943//3943 4016//4016 4017//4017
f 3943//3943 4017//4017 3944//3944
f 3944//3944 4017//4017 4018//4018
f 3944//3944 4018//4018 3945//3945
f 3945//3945 4018//4018 4019//4019
f 3945//3945 4019//4019 3946//3946
f 3946//3946 4019//4019 4020//4020
f 3946//3946 4020//4020 3947//3947
f 3947//3947 4020//4020 4021//4021
f 3947//3947 4021//4021 3948//3948
f 3948//3948 4021//4021 4022//4022
f 3948//3948 4022//4022 3949//3949
f 3949//3949 4022//4022 4023//4023
f 3949//3949 4023//4023 3950//3950
f 3950//3950 4023//4023 4024//4024
f 3950//3950 4024//4024 3951//3951
f 3951//3951 4024//4024 4025//4025
f 3951//3951 4025//4025 3952//3952
f 3952//3952 4025//4025 4026//4026
f 3952//3952 4026//4026 3953//3953
f 3953//3953 4026//4026 4027//4027
f 3953//3953 4027//4027 3954//3954
f 3954//3954 4027//4027 4028//4028
f 3954//3954 4028//4028 3955//3955
f 3955//3955 4028//4028 4029//4029
f 3955//3955 4029//4029 3956//3956
f 3956//3956 4029//4029 4030//4030
f 3956//3956 4030//4030 3957//3957
f 3957//3957 4030//4030 4031//4031
f 3957//3957 4031//4031 3958//3958
f 3958//3958 4031//4031 4032//4032
f 3958//3958 4032//4032 3959//3959
f 3959//3959 4032//4032 4033//4033
f 3959//3959 4033//4033 3960//3960
f 3960//3960 4033//4033 4034//4034
f 3960//3960 4034//4034 3961//3961
f 3961//3961 4034//4034 4035//4035
f 3961//3961 4035//4035 3962//3962
f 3962//3962 4035//4035 4036//4036
f 3962//3962 4036//4036 3963//3963
f 3963//3963 4036//4036 4037//4037
f 3963//3963 4037//4037 3964//3964
f 3964//3964 4037//4037 4038//4038
f 3964//3964 4038//4038 3965//3965
f 3965//3965 4038//4038 4039//4039
f 3965//3965 4039//4039 3966//3966
f 3966//3966 4039//4039 4040//4040
f 3966//3966 4040//4040 3967//3967
f 3967//3967 4040//4040 4041//4041
f 3967//3967 4041//4041 3968//3968
f 3968//3968 4041//4041 4042//4042
f 3968//3968 4042//4042 3969//3969
f 3969//3969 4042//4042 4043//4043
f 3969//3969 4043//4043 3970//3970
f 3970//3970 4043//4043 4044//4044
f 3970//3970 4044//4044 3971//3971
f 3971//3971 4044//4044 4045//4045
f 3971//3971 4045//4045 3972//3972
f 3972//3972 4045//4045 4046//4046
f 3972//3972 4046//4046 3973//3973
f 3973//3973 4046//4046 4047//4047
f 3973//3973 4047//4047 3974//3974
f 3974//3974 4047//4047 4048//4048
f 3974//3974 4048//4048 3975//3975
f 3975//3975 4048//4048 4049//4049
f 3975//3975 4049//4049 3976//3976
f 3976//3976 4049//4049 4050//4050
f 3976//3976 4050//4050 3977//3977
f 3977//3977 4050//4050 4051//4051
f 3977//3977 4051//4051 3978//3978
f 3978//3978 4051//4051 4052//4052
f 3978//3978 4052//4052 3979//3979
f 3979//3979 4052//4052 4053//4053
f 3979//3979 4053//4053 3980//3980
f 3980//3980 4053//4053 4054//4054
f 3980//3980 4054//4054 3981//3981
f 3981//3981 4054//4054 4055//4055
f 3981//3981 4055//4055 3982//3982
f 3982//3982 4055//4055 4056//4056
f 3982//3982 4056//4056 3983//3983
f 3983//3983 4056//4056 4057//4057
f 3983//3983 4057//4057 3984//3984
f 3984//3984 4057//4057 4058//4058
f 3984//3984 4058//4058 3985//3985
f 3985//3985 4058//4058 4059//4059
f 3985//3985 4059//4059 3986//3986
f 3986//3986 4059//4059 4060//4060
f 3986//3986 4060//4060 3987//3987
f 3987//3987 4060//4060 4061//4061
f 3987//3987 4061//4061 3988//3988
f 3988//3988 4061//4061 4062//4062
f 3988//3988 4062//4062 3989//3989
f 3989//3989 4062//4062 4063//4063
f 3989//3989 4063//4063 3990//3990
f 3990//3990 4063//4063 4064//4064
f 3990//3990 4064//4064 3991//3991
f 3991//3991 4064//4064 4065//4065
f 3991//3991 4065//4065 3992//3992
f 3992//3992 4065//4065 4066//4066
f 3992//3992 4066//4066 3993//3993
f 3993//3993 4066//4066 4067//4067
f 3993//3993 4067//4067 3994//3994
f 3994//3994 4067//4067 4068//4068
f 3994//3994 4068//4068 3995//3995
f 3995//3995 4068//4068 4069//4069
f 3995//3995 4069//4069 3996//3996
f 3996//3996 4069//4069 4070//4070
f 3996//3996 4070//4070 3997//3997
f 3997//3997 4070//4070 4071//4071
f 3997//3997 4071//4071 3998//3998
f 3998//3998 4071//4071 4072//4072
f 3998//3998 4072//4072 3999//3999
f 3999//3999 4072//4072 4073//4073
f 3999//3999 4073//4073 4000//4000
f 4000//4000 4073//4073 4074//4074
f 4000//4000 4074//4074 4001//4001
f 4001//4001 4074//4074 4075//4075
f 4001//4001 4075//4075 4002//4002
f 4002//4002 4075//4075 4076//4076
f 4002//4002 4076//4076 4003//4003
f 4003//4003 4076//4076 4077//4077
f 4003//4003 4077//4077 4004//4004
f 4004//4004 4077//4077 4078//4078
f 4004//4004 4078//4078 4005//4005
f 4005//4005 4078//4078 4079//4079
f 4005//4005 4079//4079 4006//4006
f 4006//4006 4079//4079 4080//4080
f 4006//4006 4080//4080 4007//4007
f 4007//4007 4080//4080 4081//4081
f 4007//4007 4081//4081 4008//4008
f 4008//4008 4081//4081 4082//4082
f 4008//4008 4082//4082 4009//4009
f 4009//4009 4082//4082 4083//4083
f 4009//4009 4083//4083 4010//4010
f 4010//4010 4083//4083 4084//4084
f 4010//4010 4084//4084 4011//4011
f 4011//4011 4084//4084 4085//4085
f 4011//4011 4085//4085 4012//4012
f 4012//4012 4085//4085 4086//4086
f 4012//4012 4086//4086 4013//4013
f 4013//4013 4086//4086 4087//4087
f 4013//4013 4087//4087 4014//4014
f 4014//4014 4087//4087 4088//4088
f 4014//4014 4088//4088 4015//4015
f 4016//4016 4089//4089 4090//4090
f 4016//4016 4090//4090 4017//4017
f 4017//4017 4090//4090 4091//4091
f 4017//4017 4091//4091 4018//4018
f 4018//4018 4091//4091 4092//4092
f 4018//4018 4092//4092 4019//4019
f 4019//4019 4092//4092 4093//4093
f 4019//4019 4093//4093 4020//4020
f 4020//4020 4093//4093 4094//4094
f 4020//4020 4094//4094 4021//4021
f 4021//4021 4094//4094 4095//4095
f 4021//4021 4095//4095 4022//4022
f 4022//4022 4095//4095 4096//4096
f 4022//4022 4096//4096 4023//4023
f 4023//4023 4096//4096 4097//4097
f 4023//4023 4097//4097 4024//4024
f 4024//4024 4097//4097 4098//4098
f 4024//4024 4098//4098 4025//4025
f 4025//4025 4098//4098 4099//4099
f 4025//4025 4099//4099 4026//4026
f 4026//4026 4099//4099 4100//4100
f 4026//4026 4100//4100 4027//4027
f 4027//4027 4100//4100 4101//4101
f 4027//4027 4101//4101 4028//4028
f 4028//4028 4101//4101 4102//4102
f 4028//4028 4102//4102 4029//4029
f 4029//4029 4102//4102 4103//4103
f 4029//4029 4103//4103 4030//4030
f 4030//4030 4103//4103 4104//4104
f 4030//4030 4104//4104 4031//4031
f 4031//4031 4104//4104 4105//4105
f 4031//4031 4105//4105 4032//4032
f 4032//4032 4105//4105 4106//4106
f 4032//4032 4106//4106 4033//4033
f 4033//4033 4106//4106 4107//4107
f 4033//4033 4107//4107 4034//4034
f 4034//4034 4107//4107 4108//4108
f 4034//4034 4108//4108 4035//4035
f 4035//4035 4108//4108 4109//4109
f 4035//4035 4109//4109 4036//4036
f 4036//4036 4109//4109 4110//4110
f 4036//4036 4110//4110 4037//4037
f 4037//4037 4110//4110 4111//4111
f 4037//4037 4111//4111 4038//4038
f 4038//4038 4111//4111 4112//4112
f 4038//4038 4112//4112 4039//4039
f 4039//4039 4112//4112 4113//4113
f 4039//4039 4113//4113 4040//4040
f 4040//4040 4113//4113 4114//4114
f 4040//4040 4114//4114 4041//4041
f 4041//4041 4114//4114 4115//4115
f 4041//4041 4115//4115 4042//4042
f 4042//4042 4115//4115 4116//4116
f 4042//4042 4116//4116 4043//4043
f 4043//4043 4116//4116 4117//4117
f 4043//4043 4117//4117 4044//4044
f 4044//4044 4117//4117 4118//4118
f 4044//4044 4118//4118 4045//4045
f 4045//4045 4118//4118 4119//4119
f 4045//4045 4119//4119 4046//4046
f 4046//4046 4119//4119 4120//4120
f 4046//4046 4120//4120 4047//4047
f 4047//4047 4120//4120 4121//4121
f 4047//4047 4121//4121 4048//4048
f 4048//4048 4121//4121 4122//4122
f 4048//4048 4122//4122 4049//4049
f 4049//4049 4122//4122 4123//4123
f 4049//4049 4123//4123 4050//4050
f 4050//4050 4123//4123 4124//4124
f 4050//4050 4124//4124 4051//4051
f 4051//4051 4124//4124 4125//4125
f 4051//4051 4125//4125 4052//4052
f 4052//4052 4125//4125 4126//4126
f 4052//4052 4126//4126 4053//4053
f 4053//4053 4126//4126 4127//4127
f 4053//4053 4127//4127 4054//4054
f 4054//4054 4127//4127 4128//4128
f 4054//4054 4128//4128 4055//4055
f 4055//4055 4128//4128 4129//4129
f 4055//4055 4129//4129 4056//4056
f 4056//4056 4129//4129 4130//4130
f 4056//4056 4130//4130 4057//4057
f 4057//4057 4130//4130 4131//4131
f 4057//4057 4131//4131 4058//4058
f 4058//4058 4131//4131 4132//4132
f 4058//4058 4132//4132 4059//4059
f 4059//4059 4132//4132 4133//4133
f 4059//4059 4133//4133 4060//4060
f 4060//4060 4133//4133 4134//4134
f 4060//4060 4134//4134 4061//4061
f 4061//4061 4134//4134 4135//4135
f 4061//4061 4135//4135 4062//4062
f 4062//4062 4135//4135 4136//4136
f 4062//4062 4136//4136 4063//4063
f 4063//4063 4136//4136 4137//4137
f 4063//4063 4137//4137 4064//4064
f 4064//4064 4137//4137 4138//4138
f 4064//4064 4138//4138 4065//4065
f 4065//4065 4138//4138 4139//4139
f 4065//4065 4139//4139 4066//4066
f 4066//4066 4139//4139 4140//4140
f 4066//4066 4140//4140 4067//4067
f 4067//4067 4140//4140 4141//4141
f 4067//4067 4141//4141 4068//4068
f 4068//4068 4141//4141 4142//4142
f 4068//4068 4142//4142 4069//4069
f 4069//4069 4142//4142 4143//4143
f 4069//4069 4143//4143 4070//4070
f 4070//4070 4143//4143 4144//4144
f 4070//4070 4144//4144 4071//4071
f 4071//4071 4144//4144 4145//4145
f 4071//4071 4145//4145 4072//4072
f 4072//4072 4145//4145 4146//4146
f 4072//4072 4146//4146 4073//4073
f 4073//4073 4146//4146 4147//4147
f 4073//4073 4147//4147 4074//4074
f 4074//4074 4147//4147 4148//4148
f 4074//4074 4148//4148 4075//4075
f 4075//4075 4148//4148 4149//4149
f 4075//4075 4149//4149 4076//4076
f 4076//4076 4149//4149 4150//4150
f 4076//4076 4150//4150 4077//4077
f 4077//4077 4150//4150 4151//4151
f 4077//4077 4151//4151 4078//4078
f 4078//4078 4151//4151 4152//4152
f 4078//4078 4152//4152 4079//4079
f 4079//4079 4152//4152 4153//4153
f 4079//4079 4153//4153 4080//4080
f 4080//4080 4153//4153 4154//4154
f 4080//4080 4154//4154 4081//4081
f 4081//4081 4154//4154 4155//4155
f 4081//4081 4155//4155 4082//4082
f 4082//4082 4155//4155 4156//4156
f 4082//4082 4156//4156 4083//4083
f 4083//4083 4156//4156 4157//4157
f 4083//4083 4157//4157 4084//4084
f 4084//4084 4157//4157 4158//4158
f 4084//4084 4158//4158 4085//4085
f 4085//4085 4158//4158 4159//4159
f 4085//4085 4159//4159 4086//4086
f 4086//4086 4159//4159 4160//4160
f 4086//4086 4160//4160 4087//4087
f 4087//4087 4160//4160 4161//4161
f 4087//4087 4161//4161 4088//4088
f 4089//4089 4162//4162 4163//4163
f 4089//4089 4163//4163 4090//4090
f 4090//4090 4163//4163 4164//4164
f 4090//4090 4164//4164 4091//4091
f 4091//4091 4164//4164 4165//4165
f 4091//4091 4165//4165 4092//4092
f 4092//4092 4165//4165 4166//4166
f 4092//4092 4166//4166 4093//4093
f 4093//4093 4166//4166 4167//4167
f 4093//4093 4167//4167 4094//4094
f 4094//4094 4167//4167 4168//4168
f 4094//4094 4168//4168 4095//4095
f 4095//4095 4168//4168 4169//4169
f 4095//4095 4169//4169 4096//4096
f 4096//4096 4169//4169 4170//4170
f 4096//4096 4170//4170 4097//4097
f 4097//4097 4170//4170 4171//4171
f 4097//4097 4171//4171 4098//4098
f 4098//4098 4171//4171 4172//4172
f 4098//4098 4172//4172 4099//4099
f 4099//4099 4172//4172 4173//4173
f 4099//4099 4173//4173 4100//4100
f 4100//4100 4173//4173 4174//4174
f 4100//4100 4174//4174 4101//4101
f 4101//4101 4174//4174 4175//4175
f 4101//4101 4175//4175 4102//4102
f 4102//4102 4175//4175 4176//4176
f 4102//4102 4176//4176 4103//4103
f 4103//4103 4176//4176 4177//4177
f 4103//4103 4177//4177 4104//4104
f 4104//4104 4177//4177 4178//4178
f 4104//4104 4178//4178 4105//4105
f 4105//4105 4178//4178 4179//4179
f 4105//4105 4179//4179 4106//4106
f 4106//4106 4179//4179 4180//4180
f 4106//4106 4180//4180 4107//4107
f 4107//4107 4180//4180 4181//4181
f 4107//4107 4181//4181 4108//4108
f 4108//4108 4181//4181 4182//4182
f 4108//4108 4182//4182 4109//4109
f 4109//4109 4182//4182 4183//4183
f 4109//4109 4183//4183 4110//4110
f 4110//4110 4183//4183 4184//4184
f 4110//4110 4184//4184 4111//4111
f 4111//4111 4184//4184 4185//4185
f 4111//4111 4185//4185 4112//4112
f 4112//4112 4185//4185 4186//4186
f 4112//4112 4186//4186 4113//4113
f 4113//4113 4186//4186 4187//4187
f 4113//4113 4187//4187 4114//4114
f 4114//4114 4187//4187 4188//4188
f 4114//4114 4188//4188 4115//4115
f 4115//4115 4188//4188 4189//4189
f 4115//4115 4189//4189 4116//4116
f 4116//4116 4189//4189 4190//4190
f 4116//4116 4190//4190 4117//4117
f 4117//4117 4190//4190 4191//4191
f 4117//4117 4191//4191 4118//4118
f 4118//4118 4191//4191 4192//4192
f 4118//4118 4192//4192 4119//4119
f 4119//4119 4192//4192 4193//4193
f 4119//4119 4193//4193 4120//4120
f 4120//4120 4193//4193 4194//4194
f 4120//4120 4194//4194 4121//4121
f 4121//4121 4194//4194 4195//4195
f 4121//4121 4195//4195 4122//4122
f 4122//4122 4195//4195 4196//4196
f 4122//4122 4196//4196 4123//4123
f 4123//4123 4196//4196 4197//4197
f 4123//4123 4197//4197 4124//4124
f 4124//4124 4197//4197 4198//4198
f 4124//4124 4198//4198 4125//4125
f 4125//4125 4198//4198 4199//4199
f 4125//4125 4199//4199 4126//4126
f 4126//4126 4199//4199 4200//4200
f 4126//4126 4200//4200 4127//4127
f 4127//4127 4200//4200 4201//4201
f 4127//4127 4201//4201 4128//4128
f 4128//4128 4201//4201 4202//4202
f 4128//4128 4202//4202 4129//4129
f 4129//4129 4202//4202 4203//4203
f 4129//4129 4203//4203 4130//4130
f 4130//4130 4203//4203 4204//4204
f 4130//4130 4204//4204 4131//4131
f 4131//4131 4204//4204 4205//4205
f 4131//4131 4205//4205 4132//4132
f 4132//4132 4205//4205 4206//4206
f 4132//4132 4206//4206 4133//4133
f 4133//4133 4206//4206 4207//4207
f 4133//4133 4207//4207 4134//4134
f 4134//4134 4207//4207 4208//4208
f 4134//4134 4208//4208 4135//4135
f 4135//4135 4208//4208 4209//4209
f 4135//4135 4209//4209 4136//4136
f 4136//4136 4209//4209 4210//4210
f 4136//4136 4210//4210 4137//4137
f 4137//4137 4210//4210 4211//4211
f 4137//4137 4211//4211 4138//4138
f 4138//4138 4211//4211 4212//4212
f 4138//4138 4212//4212 4139//4139
f 4139//4139 4212//4212 4213//4213
f 4139//4139 4213//4213 4140//4140
f 4140//4140 4213//4213 4214//4214
f 4140//4140 4214//4214 4141//4141
f 4141//4141 4214//4214 4215//4215
f 4141//4141 4215//4215 4142//4142
f 4142//4142 4215//4215 4216//4216
f 4142//4142 4216//4216 4143//4143
f 4143//4143 4216//4216 4217//4217
f 4143//4143 4217//4217 4144//4144
f 4144//4144 4217//4217 4218//4218
f 4144//4144 4218//4218 4145//4145
f 4145//4145 4218//4218 4219//4219
f 4145//4145 4219//4219 4146//4146
f 4146//4146 4219//4219 4220//4220
f 4146//4146 4220//4220 4147//4147
f 4147//4147 4220//4220 4221//4221
f 4147//4147 4221//4221 4148//4148
f 4148//4148 4221//4221 4222//4222
f 4148//4148 4222//4222 4149//4149
f 4149//4149 4222//4222 4223//4223
f 4149//4149 4223//4223 4150//4150
f 4150//4150 4223//4223 4224//4224
f 4150//4150 4224//4224 4151//4151
f 4151//4151 4224//4224 4225//4225
f 4151//4151 4225//4225 4152//4152
f 4152//4152 4225//4225 4226//4226
f 4152//4152 4226//4226 4153//4153
f 4153//4153 4226//4226 4227//4227
f 4153//4153 4227//4227 4154//4154
f 4154//4154 4227//4227 4228//4228
f 4154//4154 4228//4228 4155//4155
f 4155//4155 4228//4228 4229//4229
f 4155//4155 4229//4229 4156//4156
f 4156//4156 4229//4229 4230//4230
f 4156//4156 4230//4230 4157//4157
f 4157//4157 4230//4230 4231//4231
f 4157//4157 4231//4231 4158//4158
f 4158//4158 4231//4231 4232//4232
f 4158//4158 4232//4232 4159//4159
f 4159//4159 4232//4232 4233//4233
f 4159//4159 4233//4233 4160//4160
f 4160//4160 4233//4233 4234//4234
f 4160//4160 4234//4234 4161//4161
f 4162//4162 4235//4235 4236//4236
f 4162//4162 4236//4236 4163//4163
f 4163//4163 4236//4236 4237//4237
f 4163//4163 4237//4237 4164//4164
f 4164//4164 4237//4237 4238//4238
f 4164//4164 4238//4238 4165//4165
f 4165//4165 4238//4238 4239//4239
f 4165//4165 4239//4239 4166//4166
f 4166//4166 4239//4239 4240//4240
f 4166//4166 4240//4240 4167//4167
f 4167//4167 4240//4240 4241//4241
f 4167//4167 4241//4241 4168//4168
f 4168//4168 4241//4241 4242//4242
f 4168//4168 4242//4242 4169//4169
f 4169//4169 4242//4242 4243//4243
f 4169//4169 4243//4243 4170//4170
f 4170//4170 4243//4243 4244//4244
f 4170//4170 4244//4244 4171//4171
f 4171//4171 4244//4244 4245//4245
f 4171//4171 4245//4245 4172//4172
f 4172//4172 4245//4245 4246//4246
f 4172//4172 4246//4246 4173//4173
f 4173//4173 4246//4246 4247//4247
f 4173//4173 4247//4247 4174//4174
f 4174//4174 4247//4247 4248//4248
f 4174//4174 4248//4248 4175//4175
f 4175//4175 4248//4248 4249//4249
f 4175//4175 4249//4249 4176//4176
f 4176//4176 4249//4249 4250//4250
f 4176//4176 4250//4250 4177//4177
f 4177//4177 4250//4250 4251//4251
f 4177//4177 4251//4251 4178//4178
f 4178//4178 4251//4251 4252//4252
f 4178//4178 4252//4252 4179//4179
f 4179//4179 4252//4252 4253//4253
f 4179//4179 4253//4253 4180//4180
f 4180//4180 4253//4253 4254//4254
f 4180//4180 4254//4254 4181//4181
f 4181//4181 4254//4254 4255//4255
f 4181//4181 4255//4255 4182//4182
f 4182//4182 4255//4255 4256//4256
f 4182//4182 4256//4256 4183//4183
f 4183//4183 4256//4256 4257//4257
f 4183//4183 4257//4257 4184//4184
f 4184//4184 4257//4257 4258//4258
f 4184//4184 4258//4258 4185//4185
f 4185//4185 4258//4258 4259//4259
f 4185//4185 4259//4259 4186//4186
f 4186//4186 4259//4259 4260//4260
f 4186//4186 4260//4260 4187//4187
f 4187//4187 4260//4260 4261//4261
f 4187//4187 4261//4261 4188//4188
f 4188//4188 4261//4261 4262//4262
f 4188//4188 4262//4262 4189//4189
f 4189//4189 4262//4262 4263//4263
f 4189//4189 4263//4263 4190//4190
f 4190//4190 4263//4263 4264//4264
f 4190//4190 4264//4264 4191//4191
f 4191//4191 4264//4264 4265//4265
f 4191//4191 4265//4265 4192//4192
f 4192//4192 4265//4265 4266//4266
f 4192//4192 4266//4266 4193//4193
f 4193//4193 4266//4266 4267//4267
f 4193//4193 4267//4267 4194//4194
f 4194//4194 4267//4267 4268//4268
f 4194//4194 4268//4268 4195//4195
f 4195//4195 4268//4268 4269//4269
f 4195//4195 4269//4269 4196//4196
f 4196//4196 4269//4269 4270//4270
f 4196//4196 4270//4270 4197//4197
f 4197//4197 4270//4270 4271//4271
f 4197//4197 4271//4271 4198//4198
f 4198//4198 4271//4271 4272//4272
f 4198//4198 4272//4272 4199//4199
f 4199//4199 4272//4272 4273//4273
f 4199//4199 4273//4273 4200//4200
f 4200//4200 4273//4273 4274//4274
f 4200//4200 4274//4274 4201//4201
f 4201//4201 4274//4274 4275//4275
f 4201//4201 4275//4275 4202//4202
f 4202//4202 4275//4275 4276//4276
f 4202//4202 4276//4276 4203//4203
f 4203//4203 4276//4276 4277//4277
f 4203//4203 4277//4277 4204//4204
f 4204//4204 4277//4277 4278//4278
f 4204//4204 4278//4278 4205//4205
f 4205//4205 4278//4278 4279//4279
f 4205//4205 4279//4279 4206//4206
f 4206//4206 4279//4279 4280//4280
f 4206//4206 4280//4280 4207//4207
f 4207//4207 4280//4280 4281//4281
f 4207//4207 4281//4281 4208//4208
f 4208//4208 4281//4281 4282//4282
f 4208//4208 4282//4282 4209//4209
f 4209//4209 4282//4282 4283//4283
f 4209//4209 4283//4283 4210//4210
f 4210//4210 4283//4283 4284//4284
f 4210//4210 4284//4284 4211//4211
f 4211//4211 4284//4284 4285//4285
f 4211//4211 4285//4285 4212//4212
f 4212//4212 4285//4285 4286//4286
f 4212//4212 4286//4286 4213//4213
f 4213//4213 4286//4286 4287//4287
f 4213//4213 4287//4287 4214//4214
f 4214//4214 4287//4287 4288//4288
f 4214//4214 4288//4288 4215//4215
f 4215//4215 4288//4288 4289//4289
f 4215//4215 4289//4289 4216//4216
f 4216//4216 4289//4289 4290//4290
f 4216//4216 4290//4290 4217//4217
f 4217//4217 4290//4290 4291//4291
f 4217//4217 4291//4291 4218//4218
f 4218//4218 4291//4291 4292//4292
f 4218//4218 4292//4292 4219//4219
f 4219//4219 4292//4292 4293//4293
f 4219//4219 4293//4293 4220//4220
f 4220//4220 4293//4293 4294//4294
f 4220//4220 4294//4294 4221//4221
f 4221//4221 4294//4294 4295//4295
f 4221//4221 4295//4295 4222//4222
f 4222//4222 4295//4295 4296//4296
f 4222//4222 4296//4296 4223//4223
f 4223//4223 4296//4296 4297//4297
f 4223//4223 4297//4297 4224//4224
f 4224//4224 4297//4297 4298//4298
f 4224//4224 4298//4298 4225//4225
f 4225//4225 4298//4298 4299//4299
f 4225//4225 4299//4299 4226//4226
f 4226//4226 4299//4299 4300//4300
f 4226//4226 4300//4300 4227//4227
f 4227//4227 4300//4300 4301//4301
f 4227//4227 4301//4301 4228//4228
f 4228//4228 4301//4301 4302//4302
f 4228//4228 4302//4302 4229//4229
f 4229//4229 4302//4302 4303//4303
f 4229//4229 4303//4303 4230//4230
f 4230//4230 4303//4303 4304//4304
f 4230//4230 4304//4304 4231//4231
f 4231//4231 4304//4304 4305//4305
f 4231//4231 4305//4305 4232//4232
f 4232//4232 4305//4305 4306//4306
f 4232//4232 4306//4306 4233//4233
f 4233//4233 4306//4306 4307//4307
f 4233//4233 4307//4307 4234//4234
f 4235//4235 4308//4308 4309//4309
f 4235//4235 4309//4309 4236//4236
f 4236//4236 4309//4309 4310//4310
f 4236//4236 4310//4310 4237//4237
f 4237//4237 4310//4310 4311//4311
f 4237//4237 4311//4311 4238//4238
f 4238//4238 4311//4311 4312//4312
f 4238//4238 4312//4312 4239//4239
f 4239//4239 4312//4312 4313//4313
f 4239//4239 4313//4313 4240//4240
f 4240//4240 4313//4313 4314//4314
f 4240//4240 4314//4314 4241//4241
f 4241//4241 4314//4314 4315//4315
f 4241//4241 4315//4315 4242//4242
f 4242//4242 4315//4315 4316//4316
f 4242//4242 4316//4316 4243//4243
f 4243//4243 4316//4316 4317//4317
f 4243//4243 4317//4317 4244//4244
f 4244//4244 4317//4317 4318//4318
f 4244//4244 4318//4318 4245//4245
f 4245//4245 4318//4318 4319//4319
f 4245//4245 4319//4319 4246//4246
f 4246//4246 4319//4319 4320//4320
f 4246//4246 4320//4320 4247//4247
f 4247//4247 4320//4320 4321//4321
f 4247//4247 4321//4321 4248//4248
f 4248//4248 4321//4321 4322//4322
f 4248//4248 4322//4322 4249//4249
f 4249//4249 4322//4322 4323//4323
f 4249//4249 4323//4323 4250//4250
f 4250//4250 4323//4323 4324//4324
f 4250//4250 4324//4324 4251//4251
f 4251//4251 4324//4324 4325//4325
f 4251//4251 4325//4325 4252//4252
f 4252//4252 4325//4325 4326//4326
f 4252//4252 4326//4326 4253//4253
f 4253//4253 4326//4326 4327//4327
f 4253//4253 4327//4327 4254//4254
f 4254//4254 4327//4327 4328//4328
f 4254//4254 4328//4328 4255//4255
f 4255//4255 4328//4328 4329//4329
f 4255//4255 4329//4329 4256//4256
f 4256//4256 4329//4329 4330//4330
f 4256//4256 4330//4330 4257//4257
f 4257//4257 4330//4330 4331//4331
f 4257//4257 4331//4331 4258//4258
f 4258//4258 4331//4331 4332//4332
f 4258//4258 4332//4332 4259//4259
f 4259//4259 4332//4332 4333//4333
f 4259//4259 4333//4333 4260//4260
f 4260//4260 4333//4333 4334//4334
f 4260//4260 4334//4334 4261//4261
f 4261//4261 4334//4334 4335//4335
f 4261//4261 4335//4335 4262//4262
f 4262//4262 4335//4335 4336//4336
f 4262//4262 4336//4336 4263//4263
f 4263//4263 4336//4336 4337//4337
f 4263//4263 4337//4337 4264//4264
f 4264//4264 4337//4337 4338//4338
f 4264//4264 4338//4338 4265//4265
f 4265//4265 4338//4338 4339//4339
f 4265//4265 4339//4339 4266//4266
f 4266//4266 4339//4339 4340//4340
f 4266//4266 4340//4340 4267//4267
f 4267//4267 4340//4340 4341//4341
f 4267//4267 4341//4341 4268//4268
f 4268//4268 4341//4341 4342//4342
f 4268//4268 4342//4342 4269//4269
f 4269//4269 4342//4342 4343//4343
f 4269//4269 4343//4343 4270//4270
f 4270//4270 4343//4343 4344//4344
f 4270//4270 4344//4344 4271//4271
f 4271//4271 4344//4344 4345//4345
f 4271//4271 4345//4345 4272//4272
f 4272//4272 4345//4345 4346//4346
f 4272//4272 4346//4346 4273//4273
f 4273//4273 4346//4346 4347//4347
f 4273//4273 4347//4347 4274//4274
f 4274//4274 4347//4347 4348//4348
f 4274//4274 4348//4348 4275//4275
f 4275//4275 4348//4348 4349//4349
f 4275//4275 4349//4349 4276//4276
f 4276//4276 4349//4349 4350//4350
f 4276//4276 4350//4350 4277//4277
f 4277//4277 4350//4350 4351//4351
f 4277//4277 4351//4351 4278//4278
f 4278//4278 4351//4351 4352//4352
f 4278//4278 4352//4352 4279//4279
f 4279//4279 4352//4352 4353//4353
f 4279//4279 4353//4353 4280//4280
f 4280//4280 4353//4353 4354//4354
f 4280//4280 4354//4354 4281//4281
f 4281//4281 4354//4354 4355//4355
f 4281//4281 4355//4355 4282//4282
f 4282//4282 4355//4355 4356//4356
f 4282//4282 4356//4356 4283//4283
f 4283//4283 4356//4356 4357//4357
f 4283//4283 4357//4357 4284//4284
f 4284//4284 4357//4357 4358//4358
f 4284//4284 4358//4358 4285//4285
f 4285//4285 4358//4358 4359//4359
f 4285//4285 4359//4359 4286//4286
f 4286//4286 4359//4359 4360//4360
f 4286//4286 4360//4360 4287//4287
f 4287//4287 4360//4360 4361//4361
f 4287//4287 4361//4361 4288//4288
f 4288//4288 4361//4361 4362//4362
f 4288//4288 4362//4362 4289//4289
f 4289//4289 4362//4362 4363//4363
f 4289//4289 4363//4363 4290//4290
f 4290//4290 4363//4363 4364//4364
f 4290//4290 4364//4364 4291//4291
f 4291//4291 4364//4364 4365//4365
f 4291//4291 4365//4365 4292//4292
f 4292//4292 4365//4365 4366//4366
f 4292//4292 4366//4366 4293//4293
f 4293//4293 4366//4366 4367//4367
f 4293//4293 4367//4367 4294//4294
f 4294//4294 4367//4367 4368//4368
f 4294//4294 4368//4368 4295//4295
f 4295//4295 4368//4368 4369//4369
f 4295//4295 4369//4369 4296//4296
f 4296//4296 4369//4369 4370//4370
f 4296//4296 4370//4370 4297//4297
f 4297//4297 4370//4370 4371//4371
f 4297//4297 4371//4371 4298//4298
f 4298//4298 4371//4371 4372//4372
f 4298//4298 4372//4372 4299//4299
f 4299//4299 4372//4372 4373//4373
f 4299//4299 4373//4373 4300//4300
f 4300//4300 4373//4373 4374//4374
f 4300//4300 4374//4374 4301//4301
f 4301//4301 4374//4374 4375//4375
f 4301//4301 4375//4375 4302//4302
f 4302//4302 4375//4375 4376//4376
f 4302//4302 4376//4376 4303//4303
f 4303//4303 4376//4376 4377//4377
f 4303//4303 4377//4377 4304//4304
f 4304//4304 4377//4377 4378//4378
f 4304//4304 4378//4378 4305//4305
f 4305//4305 4378//4378 4379//4379
f 4305//4305 4379//4379 4306//4306
f 4306//4306 4379//4379 4380//4380
f 4306//4306 4380//4380 4307//4307
f 4308//4308 4381//4381 4382//4382
f 4308//4308 4382//4382 4309//4309
f 4309//4309 4382//4382 4383//4383
f 4309//4309 4383//4383 4310//4310
f 4310//4310 4383//4383 4384//4384
f 4310//4310 4384//4384 4311//4311
f 4311//4311 4384//4384 4385//4385
f 4311//4311 4385//4385 4312//4312
f 4312//4312 4385//4385 4386//4386
f 4312//4312 4386//4386 4313//4313
f 4313//4313 4386//4386 4387//4387
f 4313//4313 4387//4387 4314//4314
f 4314//4314 4387//4387 4388//4388
f 4314//4314 4388//4388 4315//4315
f 4315//4315 4388//4388 4389//4389
f 4315//4315 4389//4389 4316//4316
f 4316//4316 4389//4389 4390//4390
f 4316//4316 4390//4390 4317//4317
f 4317//4317 4390//4390 4391//4391
f 4317//4317 4391//4391 4318//4318
f 4318//4318 4391//4391 4392//4392
f 4318//4318 4392//4392 4319//4319
f 4319//4319 4392//4392 4393//4393
f 4319//4319 4393//4393 4320//4320
f 4320//4320 4393//4393 4394//4394
f 4320//4320 4394//4394 4321//4321
f 4321//4321 4394//4394 4395//4395
f 4321//4321 4395//4395 4322//4322
f 4322//4322 4395//4395 4396//4396
f 4322//4322 4396//4396 4323//4323
f 4323//4323 4396//4396 4397//4397
f 4323//4323 4397//4397 4324//4324
f 4324//4324 4397//4397 4398//4398
f 4324//4324 4398//4398 4325//4325
f 4325//4325 4398//4398 4399//4399
f 4325//4325 4399//4399 4326//4326
f 4326//4326 4399//4399 4400//4400
f 4326//4326 4400//4400 4327//4327
f 4327//4327 4400//4400 4401//4401
f 4327//4327 4401//4401 4328//4328
f 4328//4328 4401//4401 4402//4402
f 4328//4328 4402//4402 4329//4329
f 4329//4329 4402//4402 4403//4403
f 4329//4329 4403//4403 4330//4330
f 4330//4330 4403//4403 4404//4404
f 4330//4330 4404//4404 4331//4331
f 4331//4331 4404//4404 4405//4405
f 4331//4331 4405//4405 4332//4332
f 4332//4332 4405//4405 4406//4406
f 4332//4332 4406//4406 4333//4333
f 4333//4333 4406//4406 4407//4407
f 4333//4333 4407//4407 4334//4334
f 4334//4334 4407//4407 4408//4408
f 4334//4334 4408//4408 4335//4335
f 4335//4335 4408//4408 4409//4409
f 4335//4335 4409//4409 4336//4336
f 4336//4336 4409//4409 4410//4410
f 4336//4336 4410//4410 4337//4337
f 4337//4337 4410//4410 4411//4411
f 4337//4337 4411//4411 4338//4338
f 4338//4338 4411//4411 4412//4412
f 4338//4338 4412//4412 4339//4339
f 4339//4339 4412//4412 4413//4413
f 4339//4339 4413//4413 4340//4340
f 4340//4340 4413//4413 4414//4414
f 4340//4340 4414//4414 4341//4341
f 4341//4341 4414//4414 4415//4415
f 4341//4341 4415//4415 4342//4342
f 4342//4342 4415//4415 4416//4416
f 4342//4342 4416//4416 4343//4343
f 4343//4343 4416//4416 4417//4417
f 4343//4343 4417//4417 4344//4344
f 4344//4344 4417//4417 4418//4418
f 4344//4344 4418//4418 4345//4345
f 4345//4345 4418//4418 4419//4419
f 4345//4345 4419//4419 4346//4346
f 4346//4346 4419//4419 4420//4420
f 4346//4346 4420//4420 4347//4347
f 4347//4347 4420//4420 4421//4421
f 4347//4347 4421//4421 4348//4348
f 4348//4348 4421//4421 4422//4422
f 4348//4348 4422//4422 4349//4349
f 4349//4349 4422//4422 4423//4423
f 4349//4349 4423//4423 4350//4350
f 4350//4350 4423//4423 4424//4424
f 4350//4350 4424//4424 4351//4351
f 4351//4351 4424//4424 4425//4425
f 4351//4351 4425//4425 4352//4352
f 4352//4352 4425//4425 4426//4426
f 4352//4352 4426//4426 4353//4353
f 4353//4353 4426//4426 4427//4427
f 4353//4353 4427//4427 4354//4354
f 4354//4354 4427//4427 4428//4428
f 4354//4354 4428//4428 4355//4355
f 4355//4355 4428//4428 4429//4429
f 4355//4355 4429//4429 4356//4356
f 4356//4356 4429//4429 4430//4430
f 4356//4356 4430//4430 4357//4357
f 4357//4357 4430//4430 4431//4431
f 4357//4357 4431//4431 4358//4358
f 4358//4358 4431//4431 4432//4432
f 4358//4358 4432//4432 4359//4359
f 4359//4359 4432//4432 4433//4433
f 4359//4359 4433//4433 4360//4360
f 4360//4360 4433//4433 4434//4434
f 4360//4360 4434//4434 4361//4361
f 4361//4361 4434//4434 4435//4435
f 4361//4361 4435//4435 4362//4362
f 4362//4362 4435//4435 4436//4436
f 4362//4362 4436//4436 4363//4363
f 4363//4363 4436//4436 4437//4437
f 4363//4363 4437//4437 4364//4364
f 4364//4364 4437//4437 4438//4438
f 4364//4364 4438//4438 4365//4365
f 4365//4365 4438//4438 4439//4439
f 4365//4365 4439//4439 4366//4366
f 4366//4366 4439//4439 4440//4440
f 4366//4366 4440//4440 4367//4367
f 4367//4367 4440//4440 4441//4441
f 4367//4367 4441//4441 4368//4368
f 4368//4368 4441//4441 4442//4442
f 4368//4368 4442//4442 4369//4369
f 4369//4369 4442//4442 4443//4443
f 4369//4369 4443//4443 4370//4370
f 4370//4370 4443//4443 4444//4444
f 4370//4370 4444//4444 4371//4371
f 4371//4371 4444//4444 4445//4445
f 4371//4371 4445//4445 4372//4372
f 4372//4372 4445//4445 4446//4446
f 4372//4372 4446//4446 4373//4373
f 4373//4373 4446//4446 4447//4447
f 4373//4373 4447//4447 4374//4374
f 4374//4374 4447//4447 4448//4448
f 4374//4374 4448//4448 4375//4375
f 4375//4375 4448//4448 4449//4449
f 4375//4375 4449//4449 4376//4376
f 4376//4376 4449//4449 4450//4450
f 4376//4376 4450//4450 4377//4377
f 4377//4377 4450//4450 4451//4451
f 4377//4377 4451//4451 4378//4378
f 4378//4378 4451//4451 4452//4452
f 4378//4378 4452//4452 4379//4379
f 4379//4379 4452//4452 4453//4453
f 4379//4379 4453//4453 4380//4380
g FarmUnderside
f 4454//4454 4528//4454 4527//4454
f 4454//4454 4455//4454 4528//4454
f 4455//4454 4529//4454 4528//4454
f 4455//4454 4456//4454 4529//4454
f 4456//4454 4530//4454 4529//4454
f 4456//4454 4457//4454 4530//4454
f 4457//4454 4531//4454 4530//4454
f 4457//4454 4458//4454 4531//4454
f 4458//4454 4532//4454 4531//4454
f 4458//4454 4459//4454 4532//4454
f 4459//4454 4533//4454 4532//4454
f 4459//4454 4460//4454 4533//4454
f 4460//4454 4534//4454 4533//4454
f 4460//4454 4461//4454 4534//4454
f 4461//4454 4535//4454 4534//4454
f 4461//4454 4462//4454 4535//4454
f 4462//4454 4536//4454 4535//4454
f 4462//4454 4463//4454 4536//4454
f 4463//4454 4537//4454 4536//4454
f 4463//4454 4464//4454 4537//4454
f 4464//4454 4538//4454 4537//4454
f 4464//4454 4465//4454 4538//4454
f 4465//4454 4539//4454 4538//4454
f 4465//4454 4466//4454 4539//4454
f 4466//4454 4540//4454 4539//4454
f 4466//4454 4467//4454 4540//4454
f 4467//4454 4541//4454 4540//4454
f 4467//4454 4468//4454 4541//4454
f 4468//4454 4542//4454 4541//4454
f 4468//4454 4469//4454 4542//4454
f 4469//4454 4543//4454 4542//4454
f 4469//4454 4470//4454 4543//4454
f 4470//4454 4544//4454 4543//4454
f 4470//4454 4471//4454 4544//4454
f 4471//4454 4545//4454 4544//4454
f 4471//4454 4472//4454 4545//4454
f 4472//4454 4546//4454 4545//4454
f 4472//4454 4473//4454 4546//4454
f 4473//4454 4547//4454 4546//4454
f 4473//4454 4474//4454 4547//4454
f 4474//4454 4548//4454 4547//4454
f 4474//4454 4475//4454 4548//4454
f 4475//4454 4549//4454 4548//4454
f 4475//4454 4476//4454 4549//4454
f 4476//4454 4550//4454 4549//4454
f 4476//4454 4477//4454 4550//4454
f 4477//4454 4551//4454 4550//4454
f 4477//4454 4478//4454 4551//4454
f 4478//4454 4552//4454 4551//4454
f 4478//4454 4479//4454 4552//4454
f 4479//4454 4553//4454 4552//4454
f 4479//4454 4480//4454 4553//4454
f 4480//4454 4554//4454 4553//4454
f 4480//4454 4481//4454 4554//4454
f 4481//4454 4555//4454 4554//4454
f 4481//4454 4482//4454 4555//4454
f 4482//4454 4556//4454 4555//4454
f 4482//4454 4483//4454 4556//4454
f 4483//4454 4557//4454 4556//4454
f 4483//4454 4484//4454 4557//4454
f 4484//4454 4558//4454 4557//4454
f 4484//4454 4485//4454 4558//4454
f 4485//4454 4559//4454 4558//4454
f 4485//4454 4486//4454 4559//4454
f 4486//4454 4560//4454 4559//4454
f 4486//4454 4487//4454 4560//4454
f 4487//4454 4561//4454 4560//4454
f 4487//4454 4488//4454 4561//4454
f 4488//4454 4562//4454 4561//4454
f 4488//4454 4489//4454 4562//4454
f 4489//4454 4563//4454 4562//4454
f 4489//4454 4490//4454 4563//4454
f 4490//4454 4564//4454 4563//4454
f 4490//4454 4491//4454 4564//4454
f 4491//4454 4565//4454 4564//4454
f 4491//4454 4492//4454 4565//4454
f 4492//4454 4566//4454 4565//4454
f 4492//4454 4493//4454 4566//4454
f 4493//4454 4567//4454 4566//4454
f 4493//4454 4494//4454 4567//4454
f 4494//4454 4568//4454 4567//4454
f 4494//4454 4495//4454 4568//4454
f 4495//4454 4569//4454 4568//4454
f 4495//4454 4496//4454 4569//4454
f 4496//4454 4570//4454 4569//4454
f 4496//4454 4497//4454 4570//4454
f 4497//4454 4571//4454 4570//4454
f 4497//4454 4498//4454 4571//4454
f 4498//4454 4572//4454 4571//4454
f 4498//4454 4499//4454 4572//4454
f 4499//4454 4573//4454 4572//4454
f 4499//4454 4500//4454 4573//4454
f 4500//4454 4574//4454 4573//4454
f 4500//4454 4501//4454 4574//4454
f 4501//4454 4575//4454 4574//4454
f 4501//4454 4502//4454 4575//4454
f 4502//4454 4576//4454 4575//4454
f 4502//4454 4503//4454 4576//4454
f 4503//4454 4577//4454 4576//4454
f 4503//4454 4504//4454 4577//4454
f 4504//4454 4578//4454 4577//4454
f 4504//4454 4505//4454 4578//4454
f 4505//4454 4579//4454 4578//4454
f 4505//4454 4506//4454 4579//4454
f 4506//4454 4580//4454 4579//4454
f 4506//4454 4507//4454 4580//4454
f 4507//4454 4581//4454 4580//4454
f 4507//4454 4508//4454 4581//4454
f 4508//4454 4582//4454 4581//4454
f 4508//4454 4509//4454 4582//4454
f 4509//4454 4583//4454 4582//4454
f 4509//4454 4510//4454 4583//4454
f 4510//4454 4584//4454 4583//4454
f 4510//4454 4511//4454 4584//4454
f 4511//4454 4585//4454 4584//4454
f 4511//4454 4512//4454 4585//4454
f 4512//4454 4586//4454 4585//4454
f 4512//4454 4513//4454 4586//4454
f 4513//4454 4587//4454 4586//4454
f 4513//4454 4514//4454 4587//4454
f 4514//4454 4588//4454 4587//4454
f 4514//4454 4515//4454 4588//4454
f 4515//4454 4589//4454 4588//4454
f 4515//4454 4516//4454 4589//4454
f 4516//4454 4590//4454 4589//4454
f 4516//4454 4517//4454 4590//4454
f 4517//4454 4591//4454 4590//4454
f 4517//4454 4518//4454 4591//4454
f 4518//4454 4592//4454 4591//4454
f 4518//4454 4519//4454 4592//4454
f 4519//4454 4593//4454 4592//4454
f 4519//4454 4520//4454 4593//4454
f 4520//4454 4594//4454 4593//4454
f 4520//4454 4521//4454 4594//4454
f 4521//4454 4595//4454 4594//4454
f 4521//4454 4522//4454 4595//4454
f 4522//4454 4596//4454 4595//4454
f 4522//4454 4523//4454 4596//4454
f 4523//4454 4597//4454 4596//4454
f 4523//4454 4524//4454 4597//4454
f 4524//4454 4598//4454 4597//4454
f 4524//4454 4525//4454 4598//4454
f 4525//4454 4599//4454 4598//4454
f 4525//4454 4526//4454 4599//4454
f 4527//4454 4601//4454 4600//4454
f 4527//4454 4528//4454 4601//4454
f 4528//4454 4602//4454 4601//4454
f 4528//4454 4529//4454 4602//4454
f 4529//4454 4603//4454 4602//4454
f 4529//4454 4530//4454 4603//4454
f 4530//4454 4604//4454 4603//4454
f 4530//4454 4531//4454 4604//4454
f 4531//4454 4605//4454 4604//4454
f 4531//4454 4532//4454 4605//4454
f 4532//4454 4606//4454 4605//4454
f 4532//4454 4533//4454 4606//4454
f 4533//4454 4607//4454 4606//4454
f 4533//4454 4534//4454 4607//4454
f 4534//4454 4608//4454 4607//4454
f 4534//4454 4535//4454 4608//4454
f 4535//4454 4609//4454 4608//4454
f 4535//4454 4536//4454 4609//4454
f 4536//4454 4610//4454 4609//4454
f 4536//4454 4537//4454 4610//4454
f 4537//4454 4611//4454 4610//4454
f 4537//4454 4538//4454 4611//4454
f 4538//4454 4612//4454 4611//4454
f 4538//4454 4539//4454 4612//4454
f 4539//4454 4613//4454 4612//4454
f 4539//4454 4540//4454 4613//4454
f 4540//4454 4614//4454 4613//4454
f 4540//4454 4541//4454 4614//4454
f 4541//4454 4615//4454 4614//4454
f 4541//4454 4542//4454 4615//4454
f 4542//4454 4616//4454 4615//4454
f 4542//4454 4543//4454 4616//4454
f 4543//4454 4617//4454 4616//4454
f 4543//4454 4544//4454 4617//4454
f 4544//4454 4618//4454 4617//4454
f 4544//4454 4545//4454 4618//4454
f 4545//4454 4619//4454 4618//4454
f 4545//4454 4546//4454 4619//4454
f 4546//4454 4620//4454 4619//4454
f 4546//4454 4547//4454 4620//4454
f 4547//4454 4621//4454 4620//4454
f 4547//4454 4548//4454 4621//4454
f 4548//4454 4622//4454 4621//4454
f 4548//4454 4549//4454 4622//4454
f 4549//4454 4623//4454 4622//4454
f 4549//4454 4550//4454 4623//4454
f 4550//4454 4624//4454 4623//4454
f 4550//4454 4551//4454 4624//4454
f 4551//4454 4625//4454 4624//4454
f 4551//4454 4552//4454 4625//4454
f 4552//4454 4626//4454 4625//4454
f 4552//4454 4553//4454 4626//4454
f 4553//4454 4627//4454 4626//4454
f 4553//4454 4554//4454 4627//4454
f 4554//4454 4628//4454 4627//4454
f 4554//4454 4555//4454 4628//4454
f 4555//4454 4629//4454 4628//4454
f 4555//4454 4556//4454 4629//4454
f 4556//4454 4630//4454 4629//4454
f 4556//4454 4557//4454 4630//4454
f 4557//4454 4631//4454 4630//4454
f 4557//4454 4558//4454 4631//4454
f 4558//4454 4632//4454 4631//4454
f 4558//4454 4559//4454 4632//4454
f 4559//4454 4633//4454 4632//4454
f 4559//4454 4560//4454 4633//4454
f 4560//4454 4634//4454 4633//4454
f 4560//4454 4561//4454 4634//4454
f 4561//4454 4635//4454 4634//4454
f 4561//4454 4562//4454 4635//4454
f 4562//4454 4636//4454 4635//4454
f 4562//4454 4563//4454 4636//4454
f 4563//4454 4637//4454 4636//4454
f 4563//4454 4564//4454 4637//4454
f 4564//4454 4638//4454 4637//4454
f 4564//4454 4565//4454 4638//4454
f 4565//4454 4639//4454 4638//4454
f 4565//4454 4566//4454 4639//4454
f 4566//4454 4640//4454 4639//4454
f 4566//4454 4567//4454 4640//4454
f 4567//4454 4641//4454 4640//4454
f 4567//4454 4568//4454 4641//4454
f 4568//4454 4642//4454 4641//4454
f 4568//4454 4569//4454 4642//4454
f 4569//4454 4643//4454 4642//4454
f 4569//4454 4570//4454 4643//4454
f 4570//4454 4644//4454 4643//4454
f 4570//4454 4571//4454 4644//4454
f 4571//4454 4645//4454 4644//4454
f 4571//4454 4572//4454 4645//4454
f 4572//4454 4646//4454 4645//4454
f 4572//4454 4573//4454 4646//4454
f 4573//4454 4647//4454 4646//4454
f 4573//4454 4574//4454 4647//4454
f 4574//4454 4648//4454 4647//4454
f 4574//4454 4575//4454 4648//4454
f 4575//4454 4649//4454 4648//4454
f 4575//4454 4576//4454 4649//4454
f 4576//4454 4650//4454 4649//4454
f 4576//4454 4577//4454 4650//4454
f 4577//4454 4651//4454 4650//4454
f 4577//4454 4578//4454 4651//4454
f 4578//4454 4652//4454 4651//4454
f 4578//4454 4579//4454 4652//4454
f 4579//4454 4653//4454 4652//4454
f 4579//4454 4580//4454 4653//4454
f 4580//4454 4654//4454 4653//4454
f 4580//4454 4581//4454 4654//4454
f 4581//4454 4655//4454 4654//4454
f 4581//4454 4582//4454 4655//4454
f 4582//4454 4656//4454 4655//4454
f 4582//4454 4583//4454 4656//4454
f 4583//4454 4657//4454 4656//4454
f 4583//4454 4584//4454 4657//4454
f 4584//4454 4658//4454 4657//4454
f 4584//4454 4585//4454 4658//4454
f 4585//4454 4659//4454 4658//4454
f 4585//4454 4586//4454 4659//4454
f 4586//4454 4660//4454 4659//4454
f 4586//4454 4587//4454 4660//4454
f 4587//4454 4661//4454 4660//4454
f 4587//4454 4588//4454 4661//4454
f 4588//4454 4662//4454 4661//4454
f 4588//4454 4589//4454 4662//4454
f 4589//4454 4663//4454 4662//4454
f 4589//4454 4590//4454 4663//4454
f 4590//4454 4664//4454 4663//4454
f 4590//4454 4591//4454 4664//4454
f 4591//4454 4665//4454 4664//4454
f 4591//4454 4592//4454 4665//4454
f 4592//4454 4666//4454 4665//4454
f 4592//4454 4593//4454 4666//4454
f 4593//4454 4667//4454 4666//4454
f 4593//4454 4594//4454 4667//4454
f 4594//4454 4668//4454 4667//4454
f 4594//4454 4595//4454 4668//4454
f 4595//4454 4669//4454 4668//4454
f 4595//4454 4596//4454 4669//4454
f 4596//4454 4670//4454 4669//4454
f 4596//4454 4597//4454 4670//4454
f 4597//4454 4671//4454 4670//4454
f 4597//4454 4598//4454 4671//4454
f 4598//4454 4672//4454 4671//4454
f 4598//4454 4599//4454 4672//4454
f 4600//4454 4674//4454 4673//4454
f 4600//4454 4601//4454 4674//4454
f 4601//4454 4675//4454 4674//4454
f 4601//4454 4602//4454 4675//4454
f 4602//4454 4676//4454 4675//4454
f 4602//4454 4603//4454 4676//4454
f 4603//4454 4677//4454 4676//4454
f 4603//4454 4604//4454 4677//4454
f 4604//4454 4678//4454 4677//4454
f 4604//4454 4605//4454 4678//4454
f 4605//4454 4679//4454 4678//4454
f 4605//4454 4606//4454 4679//4454
f 4606//4454 4680//4454 4679//4454
f 4606//4454 4607//4454 4680//4454
f 4607//4454 4681//4454 4680//4454
f 4607//4454 4608//4454 4681//4454
f 4608//4454 4682//4454 4681//4454
f 4608//4454 4609//4454 4682//4454
f 4609//4454 4683//4454 4682//4454
f 4609//4454 4610//4454 4683//4454
f 4610//4454 4684//4454 4683//4454
f 4610//4454 4611//4454 4684//4454
f 4611//4454 4685//4454 4684//4454
f 4611//4454 4612//4454 4685//4454
f 4612//4454 4686//4454 4685//4454
f 4612//4454 4613//4454 4686//4454
f 4613//4454 4687//4454 4686//4454
f 4613//4454 4614//4454 4687//4454
f 4614//4454 4688//4454 4687//4454
f 4614//4454 4615//4454 4688//4454
f 4615//4454 4689//4454 4688//4454
f 4615//4454 4616//4454 4689//4454
f 4616//4454 4690//4454 4689//4454
f 4616//4454 4617//4454 4690//4454
f 4617//4454 4691//4454 4690//4454
f 4617//4454 4618//4454 4691//4454
f 4618//4454 4692//4454 4691//4454
f 4618//4454 4619//4454 4692//4454
f 4619//4454 4693//4454 4692//4454
f 4619//4454 4620//4454 4693//4454
f 4620//4454 4694//4454 4693//4454
f 4620//4454 4621//4454 4694//4454
f 4621//4454 4695//4454 4694//4454
f 4621//4454 4622//4454 4695//4454
f 4622//4454 4696//4454 4695//4454
f 4622//4454 4623//4454 4696//4454
f 4623//4454 4697//4454 4696//4454
f 4623//4454 4624//4454 4697//4454
f 4624//4454 4698//4454 4697//4454
f 4624//4454 4625//4454 4698//4454
f 4625//4454 4699//4454 4698//4454
f 4625//4454 4626//4454 4699//4454
f 4626//4454 4700//4454 4699//4454
f 4626//4454 4627//4454 4700//4454
f 4627//4454 4701//4454 4700//4454
f 4627//4454 4628//4454 4701//4454
f 4628//4454 4702//4454 4701//4454
f 4628//4454 4629//4454 4702//4454
f 4629//4454 4703//4454 4702//4454
f 4629//4454 4630//4454 4703//4454
f 4630//4454 4704//4454 4703//4454
f 4630//4454 4631//4454 4704//4454
f 4631//4454 4705//4454 4704//4454
f 4631//4454 4632//4454 4705//4454
f 4632//4454 4706//4454 4705//4454
f 4632//4454 4633//4454 4706//4454
f 4633//4454 4707//4454 4706//4454
f 4633//4454 4634//4454 4707//4454
f 4634//4454 4708//4454 4707//4454
f 4634//4454 4635//4454 4708//4454
f 4635//4454 4709//4454 4708//4454
f 4635//4454 4636//4454 4709//4454
f 4636//4454 4710//4454 4709//4454
f 4636//4454 4637//4454 4710//4454
f 4637//4454 4711//4454 4710//4454
f 4637//4454 4638//4454 4711//4454
f 4638//4454 4712//4454 4711//4454
f 4638//4454 4639//4454 4712//4454
f 4639//4454 4713//4454 4712//4454
f 4639//4454 4640//4454 4713//4454
f 4640//4454 4714//4454 4713//4454
f 4640//4454 4641//4454 4714//4454
f 4641//4454 4715//4454 4714//4454
f 4641//4454 4642//4454 4715//4454
f 4642//4454 4716//4454 4715//4454
f 4642//4454 4643//4454 4716//4454
f 4643//4454 4717//4454 4716//4454
f 4643//4454 4644//4454 4717//4454
f 4644//4454 4718//4454 4717//4454
f 4644//4454 4645//4454 4718//4454
f 4645//4454 4719//4454 4718//4454
f 4645//4454 4646//4454 4719//4454
f 4646//4454 4720//4454 4719//4454
f 4646//4454 4647//4454 4720//4454
f 4647//4454 4721//4454 4720//4454
f 4647//4454 4648//4454 4721//4454
f 4648//4454 4722//4454 4721//4454
f 4648//4454 4649//4454 4722//4454
f 4649//4454 4723//4454 4722//4454
f 4649//4454 4650//4454 4723//4454
f 4650//4454 4724//4454 4723//4454
f 4650//4454 4651//4454 4724//4454
f 4651//4454 4725//4454 4724//4454
f 4651//4454 4652//4454 4725//4454
f 4652//4454 4726//4454 4725//4454
f 4652//4454 4653//4454 4726//4454
f 4653//4454 4727//4454 4726//4454
f 4653//4454 4654//4454 4727//4454
f 4654//4454 4728//4454 4727//4454
f 4654//4454 4655//4454 4728//4454
f 4655//4454 4729//4454 4728//4454
f 4655//4454 4656//4454 4729//4454
f 4656//4454 4730//4454 4729//4454
f 4656//4454 4657//4454 4730//4454
f 4657//4454 4731//4454 4730//4454
f 4657//4454 4658//4454 4731//4454
f 4658//4454 4732//4454 4731//4454
f 4658//4454 4659//4454 4732//4454
f 4659//4454 4733//4454 4732//4454
f 4659//4454 4660//4454 4733//4454
f 4660//4454 4734//4454 4733//4454
f 4660//4454 4661//4454 4734//4454
f 4661//4454 4735//4454 4734//4454
f 4661//4454 4662//4454 4735//4454
f 4662//4454 4736//4454 4735//4454
f 4662//4454 4663//4454 4736//4454
f 4663//4454 4737//4454 4736//4454
f 4663//4454 4664//4454 4737//4454
f 4664//4454 4738//4454 4737//4454
f 4664//4454 4665//4454 4738//4454
f 4665//4454 4739//4454 4738//4454
f 4665//4454 4666//4454 4739//4454
f 4666//4454 4740//4454 4739//4454
f 4666//4454 4667//4454 4740//4454
f 4667//4454 4741//4454 4740//4454
f 4667//4454 4668//4454 4741//4454
f 4668//4454 4742//4454 4741//4454
f 4668//4454 4669//4454 4742//4454
f 4669//4454 4743//4454 4742//4454
f 4669//4454 4670//4454 4743//4454
f 4670//4454 4744//4454 4743//4454
f 4670//4454 4671//4454 4744//4454
f 4671//4454 4745//4454 4744//4454
f 4671//4454 4672//4454 4745//4454
f 4673//4454 4747//4454 4746//4454
f 4673//4454 4674//4454 4747//4454
f 4674//4454 4748//4454 4747//4454
f 4674//4454 4675//4454 4748//4454
f 4675//4454 4749//4454 4748//4454
f 4675//4454 4676//4454 4749//4454
f 4676//4454 4750//4454 4749//4454
f 4676//4454 4677//4454 4750//4454
f 4677//4454 4751//4454 4750//4454
f 4677//4454 4678//4454 4751//4454
f 4678//4454 4752//4454 4751//4454
f 4678//4454 4679//4454 4752//4454
f 4679//4454 4753//4454 4752//4454
f 4679//4454 4680//4454 4753//4454
f 4680//4454 4754//4454 4753//4454
f 4680//4454 4681//4454 4754//4454
f 4681//4454 4755//4454 4754//4454
f 4681//4454 4682//4454 4755//4454
f 4682//4454 4756//4454 4755//4454
f 4682//4454 4683//4454 4756//4454
f 4683//4454 4757//4454 4756//4454
f 4683//4454 4684//4454 4757//4454
f 4684//4454 4758//4454 4757//4454
f 4684//4454 4685//4454 4758//4454
f 4685//4454 4759//4454 4758//4454
f 4685//4454 4686//4454 4759//4454
f 4686//4454 4760//4454 4759//4454
f 4686//4454 4687//4454 4760//4454
f 4687//4454 4761//4454 4760//4454
f 4687//4454 4688//4454 4761//4454
f 4688//4454 4762//4454 4761//4454
f 4688//4454 4689//4454 4762//4454
f 4689//4454 4763//4454 4762//4454
f 4689//4454 4690//4454 4763//4454
f 4690//4454 4764//4454 4763//4454
f 4690//4454 4691//4454 4764//4454
f 4691//4454 4765//4454 4764//4454
f 4691//4454 4692//4454 4765//4454
f 4692//4454 4766//4454 4765//4454
f 4692//4454 4693//4454 4766//4454
f 4693//4454 4767//4454 4766//4454
f 4693//4454 4694//4454 4767//4454
f 4694//4454 4768//4454 4767//4454
f 4694//4454 4695//4454 4768//4454
f 4695//4454 4769//4454 4768//4454
f 4695//4454 4696//4454 4769//4454
f 4696//4454 4770//4454 4769//4454
f 4696//4454 4697//4454 4770//4454
f 4697//4454 4771//4454 4770//4454
f 4697//4454 4698//4454 4771//4454
f 4698//4454 4772//4454 4771//4454
f 4698//4454 4699//4454 4772//4454
f 4699//4454 4773//4454 4772//4454
f 4699//4454 4700//4454 4773//4454
f 4700//4454 4774//4454 4773//4454
f 4700//4454 4701//4454 4774//4454
f 4701//4454 4775//4454 4774//4454
f 4701//4454 4702//4454 4775//4454
f 4702//4454 4776//4454 4775//4454
f 4702//4454 4703//4454 4776//4454
f 4703//4454 4777//4454 4776//4454
f 4703//4454 4704//4454 4777//4454
f 4704//4454 4778//4454 4777//4454
f 4704//4454 4705//4454 4778//4454
f 4705//4454 4779//4454 4778//4454
f 4705//4454 4706//4454 4779//4454
f 4706//4454 4780//4454 4779//4454
f 4706//4454 4707//4454 4780//4454
f 4707//4454 4781//4454 4780//4454
f 4707//4454 4708//4454 4781//4454
f 4708//4454 4782//4454 4781//4454
f 4708//4454 4709//4454 4782//4454
f 4709//4454 4783//4454 4782//4454
f 4709//4454 4710//4454 4783//4454
f 4710//4454 4784//4454 4783//4454
f 4710//4454 4711//4454 4784//4454
f 4711//4454 4785//4454 4784//4454
f 4711//4454 4712//4454 4785//4454
f 4712//4454 4786//4454 4785//4454
f 4712//4454 4713//4454 4786//4454
f 4713//4454 4787//4454 4786//4454
f 4713//4454 4714//4454 4787//4454
f 4714//4454 4788//4454 4787//4454
f 4714//4454 4715//4454 4788//4454
f 4715//4454 4789//4454 4788//4454
f 4715//4454 4716//4454 4789//4454
f 4716//4454 4790//4454 4789//4454
f 4716//4454 4717//4454 4790//4454
f 4717//4454 4791//4454 4790//4454
f 4717//4454 4718//4454 4791//4454
f 4718//4454 4792//4454 4791//4454
f 4718//4454 4719//4454 4792//4454
f 4719//4454 4793//4454 4792//4454
f 4719//4454 4720//4454 4793//4454
f 4720//4454 4794//4454 4793//4454
f 4720//4454 4721//4454 4794//4454
f 4721//4454 4795//4454 4794//4454
f 4721//4454 4722//4454 4795//4454
f 4722//4454 4796//4454 4795//4454
f 4722//4454 4723//4454 4796//4454
f 4723//4454 4797//4454 4796//4454
f 4723//4454 4724//4454 4797//4454
f 4724//4454 4798//4454 4797//4454
f 4724//4454 4725//4454 4798//4454
f 4725//4454 4799//4454 4798//4454
f 4725//4454 4726//4454 4799//4454
f 4726//4454 4800//4454 4799//4454
f 4726//4454 4727//4454 4800//4454
f 4727//4454 4801//4454 4800//4454
f 4727//4454 4728//4454 4801//4454
f 4728//4454 4802//4454 4801//4454
f 4728//4454 4729//4454 4802//4454
f 4729//4454 4803//4454 4802//4454
f 4729//4454 4730//4454 4803//4454
f 4730//4454 4804//4454 4803//4454
f 4730//4454 4731//4454 4804//4454
f 4731//4454 4805//4454 4804//4454
f 4731//4454 4732//4454 4805//4454
f 4732//4454 4806//4454 4805//4454
f 4732//4454 4733//4454 4806//4454
f 4733//4454 4807//4454 4806//4454
f 4733//4454 4734//4454 4807//4454
f 4734//4454 4808//4454 4807//4454
f 4734//4454 4735//4454 4808//4454
f 4735//4454 4809//4454 4808//4454
f 4735//4454 4736//4454 4809//4454
f 4736//4454 4810//4454 4809//4454
f 4736//4454 4737//4454 4810//4454
f 4737//4454 4811//4454 4810//4454
f 4737//4454 4738//4454 4811//4454
f 4738//4454 4812//4454 4811//4454
f 4738//4454 4739//4454 4812//4454
f 4739//4454 4813//4454 4812//4454
f 4739//4454 4740//4454 4813//4454
f 4740//4454 4814//4454 4813//4454
f 4740//4454 4741//4454 4814//4454
f 4741//4454 4815//4454 4814//4454
f 4741//4454 4742//4454 4815//4454
f 4742//4454 4816//4454 4815//4454
f 4742//4454 4743//4454 4816//4454
f 4743//4454 4817//4454 4816//4454
f 4743//4454 4744//4454 4817//4454
f 4744//4454 4818//4454 4817//4454
f 4744//4454 4745//4454 4818//4454
f 4746//4454 4820//4454 4819//4454
f 4746//4454 4747//4454 4820//4454
f 4747//4454 4821//4454 4820//4454
f 4747//4454 4748//4454 4821//4454
f 4748//4454 4822//4454 4821//4454
f 4748//4454 4749//4454 4822//4454
f 4749//4454 4823//4454 4822//4454
f 4749//4454 4750//4454 4823//4454
f 4750//4454 4824//4454 4823//4454
f 4750//4454 4751//4454 4824//4454
f 4751//4454 4825//4454 4824//4454
f 4751//4454 4752//4454 4825//4454
f 4752//4454 4826//4454 4825//4454
f 4752//4454 4753//4454 4826//4454
f 4753//4454 4827//4454 4826//4454
f 4753//4454 4754//4454 4827//4454
f 4754//4454 4828//4454 4827//4454
f 4754//4454 4755//4454 4828//4454
f 4755//4454 4829//4454 4828//4454
f 4755//4454 4756//4454 4829//4454
f 4756//4454 4830//4454 4829//4454
f 4756//4454 4757//4454 4830//4454
f 4757//4454 4831//4454 4830//4454
f 4757//4454 4758//4454 4831//4454
f 4758//4454 4832//4454 4831//4454
f 4758//4454 4759//4454 4832//4454
f 4759//4454 4833//4454 4832//4454
f 4759//4454 4760//4454 4833//4454
f 4760//4454 4834//4454 4833//4454
f 4760//4454 4761//4454 4834//4454
f 4761//4454 4835//4454 4834//4454
f 4761//4454 4762//4454 4835//4454
f 4762//4454 4836//4454 4835//4454
f 4762//4454 4763//4454 4836//4454
f 4763//4454 4837//4454 4836//4454
f 4763//4454 4764//4454 4837//4454
f 4764//4454 4838//4454 4837//4454
f 4764//4454 4765//4454 4838//4454
f 4765//4454 4839//4454 4838//4454
f 4765//4454 4766//4454 4839//4454
f 4766//4454 4840//4454 4839//4454
f 4766//4454 4767//4454 4840//4454
f 4767//4454 4841//4454 4840//4454
f 4767//4454 4768//4454 4841//4454
f 4768//4454 4842//4454 4841//4454
f 4768//4454 4769//4454 4842//4454
f 4769//4454 4843//4454 4842//4454
f 4769//4454 4770//4454 4843//4454
f 4770//4454 4844//4454 4843//4454
f 4770//4454 4771//4454 4844//4454
f 4771//4454 4845//4454 4844//4454
f 4771//4454 4772//4454 4845//4454
f 4772//4454 4846//4454 4845//4454
f 4772//4454 4773//4454 4846//4454
f 4773//4454 4847//4454 4846//4454
f 4773//4454 4774//4454 4847//4454
f 4774//4454 4848//4454 4847//4454
f 4774//4454 4775//4454 4848//4454
f 4775//4454 4849//4454 4848//4454
f 4775//4454 4776//4454 4849//4454
f 4776//4454 4850//4454 4849//4454
f 4776//4454 4777//4454 4850//4454
f 4777//4454 4851//4454 4850//4454
f 4777//4454 4778//4454 4851//4454
f 4778//4454 4852//4454 4851//4454
f 4778//4454 4779//4454 4852//4454
f 4779//4454 4853//4454 4852//4454
f 4779//4454 4780//4454 4853//4454
f 4780//4454 4854//4454 4853//4454
f 4780//4454 4781//4454 4854//4454
f 4781//4454 4855//4454 4854//4454
f 4781//4454 4782//4454 4855//4454
f 4782//4454 4856//4454 4855//4454
f 4782//4454 4783//4454 4856//4454
f 4783//4454 4857//4454 4856//4454
f 4783//4454 4784//4454 4857//4454
f 4784//4454 4858//4454 4857//4454
f 4784//4454 4785//4454 4858//4454
f 4785//4454 4859//4454 4858//4454
f 4785//4454 4786//4454 4859//4454
f 4786//4454 4860//4454 4859//4454
f 4786//4454 4787//4454 4860//4454
f 4787//4454 4861//4454 4860//4454
f 4787//4454 4788//4454 4861//4454
f 4788//4454 4862//4454 4861//4454
f 4788//4454 4789//4454 4862//4454
f 4789//4454 4863//4454 4862//4454
f 4789//4454 4790//4454 4863//4454
f 4790//4454 4864//4454 4863//4454
f 4790//4454 4791//4454 4864//4454
f 4791//4454 4865//4454 4864//4454
f 4791//4454 4792//4454 4865//4454
f 4792//4454 4866//4454 4865//4454
f 4792//4454 4793//4454 4866//4454
f 4793//4454 4867//4454 4866//4454
f 4793//4454 4794//4454 4867//4454
f 4794//4454 4868//4454 4867//4454
f 4794//4454 4795//4454 4868//4454
f 4795//4454 4869//4454 4868//4454
f 4795//4454 4796//4454 4869//4454
f 4796//4454 4870//4454 4869//4454
f 4796//4454 4797//4454 4870//4454
f 4797//4454 4871//4454 4870//4454
f 4797//4454 4798//4454 4871//4454
f 4798//4454 4872//4454 4871//4454
f 4798//4454 4799//4454 4872//4454
f 4799//4454 4873//4454 4872//4454
f 4799//4454 4800//4454 4873//4454
f 4800//4454 4874//4454 4873//4454
f 4800//4454 4801//4454 4874//4454
f 4801//4454 4875//4454 4874//4454
f 4801//4454 4802//4454 4875//4454
f 4802//4454 4876//4454 4875//4454
f 4802//4454 4803//4454 4876//4454
f 4803//4454 4877//4454 4876//4454
f 4803//4454 4804//4454 4877//4454
f 4804//4454 4878//4454 4877//4454
f 4804//4454 4805//4454 4878//4454
f 4805//4454 4879//4454 4878//4454
f 4805//4454 4806//4454 4879//4454
f 4806//4454 4880//4454 4879//4454
f 4806//4454 4807//4454 4880//4454
f 4807//4454 4881//4454 4880//4454
f 4807//4454 4808//4454 4881//4454
f 4808//4454 4882//4454 4881//4454
f 4808//4454 4809//4454 4882//4454
f 4809//4454 4883//4454 4882//4454
f 4809//4454 4810//4454 4883//4454
f 4810//4454 4884//4454 4883//4454
f 4810//4454 4811//4454 4884//4454
f 4811//4454 4885//4454 4884//4454
f 4811//4454 4812//4454 4885//4454
f 4812//4454 4886//4454 4885//4454
f 4812//4454 4813//4454 4886//4454
f 4813//4454 4887//4454 4886//4454
f 4813//4454 4814//4454 4887//4454
f 4814//4454 4888//4454 4887//4454
f 4814//4454 4815//4454 4888//4454
f 4815//4454 4889//4454 4888//4454
f 4815//4454 4816//4454 4889//4454
f 4816//4454 4890//4454 4889//4454
f 4816//4454 4817//4454 4890//4454
f 4817//4454 4891//4454 4890//4454
f 4817//4454 4818//4454 4891//4454
f 4819//4454 4893//4454 4892//4454
f 4819//4454 4820//4454 4893//4454
f 4820//4454 4894//4454 4893//4454
f 4820//4454 4821//4454 4894//4454
f 4821//4454 4895//4454 4894//4454
f 4821//4454 4822//4454 4895//4454
f 4822//4454 4896//4454 4895//4454
f 4822//4454 4823//4454 4896//4454
f 4823//4454 4897//4454 4896//4454
f 4823//4454 4824//4454 4897//4454
f 4824//4454 4898//4454 4897//4454
f 4824//4454 4825//4454 4898//4454
f 4825//4454 4899//4454 4898//4454
f 4825//4454 4826//4454 4899//4454
f 4826//4454 4900//4454 4899//4454
f 4826//4454 4827//4454 4900//4454
f 4827//4454 4901//4454 4900//4454
f 4827//4454 4828//4454 4901//4454
f 4828//4454 4902//4454 4901//4454
f 4828//4454 4829//4454 4902//4454
f 4829//4454 4903//4454 4902//4454
f 4829//4454 4830//4454 4903//4454
f 4830//4454 4904//4454 4903//4454
f 4830//4454 4831//4454 4904//4454
f 4831//4454 4905//4454 4904//4454
f 4831//4454 4832//4454 4905//4454
f 4832//4454 4906//4454 4905//4454
f 4832//4454 4833//4454 4906//4454
f 4833//4454 4907//4454 4906//4454
f 4833//4454 4834//4454 4907//4454
f 4834//4454 4908//4454 4907//4454
f 4834//4454 4835//4454 4908//4454
f 4835//4454 4909//4454 4908//4454
f 4835//4454 4836//4454 4909//4454
f 4836//4454 4910//4454 4909//4454
f 4836//4454 4837//4454 4910//4454
f 4837//4454 4911//4454 4910//4454
f 4837//4454 4838//4454 4911//4454
f 4838//4454 4912//4454 4911//4454
f 4838//4454 4839//4454 4912//4454
f 4839//4454 4913//4454 4912//4454
f 4839//4454 4840//4454 4913//4454
f 4840//4454 4914//4454 4913//4454
f 4840//4454 4841//4454 4914//4454
f 4841//4454 4915//4454 4914//4454
f 4841//4454 4842//4454 4915//4454
f 4842//4454 4916//4454 4915//4454
f 4842//4454 4843//4454 4916//4454
f 4843//4454 4917//4454 4916//4454
f 4843//4454 4844//4454 4917//4454
f 4844//4454 4918//4454 4917//4454
f 4844//4454 4845//4454 4918//4454
f 4845//4454 4919//4454 4918//4454
f 4845//4454 4846//4454 4919//4454
f 4846//4454 4920//4454 4919//4454
f 4846//4454 4847//4454 4920//4454
f 4847//4454 4921//4454 4920//4454
f 4847//4454 4848//4454 4921//4454
f 4848//4454 4922//4454 4921//4454
f 4848//4454 4849//4454 4922//4454
f 4849//4454 4923//4454 4922//4454
f 4849//4454 4850//4454 4923//4454
f 4850//4454 4924//4454 4923//4454
f 4850//4454 4851//4454 4924//4454
f 4851//4454 4925//4454 4924//4454
f 4851//4454 4852//4454 4925//4454
f 4852//4454 4926//4454 4925//4454
f 4852//4454 4853//4454 4926//4454
f 4853//4454 4927//4454 4926//4454
f 4853//4454 4854//4454 4927//4454
f 4854//4454 4928//4454 4927//4454
f 4854//4454 4855//4454 4928//4454
f 4855//4454 4929//4454 4928//4454
f 4855//4454 4856//4454 4929//4454
f 4856//4454 4930//4454 4929//4454
f 4856//4454 4857//4454 4930//4454
f 4857//4454 4931//4454 4930//4454
f 4857//4454 4858//4454 4931//4454
f 4858//4454 4932//4454 4931//4454
f 4858//4454 4859//4454 4932//4454
f 4859//4454 4933//4454 4932//4454
f 4859//4454 4860//4454 4933//4454
f 4860//4454 4934//4454 4933//4454
f 4860//4454 4861//4454 4934//4454
f 4861//4454 4935//4454 4934//4454
f 4861//4454 4862//4454 4935//4454
f 4862//4454 4936//4454 4935//4454
f 4862//4454 4863//4454 4936//4454
f 4863//4454 4937//4454 4936//4454
f 4863//4454 4864//4454 4937//4454
f 4864//4454 4938//4454 4937//4454
f 4864//4454 4865//4454 4938//4454
f 4865//4454 4939//4454 4938//4454
f 4865//4454 4866//4454 4939//4454
f 4866//4454 4940//4454 4939//4454
f 4866//4454 4867//4454 4940//4454
f 4867//4454 4941//4454 4940//4454
f 4867//4454 4868//4454 4941//4454
f 4868//4454 4942//4454 4941//4454
f 4868//4454 4869//4454 4942//4454
f 4869//4454 4943//4454 4942//4454
f 4869//4454 4870//4454 4943//4454
f 4870//4454 4944//4454 4943//4454
f 4870//4454 4871//4454 4944//4454
f 4871//4454 4945//4454 4944//4454
f 4871//4454 4872//4454 4945//4454
f 4872//4454 4946//4454 4945//4454
f 4872//4454 4873//4454 4946//4454
f 4873//4454 4947//4454 4946//4454
f 4873//4454 4874//4454 4947//4454
f 4874//4454 4948//4454 4947//4454
f 4874//4454 4875//4454 4948//4454
f 4875//4454 4949//4454 4948//4454
f 4875//4454 4876//4454 4949//4454
f 4876//4454 4950//4454 4949//4454
f 4876//4454 4877//4454 4950//4454
f 4877//4454 4951//4454 4950//4454
f 4877//4454 4878//4454 4951//4454
f 4878//4454 4952//4454 4951//4454
f 4878//4454 4879//4454 4952//4454
f 4879//4454 4953//4454 4952//4454
f 4879//4454 4880//4454 4953//4454
f 4880//4454 4954//4454 4953//4454
f 4880//4454 4881//4454 4954//4454
f 4881//4454 4955//4454 4954//4454
f 4881//4454 4882//4454 4955//4454
f 4882//4454 4956//4454 4955//4454
f 4882//4454 4883//4454 4956//4454
f 4883//4454 4957//4454 4956//4454
f 4883//4454 4884//4454 4957//4454
f 4884//4454 4958//4454 4957//4454
f 4884//4454 4885//4454 4958//4454
f 4885//4454 4959//4454 4958//4454
f 4885//4454 4886//4454 4959//4454
f 4886//4454 4960//4454 4959//4454
f 4886//4454 4887//4454 4960//4454
f 4887//4454 4961//4454 4960//4454
f 4887//4454 4888//4454 4961//4454
f 4888//4454 4962//4454 4961//4454
f 4888//4454 4889//4454 4962//4454
f 4889//4454 4963//4454 4962//4454
f 4889//4454 4890//4454 4963//4454
f 4890//4454 4964//4454 4963//4454
f 4890//4454 4891//4454 4964//4454
f 4892//4454 4966//4454 4965//4454
f 4892//4454 4893//4454 4966//4454
f 4893//4454 4967//4454 4966//4454
f 4893//4454 4894//4454 4967//4454
f 4894//4454 4968//4454 4967//4454
f 4894//4454 4895//4454 4968//4454
f 4895//4454 4969//4454 4968//4454
f 4895//4454 4896//4454 4969//4454
f 4896//4454 4970//4454 4969//4454
f 4896//4454 4897//4454 4970//4454
f 4897//4454 4971//4454 4970//4454
f 4897//4454 4898//4454 4971//4454
f 4898//4454 4972//4454 4971//4454
f 4898//4454 4899//4454 4972//4454
f 4899//4454 4973//4454 4972//4454
f 4899//4454 4900//4454 4973//4454
f 4900//4454 4974//4454 4973//4454
f 4900//4454 4901//4454 4974//4454
f 4901//4454 4975//4454 4974//4454
f 4901//4454 4902//4454 4975//4454
f 4902//4454 4976//4454 4975//4454
f 4902//4454 4903//4454 4976//4454
f 4903//4454 4977//4454 4976//4454
f 4903//4454 4904//4454 4977//4454
f 4904//4454 4978//4454 4977//4454
f 4904//4454 4905//4454 4978//4454
f 4905//4454 4979//4454 4978//4454
f 4905//4454 4906//4454 4979//4454
f 4906//4454 4980//4454 4979//4454
f 4906//4454 4907//4454 4980//4454
f 4907//4454 4981//4454 4980//4454
f 4907//4454 4908//4454 4981//4454
f 4908//4454 4982//4454 4981//4454
f 4908//4454 4909//4454 4982//4454
f 4909//4454 4983//4454 4982//4454
f 4909//4454 4910//4454 4983//4454
f 4910//4454 4984//4454 4983//4454
f 4910//4454 4911//4454 4984//4454
f 4911//4454 4985//4454 4984//4454
f 4911//4454 4912//4454 4985//4454
f 4912//4454 4986//4454 4985//4454
f 4912//4454 4913//4454 4986//4454
f 4913//4454 4987//4454 4986//4454
f 4913//4454 4914//4454 4987//4454
f 4914//4454 4988//4454 4987//4454
f 4914//4454 4915//4454 4988//4454
f 4915//4454 4989//4454 4988//4454
f 4915//4454 4916//4454 4989//4454
f 4916//4454 4990//4454 4989//4454
f 4916//4454 4917//4454 4990//4454
f 4917//4454 4991//4454 4990//4454
f 4917//4454 4918//4454 4991//4454
f 4918//4454 4992//4454 4991//4454
f 4918//4454 4919//4454 4992//4454
f 4919//4454 4993//4454 4992//4454
f 4919//4454 4920//4454 4993//4454
f 4920//4454 4994//4454 4993//4454
f 4920//4454 4921//4454 4994//4454
f 4921//4454 4995//4454 4994//4454
f 4921//4454 4922//4454 4995//4454
f 4922//4454 4996//4454 4995//4454
f 4922//4454 4923//4454 4996//4454
f 4923//4454 4997//4454 4996//4454
f 4923//4454 4924//4454 4997//4454
f 4924//4454 4998//4454 4997//4454
f 4924//4454 4925//4454 4998//4454
f 4925//4454 4999//4454 4998//4454
f 4925//4454 4926//4454 4999//4454
f 4926//4454 5000//4454 4999//4454
f 4926//4454 4927//4454 5000//4454
f 4927//4454 5001//4454 5000//4454
f 4927//4454 4928//4454 5001//4454
f 4928//4454 5002//4454 5001//4454
f 4928//4454 4929//4454 5002//4454
f 4929//4454 5003//4454 5002//4454
f 4929//4454 4930//4454 5003//4454
f 4930//4454 5004//4454 5003//4454
f 4930//4454 4931//4454 5004//4454
f 4931//4454 5005//4454 5004//4454
f 4931//4454 4932//4454 5005//4454
f 4932//4454 5006//4454 5005//4454
f 4932//4454 4933//4454 5006//4454
f 4933//4454 5007//4454 5006//4454
f 4933//4454 4934//4454 5007//4454
f 4934//4454 5008//4454 5007//4454
f 4934//4454 4935//4454 5008//4454
f 4935//4454 5009//4454 5008//4454
f 4935//4454 4936//4454 5009//4454
f 4936//4454 5010//4454 5009//4454
f 4936//4454 4937//4454 5010//4454
f 4937//4454 5011//4454 5010//4454
f 4937//4454 4938//4454 5011//4454
f 4938//4454 5012//4454 5011//4454
f 4938//4454 4939//4454 5012//4454
f 4939//4454 5013//4454 5012//4454
f 4939//4454 4940//4454 5013//4454
f 4940//4454 5014//4454 5013//4454
f 4940//4454 4941//4454 5014//4454
f 4941//4454 5015//4454 5014//4454
f 4941//4454 4942//4454 5015//4454
f 4942//4454 5016//4454 5015//4454
f 4942//4454 4943//4454 5016//4454
f 4943//4454 5017//4454 5016//4454
f 4943//4454 4944//4454 5017//4454
f 4944//4454 5018//4454 5017//4454
f 4944//4454 4945//4454 5018//4454
f 4945//4454 5019//4454 5018//4454
f 4945//4454 4946//4454 5019//4454
f 4946//4454 5020//4454 5019//4454
f 4946//4454 4947//4454 5020//4454
f 4947//4454 5021//4454 5020//4454
f 4947//4454 4948//4454 5021//4454
f 4948//4454 5022//4454 5021//4454
f 4948//4454 4949//4454 5022//4454
f 4949//4454 5023//4454 5022//4454
f 4949//4454 4950//4454 5023//4454
f 4950//4454 5024//4454 5023//4454
f 4950//4454 4951//4454 5024//4454
f 4951//4454 5025//4454 5024//4454
f 4951//4454 4952//4454 5025//4454
f 4952//4454 5026//4454 5025//4454
f 4952//4454 4953//4454 5026//4454
f 4953//4454 5027//4454 5026//4454
f 4953//4454 4954//4454 5027//4454
f 4954//4454 5028//4454 5027//4454
f 4954//4454 4955//4454 5028//4454
f 4955//4454 5029//4454 5028//4454
f 4955//4454 4956//4454 5029//4454
f 4956//4454 5030//4454 5029//4454
f 4956//4454 4957//4454 5030//4454
f 4957//4454 5031//4454 5030//4454
f 4957//4454 4958//4454 5031//4454
f 4958//4454 5032//4454 5031//4454
f 4958//4454 4959//4454 5032//4454
f 4959//4454 5033//4454 5032//4454
f 4959//4454 4960//4454 5033//4454
f 4960//4454 5034//4454 5033//4454
f 4960//4454 4961//4454 5034//4454
f 4961//4454 5035//4454 5034//4454
f 4961//4454 4962//4454 5035//4454
f 4962//4454 5036//4454 5035//4454
f 4962//4454 4963//4454 5036//4454
f 4963//4454 5037//4454 5036//4454
f 4963//4454 4964//4454 5037//4454
f 4965//4454 5039//4454 5038//4454
f 4965//4454 4966//4454 5039//4454
f 4966//4454 5040//4454 5039//4454
f 4966//4454 4967//4454 5040//4454
f 4967//4454 5041//4454 5040//4454
f 4967//4454 4968//4454 5041//4454
f 4968//4454 5042//4454 5041//4454
f 4968//4454 4969//4454 5042//4454
f 4969//4454 5043//4454 5042//4454
f 4969//4454 4970//4454 5043//4454
f 4970//4454 5044//4454 5043//4454
f 4970//4454 4971//4454 5044//4454
f 4971//4454 5045//4454 5044//4454
f 4971//4454 4972//4454 5045//4454
f 4972//4454 5046//4454 5045//4454
f 4972//4454 4973//4454 5046//4454
f 4973//4454 5047//4454 5046//4454
f 4973//4454 4974//4454 5047//4454
f 4974//4454 5048//4454 5047//4454
f 4974//4454 4975//4454 5048//4454
f 4975//4454 5049//4454 5048//4454
f 4975//4454 4976//4454 5049//4454
f 4976//4454 5050//4454 5049//4454
f 4976//4454 4977//4454 5050//4454
f 4977//4454 5051//4454 5050//4454
f 4977//4454 4978//4454 5051//4454
f 4978//4454 5052//4454 5051//4454
f 4978//4454 4979//4454 5052//4454
f 4979//4454 5053//4454 5052//4454
f 4979//4454 4980//4454 5053//4454
f 4980//4454 5054//4454 5053//4454
f 4980//4454 4981//4454 5054//4454
f 4981//4454 5055//4454 5054//4454
f 4981//4454 4982//4454 5055//4454
f 4982//4454 5056//4454 5055//4454
f 4982//4454 4983//4454 5056//4454
f 4983//4454 5057//4454 5056//4454
f 4983//4454 4984//4454 5057//4454
f 4984//4454 5058//4454 5057//4454
f 4984//4454 4985//4454 5058//4454
f 4985//4454 5059//4454 5058//4454
f 4985//4454 4986//4454 5059//4454
f 4986//4454 5060//4454 5059//4454
f 4986//4454 4987//4454 5060//4454
f 4987//4454 5061//4454 5060//4454
f 4987//4454 4988//4454 5061//4454
f 4988//4454 5062//4454 5061//4454
f 4988//4454 4989//4454 5062//4454
f 4989//4454 5063//4454 5062//4454
f 4989//4454 4990//4454 5063//4454
f 4990//4454 5064//4454 5063//4454
f 4990//4454 4991//4454 5064//4454
f 4991//4454 5065//4454 5064//4454
f 4991//4454 4992//4454 5065//4454
f 4992//4454 5066//4454 5065//4454
f 4992//4454 4993//4454 5066//4454
f 4993//4454 5067//4454 5066//4454
f 4993//4454 4994//4454 5067//4454
f 4994//4454 5068//4454 5067//4454
f 4994//4454 4995//4454 5068//4454
f 4995//4454 5069//4454 5068//4454
f 4995//4454 4996//4454 5069//4454
f 4996//4454 5070//4454 5069//4454
f 4996//4454 4997//4454 5070//4454
f 4997//4454 5071//4454 5070//4454
f 4997//4454 4998//4454 5071//4454
f 4998//4454 5072//4454 5071//4454
f 4998//4454 4999//4454 5072//4454
f 4999//4454 5073//4454 5072//4454
f 4999//4454 5000//4454 5073//4454
f 5000//4454 5074//4454 5073//4454
f 5000//4454 5001//4454 5074//4454
f 5001//4454 5075//4454 5074//4454
f 5001//4454 5002//4454 5075//4454
f 5002//4454 5076//4454 5075//4454
f 5002//4454 5003//4454 5076//4454
f 5003//4454 5077//4454 5076//4454
f 5003//4454 5004//4454 5077//4454
f 5004//4454 5078//4454 5077//4454
f 5004//4454 5005//4454 5078//4454
f 5005//4454 5079//4454 5078//4454
f 5005//4454 5006//4454 5079//4454
f 5006//4454 5080//4454 5079//4454
f 5006//4454 5007//4454 5080//4454
f 5007//4454 5081//4454 5080//4454
f 5007//4454 5008//4454 5081//4454
f 5008//4454 5082//4454 5081//4454
f 5008//4454 5009//4454 5082//4454
f 5009//4454 5083//4454 5082//4454
f 5009//4454 5010//4454 5083//4454
f 5010//4454 5084//4454 5083//4454
f 5010//4454 5011//4454 5084//4454
f 5011//4454 5085//4454 5084//4454
f 5011//4454 5012//4454 5085//4454
f 5012//4454 5086//4454 5085//4454
f 5012//4454 5013//4454 5086//4454
f 5013//4454 5087//4454 5086//4454
f 5013//4454 5014//4454 5087//4454
f 5014//4454 5088//4454 5087//4454
f 5014//4454 5015//4454 5088//4454
f 5015//4454 5089//4454 5088//4454
f 5015//4454 5016//4454 5089//4454
f 5016//4454 5090//4454 5089//4454
f 5016//4454 5017//4454 5090//4454
f 5017//4454 5091//4454 5090//4454
f 5017//4454 5018//4454 5091//4454
f 5018//4454 5092//4454 5091//4454
f 5018//4454 5019//4454 5092//4454
f 5019//4454 5093//4454 5092//4454
f 5019//4454 5020//4454 5093//4454
f 5020//4454 5094//4454 5093//4454
f 5020//4454 5021//4454 5094//4454
f 5021//4454 5095//4454 5094//4454
f 5021//4454 5022//4454 5095//4454
f 5022//4454 5096//4454 5095//4454
f 5022//4454 5023//4454 5096//4454
f 5023//4454 5097//4454 5096//4454
f 5023//4454 5024//4454 5097//4454
f 5024//4454 5098//4454 5097//4454
f 5024//4454 5025//4454 5098//4454
f 5025//4454 5099//4454 5098//4454
f 5025//4454 5026//4454 5099//4454
f 5026//4454 5100//4454 5099//4454
f 5026//4454 5027//4454 5100//4454
f 5027//4454 5101//4454 5100//4454
f 5027//4454 5028//4454 5101//4454
f 5028//4454 5102//4454 5101//4454
f 5028//4454 5029//4454 5102//4454
f 5029//4454 5103//4454 5102//4454
f 5029//4454 5030//4454 5103//4454
f 5030//4454 5104//4454 5103//4454
f 5030//4454 5031//4454 5104//4454
f 5031//4454 5105//4454 5104//4454
f 5031//4454 5032//4454 5105//4454
f 5032//4454 5106//4454 5105//4454
f 5032//4454 5033//4454 5106//4454
f 5033//4454 5107//4454 5106//4454
f 5033//4454 5034//4454 5107//4454
f 5034//4454 5108//4454 5107//4454
f 5034//4454 5035//4454 5108//4454
f 5035//4454 5109//4454 5108//4454
f 5035//4454 5036//4454 5109//4454
f 5036//4454 5110//4454 5109//4454
f 5036//4454 5037//4454 5110//4454
f 5038//4454 5112//4454 5111//4454
f 5038//4454 5039//4454 5112//4454
f 5039//4454 5113//4454 5112//4454
f 5039//4454 5040//4454 5113//4454
f 5040//4454 5114//4454 5113//4454
f 5040//4454 5041//4454 5114//4454
f 5041//4454 5115//4454 5114//4454
f 5041//4454 5042//4454 5115//4454
f 5042//4454 5116//4454 5115//4454
f 5042//4454 5043//4454 5116//4454
f 5043//4454 5117//4454 5116//4454
f 5043//4454 5044//4454 5117//4454
f 5044//4454 5118//4454 5117//4454
f 5044//4454 5045//4454 5118//4454
f 5045//4454 5119//4454 5118//4454
f 5045//4454 5046//4454 5119//4454
f 5046//4454 5120//4454 5119//4454
f 5046//4454 5047//4454 5120//4454
f 5047//4454 5121//4454 5120//4454
f 5047//4454 5048//4454 5121//4454
f 5048//4454 5122//4454 5121//4454
f 5048//4454 5049//4454 5122//4454
f 5049//4454 5123//4454 5122//4454
f 5049//4454 5050//4454 5123//4454
f 5050//4454 5124//4454 5123//4454
f 5050//4454 5051//4454 5124//4454
f 5051//4454 5125//4454 5124//4454
f 5051//4454 5052//4454 5125//4454
f 5052//4454 5126//4454 5125//4454
f 5052//4454 5053//4454 5126//4454
f 5053//4454 5127//4454 5126//4454
f 5053//4454 5054//4454 5127//4454
f 5054//4454 5128//4454 5127//4454
f 5054//4454 5055//4454 5128//4454
f 5055//4454 5129//4454 5128//4454
f 5055//4454 5056//4454 5129//4454
f 5056//4454 5130//4454 5129//4454
f 5056//4454 5057//4454 5130//4454
f 5057//4454 5131//4454 5130//4454
f 5057//4454 5058//4454 5131//4454
f 5058//4454 5132//4454 5131//4454
f 5058//4454 5059//4454 5132//4454
f 5059//4454 5133//4454 5132//4454
f 5059//4454 5060//4454 5133//4454
f 5060//4454 5134//4454 5133//4454
f 5060//4454 5061//4454 5134//4454
f 5061//4454 5135//4454 5134//4454
f 5061//4454 5062//4454 5135//4454
f 5062//4454 5136//4454 5135//4454
f 5062//4454 5063//4454 5136//4454
f 5063//4454 5137//4454 5136//4454
f 5063//4454 5064//4454 5137//4454
f 5064//4454 5138//4454 5137//4454
f 5064//4454 5065//4454 5138//4454
f 5065//4454 5139//4454 5138//4454
f 5065//4454 5066//4454 5139//4454
f 5066//4454 5140//4454 5139//4454
f 5066//4454 5067//4454 5140//4454
f 5067//4454 5141//4454 5140//4454
f 5067//4454 5068//4454 5141//4454
f 5068//4454 5142//4454 5141//4454
f 5068//4454 5069//4454 5142//4454
f 5069//4454 5143//4454 5142//4454
f 5069//4454 5070//4454 5143//4454
f 5070//4454 5144//4454 5143//4454
f 5070//4454 5071//4454 5144//4454
f 5071//4454 5145//4454 5144//4454
f 5071//4454 5072//4454 5145//4454
f 5072//4454 5146//4454 5145//4454
f 5072//4454 5073//4454 5146//4454
f 5073//4454 5147//4454 5146//4454
f 5073//4454 5074//4454 5147//4454
f 5074//4454 5148//4454 5147//4454
f 5074//4454 5075//4454 5148//4454
f 5075//4454 5149//4454 5148//4454
f 5075//4454 5076//4454 5149//4454
f 5076//4454 5150//4454 5149//4454
f 5076//4454 5077//4454 5150//4454
f 5077//4454 5151//4454 5150//4454
f 5077//4454 5078//4454 5151//4454
f 5078//4454 5152//4454 5151//4454
f 5078//4454 5079//4454 5152//4454
f 5079//4454 5153//4454 5152//4454
f 5079//4454 5080//4454 5153//4454
f 5080//4454 5154//4454 5153//4454
f 5080//4454 5081//4454 5154//4454
f 5081//4454 5155//4454 5154//4454
f 5081//4454 5082//4454 5155//4454
f 5082//4454 5156//4454 5155//4454
f 5082//4454 5083//4454 5156//4454
f 5083//4454 5157//4454 5156//4454
f 5083//4454 5084//4454 5157//4454
f 5084//4454 5158//4454 5157//4454
f 5084//4454 5085//4454 5158//4454
f 5085//4454 5159//4454 5158//4454
f 5085//4454 5086//4454 5159//4454
f 5086//4454 5160//4454 5159//4454
f 5086//4454 5087//4454 5160//4454
f 5087//4454 5161//4454 5160//4454
f 5087//4454 5088//4454 5161//4454
f 5088//4454 5162//4454 5161//4454
f 5088//4454 5089//4454 5162//4454
f 5089//4454 5163//4454 5162//4454
f 5089//4454 5090//4454 5163//4454
f 5090//4454 5164//4454 5163//4454
f 5090//4454 5091//4454 5164//4454
f 5091//4454 5165//4454 5164//4454
f 5091//4454 5092//4454 5165//4454
f 5092//4454 5166//4454 5165//4454
f 5092//4454 5093//4454 5166//4454
f 5093//4454 5167//4454 5166//4454
f 5093//4454 5094//4454 5167//4454
f 5094//4454 5168//4454 5167//4454
f 5094//4454 5095//4454 5168//4454
f 5095//4454 5169//4454 5168//4454
f 5095//4454 5096//4454 5169//4454
f 5096//4454 5170//4454 5169//4454
f 5096//4454 5097//4454 5170//4454
f 5097//4454 5171//4454 5170//4454
f 5097//4454 5098//4454 5171//4454
f 5098//4454 5172//4454 5171//4454
f 5098//4454 5099//4454 5172//4454
f 5099//4454 5173//4454 5172//4454
f 5099//4454 5100//4454 5173//4454
f 5100//4454 5174//4454 5173//4454
f 5100//4454 5101//4454 5174//4454
f 5101//4454 5175//4454 5174//4454
f 5101//4454 5102//4454 5175//4454
f 5102//4454 5176//4454 5175//4454
f 5102//4454 5103//4454 5176//4454
f 5103//4454 5177//4454 5176//4454
f 5103//4454 5104//4454 5177//4454
f 5104//4454 5178//4454 5177//4454
f 5104//4454 5105//4454 5178//4454
f 5105//4454 5179//4454 5178//4454
f 5105//4454 5106//4454 5179//4454
f 5106//4454 5180//4454 5179//4454
f 5106//4454 5107//4454 5180//4454
f 5107//4454 5181//4454 5180//4454
f 5107//4454 5108//4454 5181//4454
f 5108//4454 5182//4454 5181//4454
f 5108//4454 5109//4454 5182//4454
f 5109//4454 5183//4454 5182//4454
f 5109//4454 5110//4454 5183//4454
f 5111//4454 5185//4454 5184//4454
f 5111//4454 5112//4454 5185//4454
f 5112//4454 5186//4454 5185//4454
f 5112//4454 5113//4454 5186//4454
f 5113//4454 5187//4454 5186//4454
f 5113//4454 5114//4454 5187//4454
f 5114//4454 5188//4454 5187//4454
f 5114//4454 5115//4454 5188//4454
f 5115//4454 5189//4454 5188//4454
f 5115//4454 5116//4454 5189//4454
f 5116//4454 5190//4454 5189//4454
f 5116//4454 5117//4454 5190//4454
f 5117//4454 5191//4454 5190//4454
f 5117//4454 5118//4454 5191//4454
f 5118//4454 5192//4454 5191//4454
f 5118//4454 5119//4454 5192//4454
f 5119//4454 5193//4454 5192//4454
f 5119//4454 5120//4454 5193//4454
f 5120//4454 5194//4454 5193//4454
f 5120//4454 5121//4454 5194//4454
f 5121//4454 5195//4454 5194//4454
f 5121//4454 5122//4454 5195//4454
f 5122//4454 5196//4454 5195//4454
f 5122//4454 5123//4454 5196//4454
f 5123//4454 5197//4454 5196//4454
f 5123//4454 5124//4454 5197//4454
f 5124//4454 5198//4454 5197//4454
f 5124//4454 5125//4454 5198//4454
f 5125//4454 5199//4454 5198//4454
f 5125//4454 5126//4454 5199//4454
f 5126//4454 5200//4454 5199//4454
f 5126//4454 5127//4454 5200//4454
f 5127//4454 5201//4454 5200//4454
f 5127//4454 5128//4454 5201//4454
f 5128//4454 5202//4454 5201//4454
f 5128//4454 5129//4454 5202//4454
f 5129//4454 5203//4454 5202//4454
f 5129//4454 5130//4454 5203//4454
f 5130//4454 5204//4454 5203//4454
f 5130//4454 5131//4454 5204//4454
f 5131//4454 5205//4454 5204//4454
f 5131//4454 5132//4454 5205//4454
f 5132//4454 5206//4454 5205//4454
f 5132//4454 5133//4454 5206//4454
f 5133//4454 5207//4454 5206//4454
f 5133//4454 5134//4454 5207//4454
f 5134//4454 5208//4454 5207//4454
f 5134//4454 5135//4454 5208//4454
f 5135//4454 5209//4454 5208//4454
f 5135//4454 5136//4454 5209//4454
f 5136//4454 5210//4454 5209//4454
f 5136//4454 5137//4454 5210//4454
f 5137//4454 5211//4454 5210//4454
f 5137//4454 5138//4454 5211//4454
f 5138//4454 5212//4454 5211//4454
f 5138//4454 5139//4454 5212//4454
f 5139//4454 5213//4454 5212//4454
f 5139//4454 5140//4454 5213//4454
f 5140//4454 5214//4454 5213//4454
f 5140//4454 5141//4454 5214//4454
f 5141//4454 5215//4454 5214//4454
f 5141//4454 5142//4454 5215//4454
f 5142//4454 5216//4454 5215//4454
f 5142//4454 5143//4454 5216//4454
f 5143//4454 5217//4454 5216//4454
f 5143//4454 5144//4454 5217//4454
f 5144//4454 5218//4454 5217//4454
f 5144//4454 5145//4454 5218//4454
f 5145//4454 5219//4454 5218//4454
f 5145//4454 5146//4454 5219//4454
f 5146//4454 5220//4454 5219//4454
f 5146//4454 5147//4454 5220//4454
f 5147//4454 5221//4454 5220//4454
f 5147//4454 5148//4454 5221//4454
f 5148//4454 5222//4454 5221//4454
f 5148//4454 5149//4454 5222//4454
f 5149//4454 5223//4454 5222//4454
f 5149//4454 5150//4454 5223//4454
f 5150//4454 5224//4454 5223//4454
f 5150//4454 5151//4454 5224//4454
f 5151//4454 5225//4454 5224//4454
f 5151//4454 5152//4454 5225//4454
f 5152//4454 5226//4454 5225//4454
f 5152//4454 5153//4454 5226//4454
f 5153//4454 5227//4454 5226//4454
f 5153//4454 5154//4454 5227//4454
f 5154//4454 5228//4454 5227//4454
f 5154//4454 5155//4454 5228//4454
f 5155//4454 5229//4454 5228//4454
f 5155//4454 5156//4454 5229//4454
f 5156//4454 5230//4454 5229//4454
f 5156//4454 5157//4454 5230//4454
f 5157//4454 5231//4454 5230//4454
f 5157//4454 5158//4454 5231//4454
f 5158//4454 5232//4454 5231//4454
f 5158//4454 5159//4454 5232//4454
f 5159//4454 5233//4454 5232//4454
f 5159//4454 5160//4454 5233//4454
f 5160//4454 5234//4454 5233//4454
f 5160//4454 5161//4454 5234//4454
f 5161//4454 5235//4454 5234//4454
f 5161//4454 5162//4454 5235//4454
f 5162//4454 5236//4454 5235//4454
f 5162//4454 5163//4454 5236//4454
f 5163//4454 5237//4454 5236//4454
f 5163//4454 5164//4454 5237//4454
f 5164//4454 5238//4454 5237//4454
f 5164//4454 5165//4454 5238//4454
f 5165//4454 5239//4454 5238//4454
f 5165//4454 5166//4454 5239//4454
f 5166//4454 5240//4454 5239//4454
f 5166//4454 5167//4454 5240//4454
f 5167//4454 5241//4454 5240//4454
f 5167//4454 5168//4454 5241//4454
f 5168//4454 5242//4454 5241//4454
f 5168//4454 5169//4454 5242//4454
f 5169//4454 5243//4454 5242//4454
f 5169//4454 5170//4454 5243//4454
f 5170//4454 5244//4454 5243//4454
f 5170//4454 5171//4454 5244//4454
f 5171//4454 5245//4454 5244//4454
f 5171//4454 5172//4454 5245//4454
f 5172//4454 5246//4454 5245//4454
f 5172//4454 5173//4454 5246//4454
f 5173//4454 5247//4454 5246//4454
f 5173//4454 5174//4454 5247//4454
f 5174//4454 5248//4454 5247//4454
f 5174//4454 5175//4454 5248//4454
f 5175//4454 5249//4454 5248//4454
f 5175//4454 5176//4454 5249//4454
f 5176//4454 5250//4454 5249//4454
f 5176//4454 5177//4454 5250//4454
f 5177//4454 5251//4454 5250//4454
f 5177//4454 5178//4454 5251//4454
f 5178//4454 5252//4454 5251//4454
f 5178//4454 5179//4454 5252//4454
f 5179//4454 5253//4454 5252//4454
f 5179//4454 5180//4454 5253//4454
f 5180//4454 5254//4454 5253//4454
f 5180//4454 5181//4454 5254//4454
f 5181//4454 5255//4454 5254//4454
f 5181//4454 5182//4454 5255//4454
f 5182//4454 5256//4454 5255//4454
f 5182//4454 5183//4454 5256//4454
f 5184//4454 5258//4454 5257//4454
f 5184//4454 5185//4454 5258//4454
f 5185//4454 5259//4454 5258//4454
f 5185//4454 5186//4454 5259//4454
f 5186//4454 5260//4454 5259//4454
f 5186//4454 5187//4454 5260//4454
f 5187//4454 5261//4454 5260//4454
f 5187//4454 5188//4454 5261//4454
f 5188//4454 5262//4454 5261//4454
f 5188//4454 5189//4454 5262//4454
f 5189//4454 5263//4454 5262//4454
f 5189//4454 5190//4454 5263//4454
f 5190//4454 5264//4454 5263//4454
f 5190//4454 5191//4454 5264//4454
f 5191//4454 5265//4454 5264//4454
f 5191//4454 5192//4454 5265//4454
f 5192//4454 5266//4454 5265//4454
f 5192//4454 5193//4454 5266//4454
f 5193//4454 5267//4454 5266//4454
f 5193//4454 5194//4454 5267//4454
f 5194//4454 5268//4454 5267//4454
f 5194//4454 5195//4454 5268//4454
f 5195//4454 5269//4454 5268//4454
f 5195//4454 5196//4454 5269//4454
f 5196//4454 5270//4454 5269//4454
f 5196//4454 5197//4454 5270//4454
f 5197//4454 5271//4454 5270//4454
f 5197//4454 5198//4454 5271//4454
f 5198//4454 5272//4454 5271//4454
f 5198//4454 5199//4454 5272//4454
f 5199//4454 5273//4454 5272//4454
f 5199//4454 5200//4454 5273//4454
f 5200//4454 5274//4454 5273//4454
f 5200//4454 5201//4454 5274//4454
f 5201//4454 5275//4454 5274//4454
f 5201//4454 5202//4454 5275//4454
f 5202//4454 5276//4454 5275//4454
f 5202//4454 5203//4454 5276//4454
f 5203//4454 5277//4454 5276//4454
f 5203//4454 5204//4454 5277//4454
f 5204//4454 5278//4454 5277//4454
f 5204//4454 5205//4454 5278//4454
f 5205//4454 5279//4454 5278//4454
f 5205//4454 5206//4454 5279//4454
f 5206//4454 5280//4454 5279//4454
f 5206//4454 5207//4454 5280//4454
f 5207//4454 5281//4454 5280//4454
f 5207//4454 5208//4454 5281//4454
f 5208//4454 5282//4454 5281//4454
f 5208//4454 5209//4454 5282//4454
f 5209//4454 5283//4454 5282//4454
f 5209//4454 5210//4454 5283//4454
f 5210//4454 5284//4454 5283//4454
f 5210//4454 5211//4454 5284//4454
f 5211//4454 5285//4454 5284//4454
f 5211//4454 5212//4454 5285//4454
f 5212//4454 5286//4454 5285//4454
f 5212//4454 5213//4454 5286//4454
f 5213//4454 5287//4454 5286//4454
f 5213//4454 5214//4454 5287//4454
f 5214//4454 5288//4454 5287//4454
f 5214//4454 5215//4454 5288//4454
f 5215//4454 5289//4454 5288//4454
f 5215//4454 5216//4454 5289//4454
f 5216//4454 5290//4454 5289//4454
f 5216//4454 5217//4454 5290//4454
f 5217//4454 5291//4454 5290//4454
f 5217//4454 5218//4454 5291//4454
f 5218//4454 5292//4454 5291//4454
f 5218//4454 5219//4454 5292//4454
f 5219//4454 5293//4454 5292//4454
f 5219//4454 5220//4454 5293//4454
f 5220//4454 5294//4454 5293//4454
f 5220//4454 5221//4454 5294//4454
f 5221//4454 5295//4454 5294//4454
f 5221//4454 5222//4454 5295//4454
f 5222//4454 5296//4454 5295//4454
f 5222//4454 5223//4454 5296//4454
f 5223//4454 5297//4454 5296//4454
f 5223//4454 5224//4454 5297//4454
f 5224//4454 5298//4454 5297//4454
f 5224//4454 5225//4454 5298//4454
f 5225//4454 5299//4454 5298//4454
f 5225//4454 5226//4454 5299//4454
f 5226//4454 5300//4454 5299//4454
f 5226//4454 5227//4454 5300//4454
f 5227//4454 5301//4454 5300//4454
f 5227//4454 5228//4454 5301//4454
f 5228//4454 5302//4454 5301//4454
f 5228//4454 5229//4454 5302//4454
f 5229//4454 5303//4454 5302//4454
f 5229//4454 5230//4454 5303//4454
f 5230//4454 5304//4454 5303//4454
f 5230//4454 5231//4454 5304//4454
f 5231//4454 5305//4454 5304//4454
f 5231//4454 5232//4454 5305//4454
f 5232//4454 5306//4454 5305//4454
f 5232//4454 5233//4454 5306//4454
f 5233//4454 5307//4454 5306//4454
f 5233//4454 5234//4454 5307//4454
f 5234//4454 5308//4454 5307//4454
f 5234//4454 5235//4454 5308//4454
f 5235//4454 5309//4454 5308//4454
f 5235//4454 5236//4454 5309//4454
f 5236//4454 5310//4454 5309//4454
f 5236//4454 5237//4454 5310//4454
f 5237//4454 5311//4454 5310//4454
f 5237//4454 5238//4454 5311//4454
f 5238//4454 5312//4454 5311//4454
f 5238//4454 5239//4454 5312//4454
f 5239//4454 5313//4454 5312//4454
f 5239//4454 5240//4454 5313//4454
f 5240//4454 5314//4454 5313//4454
f 5240//4454 5241//4454 5314//4454
f 5241//4454 5315//4454 5314//4454
f 5241//4454 5242//4454 5315//4454
f 5242//4454 5316//4454 5315//4454
f 5242//4454 5243//4454 5316//4454
f 5243//4454 5317//4454 5316//4454
f 5243//4454 5244//4454 5317//4454
f 5244//4454 5318//4454 5317//4454
f 5244//4454 5245//4454 5318//4454
f 5245//4454 5319//4454 5318//4454
f 5245//4454 5246//4454 5319//4454
f 5246//4454 5320//4454 5319//4454
f 5246//4454 5247//4454 5320//4454
f 5247//4454 5321//4454 5320//4454
f 5247//4454 5248//4454 5321//4454
f 5248//4454 5322//4454 5321//4454
f 5248//4454 5249//4454 5322//4454
f 5249//4454 5323//4454 5322//4454
f 5249//4454 5250//4454 5323//4454
f 5250//4454 5324//4454 5323//4454
f 5250//4454 5251//4454 5324//4454
f 5251//4454 5325//4454 5324//4454
f 5251//4454 5252//4454 5325//4454
f 5252//4454 5326//4454 5325//4454
f 5252//4454 5253//4454 5326//4454
f 5253//4454 5327//4454 5326//4454
f 5253//4454 5254//4454 5327//4454
f 5254//4454 5328//4454 5327//4454
f 5254//4454 5255//4454 5328//4454
f 5255//4454 5329//4454 5328//4454
f 5255//4454 5256//4454 5329//4454
f 5257//4454 5331//4454 5330//4454
f 5257//4454 5258//4454 5331//4454
f 5258//4454 5332//4454 5331//4454
f 5258//4454 5259//4454 5332//4454
f 5259//4454 5333//4454 5332//4454
f 5259//4454 5260//4454 5333//4454
f 5260//4454 5334//4454 5333//4454
f 5260//4454 5261//4454 5334//4454
f 5261//4454 5335//4454 5334//4454
f 5261//4454 5262//4454 5335//4454
f 5262//4454 5336//4454 5335//4454
f 5262//4454 5263//4454 5336//4454
f 5263//4454 5337//4454 5336//4454
f 5263//4454 5264//4454 5337//4454
f 5264//4454 5338//4454 5337//4454
f 5264//4454 5265//4454 5338//4454
f 5265//4454 5339//4454 5338//4454
f 5265//4454 5266//4454 5339//4454
f 5266//4454 5340//4454 5339//4454
f 5266//4454 5267//4454 5340//4454
f 5267//4454 5341//4454 5340//4454
f 5267//4454 5268//4454 5341//4454
f 5268//4454 5342//4454 5341//4454
f 5268//4454 5269//4454 5342//4454
f 5269//4454 5343//4454 5342//4454
f 5269//4454 5270//4454 5343//4454
f 5270//4454 5344//4454 5343//4454
f 5270//4454 5271//4454 5344//4454
f 5271//4454 5345//4454 5344//4454
f 5271//4454 5272//4454 5345//4454
f 5272//4454 5346//4454 5345//4454
f 5272//4454 5273//4454 5346//4454
f 5273//4454 5347//4454 5346//4454
f 5273//4454 5274//4454 5347//4454
f 5274//4454 5348//4454 5347//4454
f 5274//4454 5275//4454 5348//4454
f 5275//4454 5349//4454 5348//4454
f 5275//4454 5276//4454 5349//4454
f 5276//4454 5350//4454 5349//4454
f 5276//4454 5277//4454 5350//4454
f 5277//4454 5351//4454 5350//4454
f 5277//4454 5278//4454 5351//4454
f 5278//4454 5352//4454 5351//4454
f 5278//4454 5279//4454 5352//4454
f 5279//4454 5353//4454 5352//4454
f 5279//4454 5280//4454 5353//4454
f 5280//4454 5354//4454 5353//4454
f 5280//4454 5281//4454 5354//4454
f 5281//4454 5355//4454 5354//4454
f 5281//4454 5282//4454 5355//4454
f 5282//4454 5356//4454 5355//4454
f 5282//4454 5283//4454 5356//4454
f 5283//4454 5357//4454 5356//4454
f 5283//4454 5284//4454 5357//4454
f 5284//4454 5358//4454 5357//4454
f 5284//4454 5285//4454 5358//4454
f 5285//4454 5359//4454 5358//4454
f 5285//4454 5286//4454 5359//4454
f 5286//4454 5360//4454 5359//4454
f 5286//4454 5287//4454 5360//4454
f 5287//4454 5361//4454 5360//4454
f 5287//4454 5288//4454 5361//4454
f 5288//4454 5362//4454 5361//4454
f 5288//4454 5289//4454 5362//4454
f 5289//4454 5363//4454 5362//4454
f 5289//4454 5290//4454 5363//4454
f 5290//4454 5364//4454 5363//4454
f 5290//4454 5291//4454 5364//4454
f 5291//4454 5365//4454 5364//4454
f 5291//4454 5292//4454 5365//4454
f 5292//4454 5366//4454 5365//4454
f 5292//4454 5293//4454 5366//4454
f 5293//4454 5367//4454 5366//4454
f 5293//4454 5294//4454 5367//4454
f 5294//4454 5368//4454 5367//4454
f 5294//4454 5295//4454 5368//4454
f 5295//4454 5369//4454 5368//4454
f 5295//4454 5296//4454 5369//4454
f 5296//4454 5370//4454 5369//4454
f 5296//4454 5297//4454 5370//4454
f 5297//4454 5371//4454 5370//4454
f 5297//4454 5298//4454 5371//4454
f 5298//4454 5372//4454 5371//4454
f 5298//4454 5299//4454 5372//4454
f 5299//4454 5373//4454 5372//4454
f 5299//4454 5300//4454 5373//4454
f 5300//4454 5374//4454 5373//4454
f 5300//4454 5301//4454 5374//4454
f 5301//4454 5375//4454 5374//4454
f 5301//4454 5302//4454 5375//4454
f 5302//4454 5376//4454 5375//4454
f 5302//4454 5303//4454 5376//4454
f 5303//4454 5377//4454 5376//4454
f 5303//4454 5304//4454 5377//4454
f 5304//4454 5378//4454 5377//4454
f 5304//4454 5305//4454 5378//4454
f 5305//4454 5379//4454 5378//4454
f 5305//4454 5306//4454 5379//4454
f 5306//4454 5380//4454 5379//4454
f 5306//4454 5307//4454 5380//4454
f 5307//4454 5381//4454 5380//4454
f 5307//4454 5308//4454 5381//4454
f 5308//4454 5382//4454 5381//4454
f 5308//4454 5309//4454 5382//4454
f 5309//4454 5383//4454 5382//4454
f 5309//4454 5310//4454 5383//4454
f 5310//4454 5384//4454 5383//4454
f 5310//4454 5311//4454 5384//4454
f 5311//4454 5385//4454 5384//4454
f 5311//4454 5312//4454 5385//4454
f 5312//4454 5386//4454 5385//4454
f 5312//4454 5313//4454 5386//4454
f 5313//4454 5387//4454 5386//4454
f 5313//4454 5314//4454 5387//4454
f 5314//4454 5388//4454 5387//4454
f 5314//4454 5315//4454 5388//4454
f 5315//4454 5389//4454 5388//4454
f 5315//4454 5316//4454 5389//4454
f 5316//4454 5390//4454 5389//4454
f 5316//4454 5317//4454 5390//4454
f 5317//4454 5391//4454 5390//4454
f 5317//4454 5318//4454 5391//4454
f 5318//4454 5392//4454 5391//4454
f 5318//4454 5319//4454 5392//4454
f 5319//4454 5393//4454 5392//4454
f 5319//4454 5320//4454 5393//4454
f 5320//4454 5394//4454 5393//4454
f 5320//4454 5321//4454 5394//4454
f 5321//4454 5395//4454 5394//4454
f 5321//4454 5322//4454 5395//4454
f 5322//4454 5396//4454 5395//4454
f 5322//4454 5323//4454 5396//4454
f 5323//4454 5397//4454 5396//4454
f 5323//4454 5324//4454 5397//4454
f 5324//4454 5398//4454 5397//4454
f 5324//4454 5325//4454 5398//4454
f 5325//4454 5399//4454 5398//4454
f 5325//4454 5326//4454 5399//4454
f 5326//4454 5400//4454 5399//4454
f 5326//4454 5327//4454 5400//4454
f 5327//4454 5401//4454 5400//4454
f 5327//4454 5328//4454 5401//4454
f 5328//4454 5402//4454 5401//4454
f 5328//4454 5329//4454 5402//4454
f 5330//4454 5404//4454 5403//4454
f 5330//4454 5331//4454 5404//4454
f 5331//4454 5405//4454 5404//4454
f 5331//4454 5332//4454 5405//4454
f 5332//4454 5406//4454 5405//4454
f 5332//4454 5333//4454 5406//4454
f 5333//4454 5407//4454 5406//4454
f 5333//4454 5334//4454 5407//4454
f 5334//4454 5408//4454 5407//4454
f 5334//4454 5335//4454 5408//4454
f 5335//4454 5409//4454 5408//4454
f 5335//4454 5336//4454 5409//4454
f 5336//4454 5410//4454 5409//4454
f 5336//4454 5337//4454 5410//4454
f 5337//4454 5411//4454 5410//4454
f 5337//4454 5338//4454 5411//4454
f 5338//4454 5412//4454 5411//4454
f 5338//4454 5339//4454 5412//4454
f 5339//4454 5413//4454 5412//4454
f 5339//4454 5340//4454 5413//4454
f 5340//4454 5414//4454 5413//4454
f 5340//4454 5341//4454 5414//4454
f 5341//4454 5415//4454 5414//4454
f 5341//4454 5342//4454 5415//4454
f 5342//4454 5416//4454 5415//4454
f 5342//4454 5343//4454 5416//4454
f 5343//4454 5417//4454 5416//4454
f 5343//4454 5344//4454 5417//4454
f 5344//4454 5418//4454 5417//4454
f 5344//4454 5345//4454 5418//4454
f 5345//4454 5419//4454 5418//4454
f 5345//4454 5346//4454 5419//4454
f 5346//4454 5420//4454 5419//4454
f 5346//4454 5347//4454 5420//4454
f 5347//4454 5421//4454 5420//4454
f 5347//4454 5348//4454 5421//4454
f 5348//4454 5422//4454 5421//4454
f 5348//4454 5349//4454 5422//4454
f 5349//4454 5423//4454 5422//4454
f 5349//4454 5350//4454 5423//4454
f 5350//4454 5424//4454 5423//4454
f 5350//4454 5351//4454 5424//4454
f 5351//4454 5425//4454 5424//4454
f 5351//4454 5352//4454 5425//4454
f 5352//4454 5426//4454 5425//4454
f 5352//4454 5353//4454 5426//4454
f 5353//4454 5427//4454 5426//4454
f 5353//4454 5354//4454 5427//4454
f 5354//4454 5428//4454 5427//4454
f 5354//4454 5355//4454 5428//4454
f 5355//4454 5429//4454 5428//4454
f 5355//4454 5356//4454 5429//4454
f 5356//4454 5430//4454 5429//4454
f 5356//4454 5357//4454 5430//4454
f 5357//4454 5431//4454 5430//4454
f 5357//4454 5358//4454 5431//4454
f 5358//4454 5432//4454 5431//4454
f 5358//4454 5359//4454 5432//4454
f 5359//4454 5433//4454 5432//4454
f 5359//4454 5360//4454 5433//4454
f 5360//4454 5434//4454 5433//4454
f 5360//4454 5361//4454 5434//4454
f 5361//4454 5435//4454 5434//4454
f 5361//4454 5362//4454 5435//4454
f 5362//4454 5436//4454 5435//4454
f 5362//4454 5363//4454 5436//4454
f 5363//4454 5437//4454 5436//4454
f 5363//4454 5364//4454 5437//4454
f 5364//4454 5438//4454 5437//4454
f 5364//4454 5365//4454 5438//4454
f 5365//4454 5439//4454 5438//4454
f 5365//4454 5366//4454 5439//4454
f 5366//4454 5440//4454 5439//4454
f 5366//4454 5367//4454 5440//4454
f 5367//4454 5441//4454 5440//4454
f 5367//4454 5368//4454 5441//4454
f 5368//4454 5442//4454 5441//4454
f 5368//4454 5369//4454 5442//4454
f 5369//4454 5443//4454 5442//4454
f 5369//4454 5370//4454 5443//4454
f 5370//4454 5444//4454 5443//4454
f 5370//4454 5371//4454 5444//4454
f 5371//4454 5445//4454 5444//4454
f 5371//4454 5372//4454 5445//4454
f 5372//4454 5446//4454 5445//4454
f 5372//4454 5373//4454 5446//4454
f 5373//4454 5447//4454 5446//4454
f 5373//4454 5374//4454 5447//4454
f 5374//4454 5448//4454 5447//4454
f 5374//4454 5375//4454 5448//4454
f 5375//4454 5449//4454 5448//4454
f 5375//4454 5376//4454 5449//4454
f 5376//4454 5450//4454 5449//4454
f 5376//4454 5377//4454 5450//4454
f 5377//4454 5451//4454 5450//4454
f 5377//4454 5378//4454 5451//4454
f 5378//4454 5452//4454 5451//4454
f 5378//4454 5379//4454 5452//4454
f 5379//4454 5453//4454 5452//4454
f 5379//4454 5380//4454 5453//4454
f 5380//4454 5454//4454 5453//4454
f 5380//4454 5381//4454 5454//4454
f 5381//4454 5455//4454 5454//4454
f 5381//4454 5382//4454 5455//4454
f 5382//4454 5456//4454 5455//4454
f 5382//4454 5383//4454 5456//4454
f 5383//4454 5457//4454 5456//4454
f 5383//4454 5384//4454 5457//4454
f 5384//4454 5458//4454 5457//4454
f 5384//4454 5385//4454 5458//4454
f 5385//4454 5459//4454 5458//4454
f 5385//4454 5386//4454 5459//4454
f 5386//4454 5460//4454 5459//4454
f 5386//4454 5387//4454 5460//4454
f 5387//4454 5461//4454 5460//4454
f 5387//4454 5388//4454 5461//4454
f 5388//4454 5462//4454 5461//4454
f 5388//4454 5389//4454 5462//4454
f 5389//4454 5463//4454 5462//4454
f 5389//4454 5390//4454 5463//4454
f 5390//4454 5464//4454 5463//4454
f 5390//4454 5391//4454 5464//4454
f 5391//4454 5465//4454 5464//4454
f 5391//4454 5392//4454 5465//4454
f 5392//4454 5466//4454 5465//4454
f 5392//4454 5393//4454 5466//4454
f 5393//4454 5467//4454 5466//4454
f 5393//4454 5394//4454 5467//4454
f 5394//4454 5468//4454 5467//4454
f 5394//4454 5395//4454 5468//4454
f 5395//4454 5469//4454 5468//4454
f 5395//4454 5396//4454 5469//4454
f 5396//4454 5470//4454 5469//4454
f 5396//4454 5397//4454 5470//4454
f 5397//4454 5471//4454 5470//4454
f 5397//4454 5398//4454 5471//4454
f 5398//4454 5472//4454 5471//4454
f 5398//4454 5399//4454 5472//4454
f 5399//4454 5473//4454 5472//4454
f 5399//4454 5400//4454 5473//4454
f 5400//4454 5474//4454 5473//4454
f 5400//4454 5401//4454 5474//4454
f 5401//4454 5475//4454 5474//4454
f 5401//4454 5402//4454 5475//4454
f 5403//4454 5477//4454 5476//4454
f 5403//4454 5404//4454 5477//4454
f 5404//4454 5478//4454 5477//4454
f 5404//4454 5405//4454 5478//4454
f 5405//4454 5479//4454 5478//4454
f 5405//4454 5406//4454 5479//4454
f 5406//4454 5480//4454 5479//4454
f 5406//4454 5407//4454 5480//4454
f 5407//4454 5481//4454 5480//4454
f 5407//4454 5408//4454 5481//4454
f 5408//4454 5482//4454 5481//4454
f 5408//4454 5409//4454 5482//4454
f 5409//4454 5483//4454 5482//4454
f 5409//4454 5410//4454 5483//4454
f 5410//4454 5484//4454 5483//4454
f 5410//4454 5411//4454 5484//4454
f 5411//4454 5485//4454 5484//4454
f 5411//4454 5412//4454 5485//4454
f 5412//4454 5486//4454 5485//4454
f 5412//4454 5413//4454 5486//4454
f 5413//4454 5487//4454 5486//4454
f 5413//4454 5414//4454 5487//4454
f 5414//4454 5488//4454 5487//4454
f 5414//4454 5415//4454 5488//4454
f 5415//4454 5489//4454 5488//4454
f 5415//4454 5416//4454 5489//4454
f 5416//4454 5490//4454 5489//4454
f 5416//4454 5417//4454 5490//4454
f 5417//4454 5491//4454 5490//4454
f 5417//4454 5418//4454 5491//4454
f 5418//4454 5492//4454 5491//4454
f 5418//4454 5419//4454 5492//4454
f 5419//4454 5493//4454 5492//4454
f 5419//4454 5420//4454 5493//4454
f 5420//4454 5494//4454 5493//4454
f 5420//4454 5421//4454 5494//4454
f 5421//4454 5495//4454 5494//4454
f 5421//4454 5422//4454 5495//4454
f 5422//4454 5496//4454 5495//4454
f 5422//4454 5423//4454 5496//4454
f 5423//4454 5497//4454 5496//4454
f 5423//4454 5424//4454 5497//4454
f 5424//4454 5498//4454 5497//4454
f 5424//4454 5425//4454 5498//4454
f 5425//4454 5499//4454 5498//4454
f 5425//4454 5426//4454 5499//4454
f 5426//4454 5500//4454 5499//4454
f 5426//4454 5427//4454 5500//4454
f 5427//4454 5501//4454 5500//4454
f 5427//4454 5428//4454 5501//4454
f 5428//4454 5502//4454 5501//4454
f 5428//4454 5429//4454 5502//4454
f 5429//4454 5503//4454 5502//4454
f 5429//4454 5430//4454 5503//4454
f 5430//4454 5504//4454 5503//4454
f 5430//4454 5431//4454 5504//4454
f 5431//4454 5505//4454 5504//4454
f 5431//4454 5432//4454 5505//4454
f 5432//4454 5506//4454 5505//4454
f 5432//4454 5433//4454 5506//4454
f 5433//4454 5507//4454 5506//4454
f 5433//4454 5434//4454 5507//4454
f 5434//4454 5508//4454 5507//4454
f 5434//4454 5435//4454 5508//4454
f 5435//4454 5509//4454 5508//4454
f 5435//4454 5436//4454 5509//4454
f 5436//4454 5510//4454 5509//4454
f 5436//4454 5437//4454 5510//4454
f 5437//4454 5511//4454 5510//4454
f 5437//4454 5438//4454 5511//4454
f 5438//4454 5512//4454 5511//4454
f 5438//4454 5439//4454 5512//4454
f 5439//4454 5513//4454 5512//4454
f 5439//4454 5440//4454 5513//4454
f 5440//4454 5514//4454 5513//4454
f 5440//4454 5441//4454 5514//4454
f 5441//4454 5515//4454 5514//4454
f 5441//4454 5442//4454 5515//4454
f 5442//4454 5516//4454 5515//4454
f 5442//4454 5443//4454 5516//4454
f 5443//4454 5517//4454 5516//4454
f 5443//4454 5444//4454 5517//4454
f 5444//4454 5518//4454 5517//4454
f 5444//4454 5445//4454 5518//4454
f 5445//4454 5519//4454 5518//4454
f 5445//4454 5446//4454 5519//4454
f 5446//4454 5520//4454 5519//4454
f 5446//4454 5447//4454 5520//4454
f 5447//4454 5521//4454 5520//4454
f 5447//4454 5448//4454 5521//4454
f 5448//4454 5522//4454 5521//4454
f 5448//4454 5449//4454 5522//4454
f 5449//4454 5523//4454 5522//4454
f 5449//4454 5450//4454 5523//4454
f 5450//4454 5524//4454 5523//4454
f 5450//4454 5451//4454 5524//4454
f 5451//4454 5525//4454 5524//4454
f 5451//4454 5452//4454 5525//4454
f 5452//4454 5526//4454 5525//4454
f 5452//4454 5453//4454 5526//4454
f 5453//4454 5527//4454 5526//4454
f 5453//4454 5454//4454 5527//4454
f 5454//4454 5528//4454 5527//4454
f 5454//4454 5455//4454 5528//4454
f 5455//4454 5529//4454 5528//4454
f 5455//4454 5456//4454 5529//4454
f 5456//4454 5530//4454 5529//4454
f 5456//4454 5457//4454 5530//4454
f 5457//4454 5531//4454 5530//4454
f 5457//4454 5458//4454 5531//4454
f 5458//4454 5532//4454 5531//4454
f 5458//4454 5459//4454 5532//4454
f 5459//4454 5533//4454 5532//4454
f 5459//4454 5460//4454 5533//4454
f 5460//4454 5534//4454 5533//4454
f 5460//4454 5461//4454 5534//4454
f 5461//4454 5535//4454 5534//4454
f 5461//4454 5462//4454 5535//4454
f 5462//4454 5536//4454 5535//4454
f 5462//4454 5463//4454 5536//4454
f 5463//4454 5537//4454 5536//4454
f 5463//4454 5464//4454 5537//4454
f 5464//4454 5538//4454 5537//4454
f 5464//4454 5465//4454 5538//4454
f 5465//4454 5539//4454 5538//4454
f 5465//4454 5466//4454 5539//4454
f 5466//4454 5540//4454 5539//4454
f 5466//4454 5467//4454 5540//4454
f 5467//4454 5541//4454 5540//4454
f 5467//4454 5468//4454 5541//4454
f 5468//4454 5542//4454 5541//4454
f 5468//4454 5469//4454 5542//4454
f 5469//4454 5543//4454 5542//4454
f 5469//4454 5470//4454 5543//4454
f 5470//4454 5544//4454 5543//4454
f 5470//4454 5471//4454 5544//4454
f 5471//4454 5545//4454 5544//4454
f 5471//4454 5472//4454 5545//4454
f 5472//4454 5546//4454 5545//4454
f 5472//4454 5473//4454 5546//4454
f 5473//4454 5547//4454 5546//4454
f 5473//4454 5474//4454 5547//4454
f 5474//4454 5548//4454 5547//4454
f 5474//4454 5475//4454 5548//4454
f 5476//4454 5550//4454 5549//4454
f 5476//4454 5477//4454 5550//4454
f 5477//4454 5551//4454 5550//4454
f 5477//4454 5478//4454 5551//4454
f 5478//4454 5552//4454 5551//4454
f 5478//4454 5479//4454 5552//4454
f 5479//4454 5553//4454 5552//4454
f 5479//4454 5480//4454 5553//4454
f 5480//4454 5554//4454 5553//4454
f 5480//4454 5481//4454 5554//4454
f 5481//4454 5555//4454 5554//4454
f 5481//4454 5482//4454 5555//4454
f 5482//4454 5556//4454 5555//4454
f 5482//4454 5483//4454 5556//4454
f 5483//4454 5557//4454 5556//4454
f 5483//4454 5484//4454 5557//4454
f 5484//4454 5558//4454 5557//4454
f 5484//4454 5485//4454 5558//4454
f 5485//4454 5559//4454 5558//4454
f 5485//4454 5486//4454 5559//4454
f 5486//4454 5560//4454 5559//4454
f 5486//4454 5487//4454 5560//4454
f 5487//4454 5561//4454 5560//4454
f 5487//4454 5488//4454 5561//4454
f 5488//4454 5562//4454 5561//4454
f 5488//4454 5489//4454 5562//4454
f 5489//4454 5563//4454 5562//4454
f 5489//4454 5490//4454 5563//4454
f 5490//4454 5564//4454 5563//4454
f 5490//4454 5491//4454 5564//4454
f 5491//4454 5565//4454 5564//4454
f 5491//4454 5492//4454 5565//4454
f 5492//4454 5566//4454 5565//4454
f 5492//4454 5493//4454 5566//4454
f 5493//4454 5567//4454 5566//4454
f 5493//4454 5494//4454 5567//4454
f 5494//4454 5568//4454 5567//4454
f 5494//4454 5495//4454 5568//4454
f 5495//4454 5569//4454 5568//4454
f 5495//4454 5496//4454 5569//4454
f 5496//4454 5570//4454 5569//4454
f 5496//4454 5497//4454 5570//4454
f 5497//4454 5571//4454 5570//4454
f 5497//4454 5498//4454 5571//4454
f 5498//4454 5572//4454 5571//4454
f 5498//4454 5499//4454 5572//4454
f 5499//4454 5573//4454 5572//4454
f 5499//4454 5500//4454 5573//4454
f 5500//4454 5574//4454 5573//4454
f 5500//4454 5501//4454 5574//4454
f 5501//4454 5575//4454 5574//4454
f 5501//4454 5502//4454 5575//4454
f 5502//4454 5576//4454 5575//4454
f 5502//4454 5503//4454 5576//4454
f 5503//4454 5577//4454 5576//4454
f 5503//4454 5504//4454 5577//4454
f 5504//4454 5578//4454 5577//4454
f 5504//4454 5505//4454 5578//4454
f 5505//4454 5579//4454 5578//4454
f 5505//4454 5506//4454 5579//4454
f 5506//4454 5580//4454 5579//4454
f 5506//4454 5507//4454 5580//4454
f 5507//4454 5581//4454 5580//4454
f 5507//4454 5508//4454 5581//4454
f 5508//4454 5582//4454 5581//4454
f 5508//4454 5509//4454 5582//4454
f 5509//4454 5583//4454 5582//4454
f 5509//4454 5510//4454 5583//4454
f 5510//4454 5584//4454 5583//4454
f 5510//4454 5511//4454 5584//4454
f 5511//4454 5585//4454 5584//4454
f 5511//4454 5512//4454 5585//4454
f 5512//4454 5586//4454 5585//4454
f 5512//4454 5513//4454 5586//4454
f 5513//4454 5587//4454 5586//4454
f 5513//4454 5514//4454 5587//4454
f 5514//4454 5588//4454 5587//4454
f 5514//4454 5515//4454 5588//4454
f 5515//4454 5589//4454 5588//4454
f 5515//4454 5516//4454 5589//4454
f 5516//4454 5590//4454 5589//4454
f 5516//4454 5517//4454 5590//4454
f 5517//4454 5591//4454 5590//4454
f 5517//4454 5518//4454 5591//4454
f 5518//4454 5592//4454 5591//4454
f 5518//4454 5519//4454 5592//4454
f 5519//4454 5593//4454 5592//4454
f 5519//4454 5520//4454 5593//4454
f 5520//4454 5594//4454 5593//4454
f 5520//4454 5521//4454 5594//4454
f 5521//4454 5595//4454 5594//4454
f 5521//4454 5522//4454 5595//4454
f 5522//4454 5596//4454 5595//4454
f 5522//4454 5523//4454 5596//4454
f 5523//4454 5597//4454 5596//4454
f 5523//4454 5524//4454 5597//4454
f 5524//4454 5598//4454 5597//4454
f 5524//4454 5525//4454 5598//4454
f 5525//4454 5599//4454 5598//4454
f 5525//4454 5526//4454 5599//4454
f 5526//4454 5600//4454 5599//4454
f 5526//4454 5527//4454 5600//4454
f 5527//4454 5601//4454 5600//4454
f 5527//4454 5528//4454 5601//4454
f 5528//4454 5602//4454 5601//4454
f 5528//4454 5529//4454 5602//4454
f 5529//4454 5603//4454 5602//4454
f 5529//4454 5530//4454 5603//4454
f 5530//4454 5604//4454 5603//4454
f 5530//4454 5531//4454 5604//4454
f 5531//4454 5605//4454 5604//4454
f 5531//4454 5532//4454 5605//4454
f 5532//4454 5606//4454 5605//4454
f 5532//4454 5533//4454 5606//4454
f 5533//4454 5607//4454 5606//4454
f 5533//4454 5534//4454 5607//4454
f 5534//4454 5608//4454 5607//4454
f 5534//4454 5535//4454 5608//4454
f 5535//4454 5609//4454 5608//4454
f 5535//4454 5536//4454 5609//4454
f 5536//4454 5610//4454 5609//4454
f 5536//4454 5537//4454 5610//4454
f 5537//4454 5611//4454 5610//4454
f 5537//4454 5538//4454 5611//4454
f 5538//4454 5612//4454 5611//4454
f 5538//4454 5539//4454 5612//4454
f 5539//4454 5613//4454 5612//4454
f 5539//4454 5540//4454 5613//4454
f 5540//4454 5614//4454 5613//4454
f 5540//4454 5541//4454 5614//4454
f 5541//4454 5615//4454 5614//4454
f 5541//4454 5542//4454 5615//4454
f 5542//4454 5616//4454 5615//4454
f 5542//4454 5543//4454 5616//4454
f 5543//4454 5617//4454 5616//4454
f 5543//4454 5544//4454 5617//4454
f 5544//4454 5618//4454 5617//4454
f 5544//4454 5545//4454 5618//4454
f 5545//4454 5619//4454 5618//4454
f 5545//4454 5546//4454 5619//4454
f 5546//4454 5620//4454 5619//4454
f 5546//4454 5547//4454 5620//4454
f 5547//4454 5621//4454 5620//4454
f 5547//4454 5548//4454 5621//4454
f 5549//4454 5623//4454 5622//4454
f 5549//4454 5550//4454 5623//4454
f 5550//4454 5624//4454 5623//4454
f 5550//4454 5551//4454 5624//4454
f 5551//4454 5625//4454 5624//4454
f 5551//4454 5552//4454 5625//4454
f 5552//4454 5626//4454 5625//4454
f 5552//4454 5553//4454 5626//4454
f 5553//4454 5627//4454 5626//4454
f 5553//4454 5554//4454 5627//4454
f 5554//4454 5628//4454 5627//4454
f 5554//4454 5555//4454 5628//4454
f 5555//4454 5629//4454 5628//4454
f 5555//4454 5556//4454 5629//4454
f 5556//4454 5630//4454 5629//4454
f 5556//4454 5557//4454 5630//4454
f 5557//4454 5631//4454 5630//4454
f 5557//4454 5558//4454 5631//4454
f 5558//4454 5632//4454 5631//4454
f 5558//4454 5559//4454 5632//4454
f 5559//4454 5633//4454 5632//4454
f 5559//4454 5560//4454 5633//4454
f 5560//4454 5634//4454 5633//4454
f 5560//4454 5561//4454 5634//4454
f 5561//4454 5635//4454 5634//4454
f 5561//4454 5562//4454 5635//4454
f 5562//4454 5636//4454 5635//4454
f 5562//4454 5563//4454 5636//4454
f 5563//4454 5637//4454 5636//4454
f 5563//4454 5564//4454 5637//4454
f 5564//4454 5638//4454 5637//4454
f 5564//4454 5565//4454 5638//4454
f 5565//4454 5639//4454 5638//4454
f 5565//4454 5566//4454 5639//4454
f 5566//4454 5640//4454 5639//4454
f 5566//4454 5567//4454 5640//4454
f 5567//4454 5641//4454 5640//4454
f 5567//4454 5568//4454 5641//4454
f 5568//4454 5642//4454 5641//4454
f 5568//4454 5569//4454 5642//4454
f 5569//4454 5643//4454 5642//4454
f 5569//4454 5570//4454 5643//4454
f 5570//4454 5644//4454 5643//4454
f 5570//4454 5571//4454 5644//4454
f 5571//4454 5645//4454 5644//4454
f 5571//4454 5572//4454 5645//4454
f 5572//4454 5646//4454 5645//4454
f 5572//4454 5573//4454 5646//4454
f 5573//4454 5647//4454 5646//4454
f 5573//4454 5574//4454 5647//4454
f 5574//4454 5648//4454 5647//4454
f 5574//4454 5575//4454 5648//4454
f 5575//4454 5649//4454 5648//4454
f 5575//4454 5576//4454 5649//4454
f 5576//4454 5650//4454 5649//4454
f 5576//4454 5577//4454 5650//4454
f 5577//4454 5651//4454 5650//4454
f 5577//4454 5578//4454 5651//4454
f 5578//4454 5652//4454 5651//4454
f 5578//4454 5579//4454 5652//4454
f 5579//4454 5653//4454 5652//4454
f 5579//4454 5580//4454 5653//4454
f 5580//4454 5654//4454 5653//4454
f 5580//4454 5581//4454 5654//4454
f 5581//4454 5655//4454 5654//4454
f 5581//4454 5582//4454 5655//4454
f 5582//4454 5656//4454 5655//4454
f 5582//4454 5583//4454 5656//4454
f 5583//4454 5657//4454 5656//4454
f 5583//4454 5584//4454 5657//4454
f 5584//4454 5658//4454 5657//4454
f 5584//4454 5585//4454 5658//4454
f 5585//4454 5659//4454 5658//4454
f 5585//4454 5586//4454 5659//4454
f 5586//4454 5660//4454 5659//4454
f 5586//4454 5587//4454 5660//4454
f 5587//4454 5661//4454 5660//4454
f 5587//4454 5588//4454 5661//4454
f 5588//4454 5662//4454 5661//4454
f 5588//4454 5589//4454 5662//4454
f 5589//4454 5663//4454 5662//4454
f 5589//4454 5590//4454 5663//4454
f 5590//4454 5664//4454 5663//4454
f 5590//4454 5591//4454 5664//4454
f 5591//4454 5665//4454 5664//4454
f 5591//4454 5592//4454 5665//4454
f 5592//4454 5666//4454 5665//4454
f 5592//4454 5593//4454 5666//4454
f 5593//4454 5667//4454 5666//4454
f 5593//4454 5594//4454 5667//4454
f 5594//4454 5668//4454 5667//4454
f 5594//4454 5595//4454 5668//4454
f 5595//4454 5669//4454 5668//4454
f 5595//4454 5596//4454 5669//4454
f 5596//4454 5670//4454 5669//4454
f 5596//4454 5597//4454 5670//4454
f 5597//4454 5671//4454 5670//4454
f 5597//4454 5598//4454 5671//4454
f 5598//4454 5672//4454 5671//4454
f 5598//4454 5599//4454 5672//4454
f 5599//4454 5673//4454 5672//4454
f 5599//4454 5600//4454 5673//4454
f 5600//4454 5674//4454 5673//4454
f 5600//4454 5601//4454 5674//4454
f 5601//4454 5675//4454 5674//4454
f 5601//4454 5602//4454 5675//4454
f 5602//4454 5676//4454 5675//4454
f 5602//4454 5603//4454 5676//4454
f 5603//4454 5677//4454 5676//4454
f 5603//4454 5604//4454 5677//4454
f 5604//4454 5678//4454 5677//4454
f 5604//4454 5605//4454 5678//4454
f 5605//4454 5679//4454 5678//4454
f 5605//4454 5606//4454 5679//4454
f 5606//4454 5680//4454 5679//4454
f 5606//4454 5607//4454 5680//4454
f 5607//4454 5681//4454 5680//4454
f 5607//4454 5608//4454 5681//4454
f 5608//4454 5682//4454 5681//4454
f 5608//4454 5609//4454 5682//4454
f 5609//4454 5683//4454 5682//4454
f 5609//4454 5610//4454 5683//4454
f 5610//4454 5684//4454 5683//4454
f 5610//4454 5611//4454 5684//4454
f 5611//4454 5685//4454 5684//4454
f 5611//4454 5612//4454 5685//4454
f 5612//4454 5686//4454 5685//4454
f 5612//4454 5613//4454 5686//4454
f 5613//4454 5687//4454 5686//4454
f 5613//4454 5614//4454 5687//4454
f 5614//4454 5688//4454 5687//4454
f 5614//4454 5615//4454 5688//4454
f 5615//4454 5689//4454 5688//4454
f 5615//4454 5616//4454 5689//4454
f 5616//4454 5690//4454 5689//4454
f 5616//4454 5617//4454 5690//4454
f 5617//4454 5691//4454 5690//4454
f 5617//4454 5618//4454 5691//4454
f 5618//4454 5692//4454 5691//4454
f 5618//4454 5619//4454 5692//4454
f 5619//4454 5693//4454 5692//4454
f 5619//4454 5620//4454 5693//4454
f 5620//4454 5694//4454 5693//4454
f 5620//4454 5621//4454 5694//4454
f 5622//4454 5696//4454 5695//4454
f 5622//4454 5623//4454 5696//4454
f 5623//4454 5697//4454 5696//4454
f 5623//4454 5624//4454 5697//4454
f 5624//4454 5698//4454 5697//4454
f 5624//4454 5625//4454 5698//4454
f 5625//4454 5699//4454 5698//4454
f 5625//4454 5626//4454 5699//4454
f 5626//4454 5700//4454 5699//4454
f 5626//4454 5627//4454 5700//4454
f 5627//4454 5701//4454 5700//4454
f 5627//4454 5628//4454 5701//4454
f 5628//4454 5702//4454 5701//4454
f 5628//4454 5629//4454 5702//4454
f 5629//4454 5703//4454 5702//4454
f 5629//4454 5630//4454 5703//4454
f 5630//4454 5704//4454 5703//4454
f 5630//4454 5631//4454 5704//4454
f 5631//4454 5705//4454 5704//4454
f 5631//4454 5632//4454 5705//4454
f 5632//4454 5706//4454 5705//4454
f 5632//4454 5633//4454 5706//4454
f 5633//4454 5707//4454 5706//4454
f 5633//4454 5634//4454 5707//4454
f 5634//4454 5708//4454 5707//4454
f 5634//4454 5635//4454 5708//4454
f 5635//4454 5709//4454 5708//4454
f 5635//4454 5636//4454 5709//4454
f 5636//4454 5710//4454 5709//4454
f 5636//4454 5637//4454 5710//4454
f 5637//4454 5711//4454 5710//4454
f 5637//4454 5638//4454 5711//4454
f 5638//4454 5712//4454 5711//4454
f 5638//4454 5639//4454 5712//4454
f 5639//4454 5713//4454 5712//4454
f 5639//4454 5640//4454 5713//4454
f 5640//4454 5714//4454 5713//4454
f 5640//4454 5641//4454 5714//4454
f 5641//4454 5715//4454 5714//4454
f 5641//4454 5642//4454 5715//4454
f 5642//4454 5716//4454 5715//4454
f 5642//4454 5643//4454 5716//4454
f 5643//4454 5717//4454 5716//4454
f 5643//4454 5644//4454 5717//4454
f 5644//4454 5718//4454 5717//4454
f 5644//4454 5645//4454 5718//4454
f 5645//4454 5719//4454 5718//4454
f 5645//4454 5646//4454 5719//4454
f 5646//4454 5720//4454 5719//4454
f 5646//4454 5647//4454 5720//4454
f 5647//4454 5721//4454 5720//4454
f 5647//4454 5648//4454 5721//4454
f 5648//4454 5722//4454 5721//4454
f 5648//4454 5649//4454 5722//4454
f 5649//4454 5723//4454 5722//4454
f 5649//4454 5650//4454 5723//4454
f 5650//4454 5724//4454 5723//4454
f 5650//4454 5651//4454 5724//4454
f 5651//4454 5725//4454 5724//4454
f 5651//4454 5652//4454 5725//4454
f 5652//4454 5726//4454 5725//4454
f 5652//4454 5653//4454 5726//4454
f 5653//4454 5727//4454 5726//4454
f 5653//4454 5654//4454 5727//4454
f 5654//4454 5728//4454 5727//4454
f 5654//4454 5655//4454 5728//4454
f 5655//4454 5729//4454 5728//4454
f 5655//4454 5656//4454 5729//4454
f 5656//4454 5730//4454 5729//4454
f 5656//4454 5657//4454 5730//4454
f 5657//4454 5731//4454 5730//4454
f 5657//4454 5658//4454 5731//4454
f 5658//4454 5732//4454 5731//4454
f 5658//4454 5659//4454 5732//4454
f 5659//4454 5733//4454 5732//4454
f 5659//4454 5660//4454 5733//4454
f 5660//4454 5734//4454 5733//4454
f 5660//4454 5661//4454 5734//4454
f 5661//4454 5735//4454 5734//4454
f 5661//4454 5662//4454 5735//4454
f 5662//4454 5736//4454 5735//4454
f 5662//4454 5663//4454 5736//4454
f 5663//4454 5737//4454 5736//4454
f 5663//4454 5664//4454 5737//4454
f 5664//4454 5738//4454 5737//4454
f 5664//4454 5665//4454 5738//4454
f 5665//4454 5739//4454 5738//4454
f 5665//4454 5666//4454 5739//4454
f 5666//4454 5740//4454 5739//4454
f 5666//4454 5667//4454 5740//4454
f 5667//4454 5741//4454 5740//4454
f 5667//4454 5668//4454 5741//4454
f 5668//4454 5742//4454 5741//4454
f 5668//4454 5669//4454 5742//4454
f 5669//4454 5743//4454 5742//4454
f 5669//4454 5670//4454 5743//4454
f 5670//4454 5744//4454 5743//4454
f 5670//4454 5671//4454 5744//4454
f 5671//4454 5745//4454 5744//4454
f 5671//4454 5672//4454 5745//4454
f 5672//4454 5746//4454 5745//4454
f 5672//4454 5673//4454 5746//4454
f 5673//4454 5747//4454 5746//4454
f 5673//4454 5674//4454 5747//4454
f 5674//4454 5748//4454 5747//4454
f 5674//4454 5675//4454 5748//4454
f 5675//4454 5749//4454 5748//4454
f 5675//4454 5676//4454 5749//4454
f 5676//4454 5750//4454 5749//4454
f 5676//4454 5677//4454 5750//4454
f 5677//4454 5751//4454 5750//4454
f 5677//4454 5678//4454 5751//4454
f 5678//4454 5752//4454 5751//4454
f 5678//4454 5679//4454 5752//4454
f 5679//4454 5753//4454 5752//4454
f 5679//4454 5680//4454 5753//4454
f 5680//4454 5754//4454 5753//4454
f 5680//4454 5681//4454 5754//4454
f 5681//4454 5755//4454 5754//4454
f 5681//4454 5682//4454 5755//4454
f 5682//4454 5756//4454 5755//4454
f 5682//4454 5683//4454 5756//4454
f 5683//4454 5757//4454 5756//4454
f 5683//4454 5684//4454 5757//4454
f 5684//4454 5758//4454 5757//4454
f 5684//4454 5685//4454 5758//4454
f 5685//4454 5759//4454 5758//4454
f 5685//4454 5686//4454 5759//4454
f 5686//4454 5760//4454 5759//4454
f 5686//4454 5687//4454 5760//4454
f 5687//4454 5761//4454 5760//4454
f 5687//4454 5688//4454 5761//4454
f 5688//4454 5762//4454 5761//4454
f 5688//4454 5689//4454 5762//4454
f 5689//4454 5763//4454 5762//4454
f 5689//4454 5690//4454 5763//4454
f 5690//4454 5764//4454 5763//4454
f 5690//4454 5691//4454 5764//4454
f 5691//4454 5765//4454 5764//4454
f 5691//4454 5692//4454 5765//4454
f 5692//4454 5766//4454 5765//4454
f 5692//4454 5693//4454 5766//4454
f 5693//4454 5767//4454 5766//4454
f 5693//4454 5694//4454 5767//4454
f 5695//4454 5769//4454 5768//4454
f 5695//4454 5696//4454 5769//4454
f 5696//4454 5770//4454 5769//4454
f 5696//4454 5697//4454 5770//4454
f 5697//4454 5771//4454 5770//4454
f 5697//4454 5698//4454 5771//4454
f 5698//4454 5772//4454 5771//4454
f 5698//4454 5699//4454 5772//4454
f 5699//4454 5773//4454 5772//4454
f 5699//4454 5700//4454 5773//4454
f 5700//4454 5774//4454 5773//4454
f 5700//4454 5701//4454 5774//4454
f 5701//4454 5775//4454 5774//4454
f 5701//4454 5702//4454 5775//4454
f 5702//4454 5776//4454 5775//4454
f 5702//4454 5703//4454 5776//4454
f 5703//4454 5777//4454 5776//4454
f 5703//4454 5704//4454 5777//4454
f 5704//4454 5778//4454 5777//4454
f 5704//4454 5705//4454 5778//4454
f 5705//4454 5779//4454 5778//4454
f 5705//4454 5706//4454 5779//4454
f 5706//4454 5780//4454 5779//4454
f 5706//4454 5707//4454 5780//4454
f 5707//4454 5781//4454 5780//4454
f 5707//4454 5708//4454 5781//4454
f 5708//4454 5782//4454 5781//4454
f 5708//4454 5709//4454 5782//4454
f 5709//4454 5783//4454 5782//4454
f 5709//4454 5710//4454 5783//4454
f 5710//4454 5784//4454 5783//4454
f 5710//4454 5711//4454 5784//4454
f 5711//4454 5785//4454 5784//4454
f 5711//4454 5712//4454 5785//4454
f 5712//4454 5786//4454 5785//4454
f 5712//4454 5713//4454 5786//4454
f 5713//4454 5787//4454 5786//4454
f 5713//4454 5714//4454 5787//4454
f 5714//4454 5788//4454 5787//4454
f 5714//4454 5715//4454 5788//4454
f 5715//4454 5789//4454 5788//4454
f 5715//4454 5716//4454 5789//4454
f 5716//4454 5790//4454 5789//4454
f 5716//4454 5717//4454 5790//4454
f 5717//4454 5791//4454 5790//4454
f 5717//4454 5718//4454 5791//4454
f 5718//4454 5792//4454 5791//4454
f 5718//4454 5719//4454 5792//4454
f 5719//4454 5793//4454 5792//4454
f 5719//4454 5720//4454 5793//4454
f 5720//4454 5794//4454 5793//4454
f 5720//4454 5721//4454 5794//4454
f 5721//4454 5795//4454 5794//4454
f 5721//4454 5722//4454 5795//4454
f 5722//4454 5796//4454 5795//4454
f 5722//4454 5723//4454 5796//4454
f 5723//4454 5797//4454 5796//4454
f 5723//4454 5724//4454 5797//4454
f 5724//4454 5798//4454 5797//4454
f 5724//4454 5725//4454 5798//4454
f 5725//4454 5799//4454 5798//4454
f 5725//4454 5726//4454 5799//4454
f 5726//4454 5800//4454 5799//4454
f 5726//4454 5727//4454 5800//4454
f 5727//4454 5801//4454 5800//4454
f 5727//4454 5728//4454 5801//4454
f 5728//4454 5802//4454 5801//4454
f 5728//4454 5729//4454 5802//4454
f 5729//4454 5803//4454 5802//4454
f 5729//4454 5730//4454 5803//4454
f 5730//4454 5804//4454 5803//4454
f 5730//4454 5731//4454 5804//4454
f 5731//4454 5805//4454 5804//4454
f 5731//4454 5732//4454 5805//4454
f 5732//4454 5806//4454 5805//4454
f 5732//4454 5733//4454 5806//4454
f 5733//4454 5807//4454 5806//4454
f 5733//4454 5734//4454 5807//4454
f 5734//4454 5808//4454 5807//4454
f 5734//4454 5735//4454 5808//4454
f 5735//4454 5809//4454 5808//4454
f 5735//4454 5736//4454 5809//4454
f 5736//4454 5810//4454 5809//4454
f 5736//4454 5737//4454 5810//4454
f 5737//4454 5811//4454 5810//4454
f 5737//4454 5738//4454 5811//4454
f 5738//4454 5812//4454 5811//4454
f 5738//4454 5739//4454 5812//4454
f 5739//4454 5813//4454 5812//4454
f 5739//4454 5740//4454 5813//4454
f 5740//4454 5814//4454 5813//4454
f 5740//4454 5741//4454 5814//4454
f 5741//4454 5815//4454 5814//4454
f 5741//4454 5742//4454 5815//4454
f 5742//4454 5816//4454 5815//4454
f 5742//4454 5743//4454 5816//4454
f 5743//4454 5817//4454 5816//4454
f 5743//4454 5744//4454 5817//4454
f 5744//4454 5818//4454 5817//4454
f 5744//4454 5745//4454 5818//4454
f 5745//4454 5819//4454 5818//4454
f 5745//4454 5746//4454 5819//4454
f 5746//4454 5820//4454 5819//4454
f 5746//4454 5747//4454 5820//4454
f 5747//4454 5821//4454 5820//4454
f 5747//4454 5748//4454 5821//4454
f 5748//4454 5822//4454 5821//4454
f 5748//4454 5749//4454 5822//4454
f 5749//4454 5823//4454 5822//4454
f 5749//4454 5750//4454 5823//4454
f 5750//4454 5824//4454 5823//4454
f 5750//4454 5751//4454 5824//4454
f 5751//4454 5825//4454 5824//4454
f 5751//4454 5752//4454 5825//4454
f 5752//4454 5826//4454 5825//4454
f 5752//4454 5753//4454 5826//4454
f 5753//4454 5827//4454 5826//4454
f 5753//4454 5754//4454 5827//4454
f 5754//4454 5828//4454 5827//4454
f 5754//4454 5755//4454 5828//4454
f 5755//4454 5829//4454 5828//4454
f 5755//4454 5756//4454 5829//4454
f 5756//4454 5830//4454 5829//4454
f 5756//4454 5757//4454 5830//4454
f 5757//4454 5831//4454 5830//4454
f 5757//4454 5758//4454 5831//4454
f 5758//4454 5832//4454 5831//4454
f 5758//4454 5759//4454 5832//4454
f 5759//4454 5833//4454 5832//4454
f 5759//4454 5760//4454 5833//4454
f 5760//4454 5834//4454 5833//4454
f 5760//4454 5761//4454 5834//4454
f 5761//4454 5835//4454 5834//4454
f 5761//4454 5762//4454 5835//4454
f 5762//4454 5836//4454 5835//4454
f 5762//4454 5763//4454 5836//4454
f 5763//4454 5837//4454 5836//4454
f 5763//4454 5764//4454 5837//4454
f 5764//4454 5838//4454 5837//4454
f 5764//4454 5765//4454 5838//4454
f 5765//4454 5839//4454 5838//4454
f 5765//4454 5766//4454 5839//4454
f 5766//4454 5840//4454 5839//4454
f 5766//4454 5767//4454 5840//4454
f 5768//4454 5842//4454 5841//4454
f 5768//4454 5769//4454 5842//4454
f 5769//4454 5843//4454 5842//4454
f 5769//4454 5770//4454 5843//4454
f 5770//4454 5844//4454 5843//4454
f 5770//4454 5771//4454 5844//4454
f 5771//4454 5845//4454 5844//4454
f 5771//4454 5772//4454 5845//4454
f 5772//4454 5846//4454 5845//4454
f 5772//4454 5773//4454 5846//4454
f 5773//4454 5847//4454 5846//4454
f 5773//4454 5774//4454 5847//4454
f 5774//4454 5848//4454 5847//4454
f 5774//4454 5775//4454 5848//4454
f 5775//4454 5849//4454 5848//4454
f 5775//4454 5776//4454 5849//4454
f 5776//4454 5850//4454 5849//4454
f 5776//4454 5777//4454 5850//4454
f 5777//4454 5851//4454 5850//4454
f 5777//4454 5778//4454 5851//4454
f 5778//4454 5852//4454 5851//4454
f 5778//4454 5779//4454 5852//4454
f 5779//4454 5853//4454 5852//4454
f 5779//4454 5780//4454 5853//4454
f 5780//4454 5854//4454 5853//4454
f 5780//4454 5781//4454 5854//4454
f 5781//4454 5855//4454 5854//4454
f 5781//4454 5782//4454 5855//4454
f 5782//4454 5856//4454 5855//4454
f 5782//4454 5783//4454 5856//4454
f 5783//4454 5857//4454 5856//4454
f 5783//4454 5784//4454 5857//4454
f 5784//4454 5858//4454 5857//4454
f 5784//4454 5785//4454 5858//4454
f 5785//4454 5859//4454 5858//4454
f 5785//4454 5786//4454 5859//4454
f 5786//4454 5860//4454 5859//4454
f 5786//4454 5787//4454 5860//4454
f 5787//4454 5861//4454 5860//4454
f 5787//4454 5788//4454 5861//4454
f 5788//4454 5862//4454 5861//4454
f 5788//4454 5789//4454 5862//4454
f 5789//4454 5863//4454 5862//4454
f 5789//4454 5790//4454 5863//4454
f 5790//4454 5864//4454 5863//4454
f 5790//4454 5791//4454 5864//4454
f 5791//4454 5865//4454 5864//4454
f 5791//4454 5792//4454 5865//4454
f 5792//4454 5866//4454 5865//4454
f 5792//4454 5793//4454 5866//4454
f 5793//4454 5867//4454 5866//4454
f 5793//4454 5794//4454 5867//4454
f 5794//4454 5868//4454 5867//4454
f 5794//4454 5795//4454 5868//4454
f 5795//4454 5869//4454 5868//4454
f 5795//4454 5796//4454 5869//4454
f 5796//4454 5870//4454 5869//4454
f 5796//4454 5797//4454 5870//4454
f 5797//4454 5871//4454 5870//4454
f 5797//4454 5798//4454 5871//4454
f 5798//4454 5872//4454 5871//4454
f 5798//4454 5799//4454 5872//4454
f 5799//4454 5873//4454 5872//4454
f 5799//4454 5800//4454 5873//4454
f 5800//4454 5874//4454 5873//4454
f 5800//4454 5801//4454 5874//4454
f 5801//4454 5875//4454 5874//4454
f 5801//4454 5802//4454 5875//4454
f 5802//4454 5876//4454 5875//4454
f 5802//4454 5803//4454 5876//4454
f 5803//4454 5877//4454 5876//4454
f 5803//4454 5804//4454 5877//4454
f 5804//4454 5878//4454 5877//4454
f 5804//4454 5805//4454 5878//4454
f 5805//4454 5879//4454 5878//4454
f 5805//4454 5806//4454 5879//4454
f 5806//4454 5880//4454 5879//4454
f 5806//4454 5807//4454 5880//4454
f 5807//4454 5881//4454 5880//4454
f 5807//4454 5808//4454 5881//4454
f 5808//4454 5882//4454 5881//4454
f 5808//4454 5809//4454 5882//4454
f 5809//4454 5883//4454 5882//4454
f 5809//4454 5810//4454 5883//4454
f 5810//4454 5884//4454 5883//4454
f 5810//4454 5811//4454 5884//4454
f 5811//4454 5885//4454 5884//4454
f 5811//4454 5812//4454 5885//4454
f 5812//4454 5886//4454 5885//4454
f 5812//4454 5813//4454 5886//4454
f 5813//4454 5887//4454 5886//4454
f 5813//4454 5814//4454 5887//4454
f 5814//4454 5888//4454 5887//4454
f 5814//4454 5815//4454 5888//4454
f 5815//4454 5889//4454 5888//4454
f 5815//4454 5816//4454 5889//4454
f 5816//4454 5890//4454 5889//4454
f 5816//4454 5817//4454 5890//4454
f 5817//4454 5891//4454 5890//4454
f 5817//4454 5818//4454 5891//4454
f 5818//4454 5892//4454 5891//4454
f 5818//4454 5819//4454 5892//4454
f 5819//4454 5893//4454 5892//4454
f 5819//4454 5820//4454 5893//4454
f 5820//4454 5894//4454 5893//4454
f 5820//4454 5821//4454 5894//4454
f 5821//4454 5895//4454 5894//4454
f 5821//4454 5822//4454 5895//4454
f 5822//4454 5896//4454 5895//4454
f 5822//4454 5823//4454 5896//4454
f 5823//4454 5897//4454 5896//4454
f 5823//4454 5824//4454 5897//4454
f 5824//4454 5898//4454 5897//4454
f 5824//4454 5825//4454 5898//4454
f 5825//4454 5899//4454 5898//4454
f 5825//4454 5826//4454 5899//4454
f 5826//4454 5900//4454 5899//4454
f 5826//4454 5827//4454 5900//4454
f 5827//4454 5901//4454 5900//4454
f 5827//4454 5828//4454 5901//4454
f 5828//4454 5902//4454 5901//4454
f 5828//4454 5829//4454 5902//4454
f 5829//4454 5903//4454 5902//4454
f 5829//4454 5830//4454 5903//4454
f 5830//4454 5904//4454 5903//4454
f 5830//4454 5831//4454 5904//4454
f 5831//4454 5905//4454 5904//4454
f 5831//4454 5832//4454 5905//4454
f 5832//4454 5906//4454 5905//4454
f 5832//4454 5833//4454 5906//4454
f 5833//4454 5907//4454 5906//4454
f 5833//4454 5834//4454 5907//4454
f 5834//4454 5908//4454 5907//4454
f 5834//4454 5835//4454 5908//4454
f 5835//4454 5909//4454 5908//4454
f 5835//4454 5836//4454 5909//4454
f 5836//4454 5910//4454 5909//4454
f 5836//4454 5837//4454 5910//4454
f 5837//4454 5911//4454 5910//4454
f 5837//4454 5838//4454 5911//4454
f 5838//4454 5912//4454 5911//4454
f 5838//4454 5839//4454 5912//4454
f 5839//4454 5913//4454 5912//4454
f 5839//4454 5840//4454 5913//4454
f 5841//4454 5915//4454 5914//4454
f 5841//4454 5842//4454 5915//4454
f 5842//4454 5916//4454 5915//4454
f 5842//4454 5843//4454 5916//4454
f 5843//4454 5917//4454 5916//4454
f 5843//4454 5844//4454 5917//4454
f 5844//4454 5918//4454 5917//4454
f 5844//4454 5845//4454 5918//4454
f 5845//4454 5919//4454 5918//4454
f 5845//4454 5846//4454 5919//4454
f 5846//4454 5920//4454 5919//4454
f 5846//4454 5847//4454 5920//4454
f 5847//4454 5921//4454 5920//4454
f 5847//4454 5848//4454 5921//4454
f 5848//4454 5922//4454 5921//4454
f 5848//4454 5849//4454 5922//4454
f 5849//4454 5923//4454 5922//4454
f 5849//4454 5850//4454 5923//4454
f 5850//4454 5924//4454 5923//4454
f 5850//4454 5851//4454 5924//4454
f 5851//4454 5925//4454 5924//4454
f 5851//4454 5852//4454 5925//4454
f 5852//4454 5926//4454 5925//4454
f 5852//4454 5853//4454 5926//4454
f 5853//4454 5927//4454 5926//4454
f 5853//4454 5854//4454 5927//4454
f 5854//4454 5928//4454 5927//4454
f 5854//4454 5855//4454 5928//4454
f 5855//4454 5929//4454 5928//4454
f 5855//4454 5856//4454 5929//4454
f 5856//4454 5930//4454 5929//4454
f 5856//4454 5857//4454 5930//4454
f 5857//4454 5931//4454 5930//4454
f 5857//4454 5858//4454 5931//4454
f 5858//4454 5932//4454 5931//4454
f 5858//4454 5859//4454 5932//4454
f 5859//4454 5933//4454 5932//4454
f 5859//4454 5860//4454 5933//4454
f 5860//4454 5934//4454 5933//4454
f 5860//4454 5861//4454 5934//4454
f 5861//4454 5935//4454 5934//4454
f 5861//4454 5862//4454 5935//4454
f 5862//4454 5936//4454 5935//4454
f 5862//4454 5863//4454 5936//4454
f 5863//4454 5937//4454 5936//4454
f 5863//4454 5864//4454 5937//4454
f 5864//4454 5938//4454 5937//4454
f 5864//4454 5865//4454 5938//4454
f 5865//4454 5939//4454 5938//4454
f 5865//4454 5866//4454 5939//4454
f 5866//4454 5940//4454 5939//4454
f 5866//4454 5867//4454 5940//4454
f 5867//4454 5941//4454 5940//4454
f 5867//4454 5868//4454 5941//4454
f 5868//4454 5942//4454 5941//4454
f 5868//4454 5869//4454 5942//4454
f 5869//4454 5943//4454 5942//4454
f 5869//4454 5870//4454 5943//4454
f 5870//4454 5944//4454 5943//4454
f 5870//4454 5871//4454 5944//4454
f 5871//4454 5945//4454 5944//4454
f 5871//4454 5872//4454 5945//4454
f 5872//4454 5946//4454 5945//4454
f 5872//4454 5873//4454 5946//4454
f 5873//4454 5947//4454 5946//4454
f 5873//4454 5874//4454 5947//4454
f 5874//4454 5948//4454 5947//4454
f 5874//4454 5875//4454 5948//4454
f 5875//4454 5949//4454 5948//4454
f 5875//4454 5876//4454 5949//4454
f 5876//4454 5950//4454 5949//4454
f 5876//4454 5877//4454 5950//4454
f 5877//4454 5951//4454 5950//4454
f 5877//4454 5878//4454 5951//4454
f 5878//4454 5952//4454 5951//4454
f 5878//4454 5879//4454 5952//4454
f 5879//4454 5953//4454 5952//4454
f 5879//4454 5880//4454 5953//4454
f 5880//4454 5954//4454 5953//4454
f 5880//4454 5881//4454 5954//4454
f 5881//4454 5955//4454 5954//4454
f 5881//4454 5882//4454 5955//4454
f 5882//4454 5956//4454 5955//4454
f 5882//4454 5883//4454 5956//4454
f 5883//4454 5957//4454 5956//4454
f 5883//4454 5884//4454 5957//4454
f 5884//4454 5958//4454 5957//4454
f 5884//4454 5885//4454 5958//4454
f 5885//4454 5959//4454 5958//4454
f 5885//4454 5886//4454 5959//4454
f 5886//4454 5960//4454 5959//4454
f 5886//4454 5887//4454 5960//4454
f 5887//4454 5961//4454 5960//4454
f 5887//4454 5888//4454 5961//4454
f 5888//4454 5962//4454 5961//4454
f 5888//4454 5889//4454 5962//4454
f 5889//4454 5963//4454 5962//4454
f 5889//4454 5890//4454 5963//4454
f 5890//4454 5964//4454 5963//4454
f 5890//4454 5891//4454 5964//4454
f 5891//4454 5965//4454 5964//4454
f 5891//4454 5892//4454 5965//4454
f 5892//4454 5966//4454 5965//4454
f 5892//4454 5893//4454 5966//4454
f 5893//4454 5967//4454 5966//4454
f 5893//4454 5894//4454 5967//4454
f 5894//4454 5968//4454 5967//4454
f 5894//4454 5895//4454 5968//4454
f 5895//4454 5969//4454 5968//4454
f 5895//4454 5896//4454 5969//4454
f 5896//4454 5970//4454 5969//4454
f 5896//4454 5897//4454 5970//4454
f 5897//4454 5971//4454 5970//4454
f 5897//4454 5898//4454 5971//4454
f 5898//4454 5972//4454 5971//4454
f 5898//4454 5899//4454 5972//4454
f 5899//4454 5973//4454 5972//4454
f 5899//4454 5900//4454 5973//4454
f 5900//4454 5974//4454 5973//4454
f 5900//4454 5901//4454 5974//4454
f 5901//4454 5975//4454 5974//4454
f 5901//4454 5902//4454 5975//4454
f 5902//4454 5976//4454 5975//4454
f 5902//4454 5903//4454 5976//4454
f 5903//4454 5977//4454 5976//4454
f 5903//4454 5904//4454 5977//4454
f 5904//4454 5978//4454 5977//4454
f 5904//4454 5905//4454 5978//4454
f 5905//4454 5979//4454 5978//4454
f 5905//4454 5906//4454 5979//4454
f 5906//4454 5980//4454 5979//4454
f 5906//4454 5907//4454 5980//4454
f 5907//4454 5981//4454 5980//4454
f 5907//4454 5908//4454 5981//4454
f 5908//4454 5982//4454 5981//4454
f 5908//4454 5909//4454 5982//4454
f 5909//4454 5983//4454 5982//4454
f 5909//4454 5910//4454 5983//4454
f 5910//4454 5984//4454 5983//4454
f 5910//4454 5911//4454 5984//4454
f 5911//4454 5985//4454 5984//4454
f 5911//4454 5912//4454 5985//4454
f 5912//4454 5986//4454 5985//4454
f 5912//4454 5913//4454 5986//4454
f 5914//4454 5988//4454 5987//4454
f 5914//4454 5915//4454 5988//4454
f 5915//4454 5989//4454 5988//4454
f 5915//4454 5916//4454 5989//4454
f 5916//4454 5990//4454 5989//4454
f 5916//4454 5917//4454 5990//4454
f 5917//4454 5991//4454 5990//4454
f 5917//4454 5918//4454 5991//4454
f 5918//4454 5992//4454 5991//4454
f 5918//4454 5919//4454 5992//4454
f 5919//4454 5993//4454 5992//4454
f 5919//4454 5920//4454 5993//4454
f 5920//4454 5994//4454 5993//4454
f 5920//4454 5921//4454 5994//4454
f 5921//4454 5995//4454 5994//4454
f 5921//4454 5922//4454 5995//4454
f 5922//4454 5996//4454 5995//4454
f 5922//4454 5923//4454 5996//4454
f 5923//4454 5997//4454 5996//4454
f 5923//4454 5924//4454 5997//4454
f 5924//4454 5998//4454 5997//4454
f 5924//4454 5925//4454 5998//4454
f 5925//4454 5999//4454 5998//4454
f 5925//4454 5926//4454 5999//4454
f 5926//4454 6000//4454 5999//4454
f 5926//4454 5927//4454 6000//4454
f 5927//4454 6001//4454 6000//4454
f 5927//4454 5928//4454 6001//4454
f 5928//4454 6002//4454 6001//4454
f 5928//4454 5929//4454 6002//4454
f 5929//4454 6003//4454 6002//4454
f 5929//4454 5930//4454 6003//4454
f 5930//4454 6004//4454 6003//4454
f 5930//4454 5931//4454 6004//4454
f 5931//4454 6005//4454 6004//4454
f 5931//4454 5932//4454 6005//4454
f 5932//4454 6006//4454 6005//4454
f 5932//4454 5933//4454 6006//4454
f 5933//4454 6007//4454 6006//4454
f 5933//4454 5934//4454 6007//4454
f 5934//4454 6008//4454 6007//4454
f 5934//4454 5935//4454 6008//4454
f 5935//4454 6009//4454 6008//4454
f 5935//4454 5936//4454 6009//4454
f 5936//4454 6010//4454 6009//4454
f 5936//4454 5937//4454 6010//4454
f 5937//4454 6011//4454 6010//4454
f 5937//4454 5938//4454 6011//4454
f 5938//4454 6012//4454 6011//4454
f 5938//4454 5939//4454 6012//4454
f 5939//4454 6013//4454 6012//4454
f 5939//4454 5940//4454 6013//4454
f 5940//4454 6014//4454 6013//4454
f 5940//4454 5941//4454 6014//4454
f 5941//4454 6015//4454 6014//4454
f 5941//4454 5942//4454 6015//4454
f 5942//4454 6016//4454 6015//4454
f 5942//4454 5943//4454 6016//4454
f 5943//4454 6017//4454 6016//4454
f 5943//4454 5944//4454 6017//4454
f 5944//4454 6018//4454 6017//4454
f 5944//4454 5945//4454 6018//4454
f 5945//4454 6019//4454 6018//4454
f 5945//4454 5946//4454 6019//4454
f 5946//4454 6020//4454 6019//4454
f 5946//4454 5947//4454 6020//4454
f 5947//4454 6021//4454 6020//4454
f 5947//4454 5948//4454 6021//4454
f 5948//4454 6022//4454 6021//4454
f 5948//4454 5949//4454 6022//4454
f 5949//4454 6023//4454 6022//4454
f 5949//4454 5950//4454 6023//4454
f 5950//4454 6024//4454 6023//4454
f 5950//4454 5951//4454 6024//4454
f 5951//4454 6025//4454 6024//4454
f 5951//4454 5952//4454 6025//4454
f 5952//4454 6026//4454 6025//4454
f 5952//4454 5953//4454 6026//4454
f 5953//4454 6027//4454 6026//4454
f 5953//4454 5954//4454 6027//4454
f 5954//4454 6028//4454 6027//4454
f 5954//4454 5955//4454 6028//4454
f 5955//4454 6029//4454 6028//4454
f 5955//4454 5956//4454 6029//4454
f 5956//4454 6030//4454 6029//4454
f 5956//4454 5957//4454 6030//4454
f 5957//4454 6031//4454 6030//4454
f 5957//4454 5958//4454 6031//4454
f 5958//4454 6032//4454 6031//4454
f 5958//4454 5959//4454 6032//4454
f 5959//4454 6033//4454 6032//4454
f 5959//4454 5960//4454 6033//4454
f 5960//4454 6034//4454 6033//4454
f 5960//4454 5961//4454 6034//4454
f 5961//4454 6035//4454 6034//4454
f 5961//4454 5962//4454 6035//4454
f 5962//4454 6036//4454 6035//4454
f 5962//4454 5963//4454 6036//4454
f 5963//4454 6037//4454 6036//4454
f 5963//4454 5964//4454 6037//4454
f 5964//4454 6038//4454 6037//4454
f 5964//4454 5965//4454 6038//4454
f 5965//4454 6039//4454 6038//4454
f 5965//4454 5966//4454 6039//4454
f 5966//4454 6040//4454 6039//4454
f 5966//4454 5967//4454 6040//4454
f 5967//4454 6041//4454 6040//4454
f 5967//4454 5968//4454 6041//4454
f 5968//4454 6042//4454 6041//4454
f 5968//4454 5969//4454 6042//4454
f 5969//4454 6043//4454 6042//4454
f 5969//4454 5970//4454 6043//4454
f 5970//4454 6044//4454 6043//4454
f 5970//4454 5971//4454 6044//4454
f 5971//4454 6045//4454 6044//4454
f 5971//4454 5972//4454 6045//4454
f 5972//4454 6046//4454 6045//4454
f 5972//4454 5973//4454 6046//4454
f 5973//4454 6047//4454 6046//4454
f 5973//4454 5974//4454 6047//4454
f 5974//4454 6048//4454 6047//4454
f 5974//4454 5975//4454 6048//4454
f 5975//4454 6049//4454 6048//4454
f 5975//4454 5976//4454 6049//4454
f 5976//4454 6050//4454 6049//4454
f 5976//4454 5977//4454 6050//4454
f 5977//4454 6051//4454 6050//4454
f 5977//4454 5978//4454 6051//4454
f 5978//4454 6052//4454 6051//4454
f 5978//4454 5979//4454 6052//4454
f 5979//4454 6053//4454 6052//4454
f 5979//4454 5980//4454 6053//4454
f 5980//4454 6054//4454 6053//4454
f 5980//4454 5981//4454 6054//4454
f 5981//4454 6055//4454 6054//4454
f 5981//4454 5982//4454 6055//4454
f 5982//4454 6056//4454 6055//4454
f 5982//4454 5983//4454 6056//4454
f 5983//4454 6057//4454 6056//4454
f 5983//4454 5984//4454 6057//4454
f 5984//4454 6058//4454 6057//4454
f 5984//4454 5985//4454 6058//4454
f 5985//4454 6059//4454 6058//4454
f 5985//4454 5986//4454 6059//4454
f 5987//4454 6061//4454 6060//4454
f 5987//4454 5988//4454 6061//4454
f 5988//4454 6062//4454 6061//4454
f 5988//4454 5989//4454 6062//4454
f 5989//4454 6063//4454 6062//4454
f 5989//4454 5990//4454 6063//4454
f 5990//4454 6064//4454 6063//4454
f 5990//4454 5991//4454 6064//4454
f 5991//4454 6065//4454 6064//4454
f 5991//4454 5992//4454 6065//4454
f 5992//4454 6066//4454 6065//4454
f 5992//4454 5993//4454 6066//4454
f 5993//4454 6067//4454 6066//4454
f 5993//4454 5994//4454 6067//4454
f 5994//4454 6068//4454 6067//4454
f 5994//4454 5995//4454 6068//4454
f 5995//4454 6069//4454 6068//4454
f 5995//4454 5996//4454 6069//4454
f 5996//4454 6070//4454 6069//4454
f 5996//4454 5997//4454 6070//4454
f 5997//4454 6071//4454 6070//4454
f 5997//4454 5998//4454 6071//4454
f 5998//4454 6072//4454 6071//4454
f 5998//4454 5999//4454 6072//4454
f 5999//4454 6073//4454 6072//4454
f 5999//4454 6000//4454 6073//4454
f 6000//4454 6074//4454 6073//4454
f 6000//4454 6001//4454 6074//4454
f 6001//4454 6075//4454 6074//4454
f 6001//4454 6002//4454 6075//4454
f 6002//4454 6076//4454 6075//4454
f 6002//4454 6003//4454 6076//4454
f 6003//4454 6077//4454 6076//4454
f 6003//4454 6004//4454 6077//4454
f 6004//4454 6078//4454 6077//4454
f 6004//4454 6005//4454 6078//4454
f 6005//4454 6079//4454 6078//4454
f 6005//4454 6006//4454 6079//4454
f 6006//4454 6080//4454 6079//4454
f 6006//4454 6007//4454 6080//4454
f 6007//4454 6081//4454 6080//4454
f 6007//4454 6008//4454 6081//4454
f 6008//4454 6082//4454 6081//4454
f 6008//4454 6009//4454 6082//4454
f 6009//4454 6083//4454 6082//4454
f 6009//4454 6010//4454 6083//4454
f 6010//4454 6084//4454 6083//4454
f 6010//4454 6011//4454 6084//4454
f 6011//4454 6085//4454 6084//4454
f 6011//4454 6012//4454 6085//4454
f 6012//4454 6086//4454 6085//4454
f 6012//4454 6013//4454 6086//4454
f 6013//4454 6087//4454 6086//4454
f 6013//4454 6014//4454 6087//4454
f 6014//4454 6088//4454 6087//4454
f 6014//4454 6015//4454 6088//4454
f 6015//4454 6089//4454 6088//4454
f 6015//4454 6016//4454 6089//4454
f 6016//4454 6090//4454 6089//4454
f 6016//4454 6017//4454 6090//4454
f 6017//4454 6091//4454 6090//4454
f 6017//4454 6018//4454 6091//4454
f 6018//4454 6092//4454 6091//4454
f 6018//4454 6019//4454 6092//4454
f 6019//4454 6093//4454 6092//4454
f 6019//4454 6020//4454 6093//4454
f 6020//4454 6094//4454 6093//4454
f 6020//4454 6021//4454 6094//4454
f 6021//4454 6095//4454 6094//4454
f 6021//4454 6022//4454 6095//4454
f 6022//4454 6096//4454 6095//4454
f 6022//4454 6023//4454 6096//4454
f 6023//4454 6097//4454 6096//4454
f 6023//4454 6024//4454 6097//4454
f 6024//4454 6098//4454 6097//4454
f 6024//4454 6025//4454 6098//4454
f 6025//4454 6099//4454 6098//4454
f 6025//4454 6026//4454 6099//4454
f 6026//4454 6100//4454 6099//4454
f 6026//4454 6027//4454 6100//4454
f 6027//4454 6101//4454 6100//4454
f 6027//4454 6028//4454 6101//4454
f 6028//4454 6102//4454 6101//4454
f 6028//4454 6029//4454 6102//4454
f 6029//4454 6103//4454 6102//4454
f 6029//4454 6030//4454 6103//4454
f 6030//4454 6104//4454 6103//4454
f 6030//4454 6031//4454 6104//4454
f 6031//4454 6105//4454 6104//4454
f 6031//4454 6032//4454 6105//4454
f 6032//4454 6106//4454 6105//4454
f 6032//4454 6033//4454 6106//4454
f 6033//4454 6107//4454 6106//4454
f 6033//4454 6034//4454 6107//4454
f 6034//4454 6108//4454 6107//4454
f 6034//4454 6035//4454 6108//4454
f 6035//4454 6109//4454 6108//4454
f 6035//4454 6036//4454 6109//4454
f 6036//4454 6110//4454 6109//4454
f 6036//4454 6037//4454 6110//4454
f 6037//4454 6111//4454 6110//4454
f 6037//4454 6038//4454 6111//4454
f 6038//4454 6112//4454 6111//4454
f 6038//4454 6039//4454 6112//4454
f 6039//4454 6113//4454 6112//4454
f 6039//4454 6040//4454 6113//4454
f 6040//4454 6114//4454 6113//4454
f 6040//4454 6041//4454 6114//4454
f 6041//4454 6115//4454 6114//4454
f 6041//4454 6042//4454 6115//4454
f 6042//4454 6116//4454 6115//4454
f 6042//4454 6043//4454 6116//4454
f 6043//4454 6117//4454 6116//4454
f 6043//4454 6044//4454 6117//4454
f 6044//4454 6118//4454 6117//4454
f 6044//4454 6045//4454 6118//4454
f 6045//4454 6119//4454 6118//4454
f 6045//4454 6046//4454 6119//4454
f 6046//4454 6120//4454 6119//4454
f 6046//4454 6047//4454 6120//4454
f 6047//4454 6121//4454 6120//4454
f 6047//4454 6048//4454 6121//4454
f 6048//4454 6122//4454 6121//4454
f 6048//4454 6049//4454 6122//4454
f 6049//4454 6123//4454 6122//4454
f 6049//4454 6050//4454 6123//4454
f 6050//4454 6124//4454 6123//4454
f 6050//4454 6051//4454 6124//4454
f 6051//4454 6125//4454 6124//4454
f 6051//4454 6052//4454 6125//4454
f 6052//4454 6126//4454 6125//4454
f 6052//4454 6053//4454 6126//4454
f 6053//4454 6127//4454 6126//4454
f 6053//4454 6054//4454 6127//4454
f 6054//4454 6128//4454 6127//4454
f 6054//4454 6055//4454 6128//4454
f 6055//4454 6129//4454 6128//4454
f 6055//4454 6056//4454 6129//4454
f 6056//4454 6130//4454 6129//4454
f 6056//4454 6057//4454 6130//4454
f 6057//4454 6131//4454 6130//4454
f 6057//4454 6058//4454 6131//4454
f 6058//4454 6132//4454 6131//4454
f 6058//4454 6059//4454 6132//4454
f 6060//4454 6134//4454 6133//4454
f 6060//4454 6061//4454 6134//4454
f 6061//4454 6135//4454 6134//4454
f 6061//4454 6062//4454 6135//4454
f 6062//4454 6136//4454 6135//4454
f 6062//4454 6063//4454 6136//4454
f 6063//4454 6137//4454 6136//4454
f 6063//4454 6064//4454 6137//4454
f 6064//4454 6138//4454 6137//4454
f 6064//4454 6065//4454 6138//4454
f 6065//4454 6139//4454 6138//4454
f 6065//4454 6066//4454 6139//4454
f 6066//4454 6140//4454 6139//4454
f 6066//4454 6067//4454 6140//4454
f 6067//4454 6141//4454 6140//4454
f 6067//4454 6068//4454 6141//4454
f 6068//4454 6142//4454 6141//4454
f 6068//4454 6069//4454 6142//4454
f 6069//4454 6143//4454 6142//4454
f 6069//4454 6070//4454 6143//4454
f 6070//4454 6144//4454 6143//4454
f 6070//4454 6071//4454 6144//4454
f 6071//4454 6145//4454 6144//4454
f 6071//4454 6072//4454 6145//4454
f 6072//4454 6146//4454 6145//4454
f 6072//4454 6073//4454 6146//4454
f 6073//4454 6147//4454 6146//4454
f 6073//4454 6074//4454 6147//4454
f 6074//4454 6148//4454 6147//4454
f 6074//4454 6075//4454 6148//4454
f 6075//4454 6149//4454 6148//4454
f 6075//4454 6076//4454 6149//4454
f 6076//4454 6150//4454 6149//4454
f 6076//4454 6077//4454 6150//4454
f 6077//4454 6151//4454 6150//4454
f 6077//4454 6078//4454 6151//4454
f 6078//4454 6152//4454 6151//4454
f 6078//4454 6079//4454 6152//4454
f 6079//4454 6153//4454 6152//4454
f 6079//4454 6080//4454 6153//4454
f 6080//4454 6154//4454 6153//4454
f 6080//4454 6081//4454 6154//4454
f 6081//4454 6155//4454 6154//4454
f 6081//4454 6082//4454 6155//4454
f 6082//4454 6156//4454 6155//4454
f 6082//4454 6083//4454 6156//4454
f 6083//4454 6157//4454 6156//4454
f 6083//4454 6084//4454 6157//4454
f 6084//4454 6158//4454 6157//4454
f 6084//4454 6085//4454 6158//4454
f 6085//4454 6159//4454 6158//4454
f 6085//4454 6086//4454 6159//4454
f 6086//4454 6160//4454 6159//4454
f 6086//4454 6087//4454 6160//4454
f 6087//4454 6161//4454 6160//4454
f 6087//4454 6088//4454 6161//4454
f 6088//4454 6162//4454 6161//4454
f 6088//4454 6089//4454 6162//4454
f 6089//4454 6163//4454 6162//4454
f 6089//4454 6090//4454 6163//4454
f 6090//4454 6164//4454 6163//4454
f 6090//4454 6091//4454 6164//4454
f 6091//4454 6165//4454 6164//4454
f 6091//4454 6092//4454 6165//4454
f 6092//4454 6166//4454 6165//4454
f 6092//4454 6093//4454 6166//4454
f 6093//4454 6167//4454 6166//4454
f 6093//4454 6094//4454 6167//4454
f 6094//4454 6168//4454 6167//4454
f 6094//4454 6095//4454 6168//4454
f 6095//4454 6169//4454 6168//4454
f 6095//4454 6096//4454 6169//4454
f 6096//4454 6170//4454 6169//4454
f 6096//4454 6097//4454 6170//4454
f 6097//4454 6171//4454 6170//4454
f 6097//4454 6098//4454 6171//4454
f 6098//4454 6172//4454 6171//4454
f 6098//4454 6099//4454 6172//4454
f 6099//4454 6173//4454 6172//4454
f 6099//4454 6100//4454 6173//4454
f 6100//4454 6174//4454 6173//4454
f 6100//4454 6101//4454 6174//4454
f 6101//4454 6175//4454 6174//4454
f 6101//4454 6102//4454 6175//4454
f 6102//4454 6176//4454 6175//4454
f 6102//4454 6103//4454 6176//4454
f 6103//4454 6177//4454 6176//4454
f 6103//4454 6104//4454 6177//4454
f 6104//4454 6178//4454 6177//4454
f 6104//4454 6105//4454 6178//4454
f 6105//4454 6179//4454 6178//4454
f 6105//4454 6106//4454 6179//4454
f 6106//4454 6180//4454 6179//4454
f 6106//4454 6107//4454 6180//4454
f 6107//4454 6181//4454 6180//4454
f 6107//4454 6108//4454 6181//4454
f 6108//4454 6182//4454 6181//4454
f 6108//4454 6109//4454 6182//4454
f 6109//4454 6183//4454 6182//4454
f 6109//4454 6110//4454 6183//4454
f 6110//4454 6184//4454 6183//4454
f 6110//4454 6111//4454 6184//4454
f 6111//4454 6185//4454 6184//4454
f 6111//4454 6112//4454 6185//4454
f 6112//4454 6186//4454 6185//4454
f 6112//4454 6113//4454 6186//4454
f 6113//4454 6187//4454 6186//4454
f 6113//4454 6114//4454 6187//4454
f 6114//4454 6188//4454 6187//4454
f 6114//4454 6115//4454 6188//4454
f 6115//4454 6189//4454 6188//4454
f 6115//4454 6116//4454 6189//4454
f 6116//4454 6190//4454 6189//4454
f 6116//4454 6117//4454 6190//4454
f 6117//4454 6191//4454 6190//4454
f 6117//4454 6118//4454 6191//4454
f 6118//4454 6192//4454 6191//4454
f 6118//4454 6119//4454 6192//4454
f 6119//4454 6193//4454 6192//4454
f 6119//4454 6120//4454 6193//4454
f 6120//4454 6194//4454 6193//4454
f 6120//4454 6121//4454 6194//4454
f 6121//4454 6195//4454 6194//4454
f 6121//4454 6122//4454 6195//4454
f 6122//4454 6196//4454 6195//4454
f 6122//4454 6123//4454 6196//4454
f 6123//4454 6197//4454 6196//4454
f 6123//4454 6124//4454 6197//4454
f 6124//4454 6198//4454 6197//4454
f 6124//4454 6125//4454 6198//4454
f 6125//4454 6199//4454 6198//4454
f 6125//4454 6126//4454 6199//4454
f 6126//4454 6200//4454 6199//4454
f 6126//4454 6127//4454 6200//4454
f 6127//4454 6201//4454 6200//4454
f 6127//4454 6128//4454 6201//4454
f 6128//4454 6202//4454 6201//4454
f 6128//4454 6129//4454 6202//4454
f 6129//4454 6203//4454 6202//4454
f 6129//4454 6130//4454 6203//4454
f 6130//4454 6204//4454 6203//4454
f 6130//4454 6131//4454 6204//4454
f 6131//4454 6205//4454 6204//4454
f 6131//4454 6132//4454 6205//4454
f 6133//4454 6207//4454 6206//4454
f 6133//4454 6134//4454 6207//4454
f 6134//4454 6208//4454 6207//4454
f 6134//4454 6135//4454 6208//4454
f 6135//4454 6209//4454 6208//4454
f 6135//4454 6136//4454 6209//4454
f 6136//4454 6210//4454 6209//4454
f 6136//4454 6137//4454 6210//4454
f 6137//4454 6211//4454 6210//4454
f 6137//4454 6138//4454 6211//4454
f 6138//4454 6212//4454 6211//4454
f 6138//4454 6139//4454 6212//4454
f 6139//4454 6213//4454 6212//4454
f 6139//4454 6140//4454 6213//4454
f 6140//4454 6214//4454 6213//4454
f 6140//4454 6141//4454 6214//4454
f 6141//4454 6215//4454 6214//4454
f 6141//4454 6142//4454 6215//4454
f 6142//4454 6216//4454 6215//4454
f 6142//4454 6143//4454 6216//4454
f 6143//4454 6217//4454 6216//4454
f 6143//4454 6144//4454 6217//4454
f 6144//4454 6218//4454 6217//4454
f 6144//4454 6145//4454 6218//4454
f 6145//4454 6219//4454 6218//4454
f 6145//4454 6146//4454 6219//4454
f 6146//4454 6220//4454 6219//4454
f 6146//4454 6147//4454 6220//4454
f 6147//4454 6221//4454 6220//4454
f 6147//4454 6148//4454 6221//4454
f 6148//4454 6222//4454 6221//4454
f 6148//4454 6149//4454 6222//4454
f 6149//4454 6223//4454 6222//4454
f 6149//4454 6150//4454 6223//4454
f 6150//4454 6224//4454 6223//4454
f 6150//4454 6151//4454 6224//4454
f 6151//4454 6225//4454 6224//4454
f 6151//4454 6152//4454 6225//4454
f 6152//4454 6226//4454 6225//4454
f 6152//4454 6153//4454 6226//4454
f 6153//4454 6227//4454 6226//4454
f 6153//4454 6154//4454 6227//4454
f 6154//4454 6228//4454 6227//4454
f 6154//4454 6155//4454 6228//4454
f 6155//4454 6229//4454 6228//4454
f 6155//4454 6156//4454 6229//4454
f 6156//4454 6230//4454 6229//4454
f 6156//4454 6157//4454 6230//4454
f 6157//4454 6231//4454 6230//4454
f 6157//4454 6158//4454 6231//4454
f 6158//4454 6232//4454 6231//4454
f 6158//4454 6159//4454 6232//4454
f 6159//4454 6233//4454 6232//4454
f 6159//4454 6160//4454 6233//4454
f 6160//4454 6234//4454 6233//4454
f 6160//4454 6161//4454 6234//4454
f 6161//4454 6235//4454 6234//4454
f 6161//4454 6162//4454 6235//4454
f 6162//4454 6236//4454 6235//4454
f 6162//4454 6163//4454 6236//4454
f 6163//4454 6237//4454 6236//4454
f 6163//4454 6164//4454 6237//4454
f 6164//4454 6238//4454 6237//4454
f 6164//4454 6165//4454 6238//4454
f 6165//4454 6239//4454 6238//4454
f 6165//4454 6166//4454 6239//4454
f 6166//4454 6240//4454 6239//4454
f 6166//4454 6167//4454 6240//4454
f 6167//4454 6241//4454 6240//4454
f 6167//4454 6168//4454 6241//4454
f 6168//4454 6242//4454 6241//4454
f 6168//4454 6169//4454 6242//4454
f 6169//4454 6243//4454 6242//4454
f 6169//4454 6170//4454 6243//4454
f 6170//4454 6244//4454 6243//4454
f 6170//4454 6171//4454 6244//4454
f 6171//4454 6245//4454 6244//4454
f 6171//4454 6172//4454 6245//4454
f 6172//4454 6246//4454 6245//4454
f 6172//4454 6173//4454 6246//4454
f 6173//4454 6247//4454 6246//4454
f 6173//4454 6174//4454 6247//4454
f 6174//4454 6248//4454 6247//4454
f 6174//4454 6175//4454 6248//4454
f 6175//4454 6249//4454 6248//4454
f 6175//4454 6176//4454 6249//4454
f 6176//4454 6250//4454 6249//4454
f 6176//4454 6177//4454 6250//4454
f 6177//4454 6251//4454 6250//4454
f 6177//4454 6178//4454 6251//4454
f 6178//4454 6252//4454 6251//4454
f 6178//4454 6179//4454 6252//4454
f 6179//4454 6253//4454 6252//4454
f 6179//4454 6180//4454 6253//4454
f 6180//4454 6254//4454 6253//4454
f 6180//4454 6181//4454 6254//4454
f 6181//4454 6255//4454 6254//4454
f 6181//4454 6182//4454 6255//4454
f 6182//4454 6256//4454 6255//4454
f 6182//4454 6183//4454 6256//4454
f 6183//4454 6257//4454 6256//4454
f 6183//4454 6184//4454 6257//4454
f 6184//4454 6258//4454 6257//4454
f 6184//4454 6185//4454 6258//4454
f 6185//4454 6259//4454 6258//4454
f 6185//4454 6186//4454 6259//4454
f 6186//4454 6260//4454 6259//4454
f 6186//4454 6187//4454 6260//4454
f 6187//4454 6261//4454 6260//4454
f 6187//4454 6188//4454 6261//4454
f 6188//4454 6262//4454 6261//4454
f 6188//4454 6189//4454 6262//4454
f 6189//4454 6263//4454 6262//4454
f 6189//4454 6190//4454 6263//4454
f 6190//4454 6264//4454 6263//4454
f 6190//4454 6191//4454 6264//4454
f 6191//4454 6265//4454 6264//4454
f 6191//4454 6192//4454 6265//4454
f 6192//4454 6266//4454 6265//4454
f 6192//4454 6193//4454 6266//4454
f 6193//4454 6267//4454 6266//4454
f 6193//4454 6194//4454 6267//4454
f 6194//4454 6268//4454 6267//4454
f 6194//4454 6195//4454 6268//4454
f 6195//4454 6269//4454 6268//4454
f 6195//4454 6196//4454 6269//4454
f 6196//4454 6270//4454 6269//4454
f 6196//4454 6197//4454 6270//4454
f 6197//4454 6271//4454 6270//4454
f 6197//4454 6198//4454 6271//4454
f 6198//4454 6272//4454 6271//4454
f 6198//4454 6199//4454 6272//4454
f 6199//4454 6273//4454 6272//4454
f 6199//4454 6200//4454 6273//4454
f 6200//4454 6274//4454 6273//4454
f 6200//4454 6201//4454 6274//4454
f 6201//4454 6275//4454 6274//4454
f 6201//4454 6202//4454 6275//4454
f 6202//4454 6276//4454 6275//4454
f 6202//4454 6203//4454 6276//4454
f 6203//4454 6277//4454 6276//4454
f 6203//4454 6204//4454 6277//4454
f 6204//4454 6278//4454 6277//4454
f 6204//4454 6205//4454 6278//4454
f 6206//4454 6280//4454 6279//4454
f 6206//4454 6207//4454 6280//4454
f 6207//4454 6281//4454 6280//4454
f 6207//4454 6208//4454 6281//4454
f 6208//4454 6282//4454 6281//4454
f 6208//4454 6209//4454 6282//4454
f 6209//4454 6283//4454 6282//4454
f 6209//4454 6210//4454 6283//4454
f 6210//4454 6284//4454 6283//4454
f 6210//4454 6211//4454 6284//4454
f 6211//4454 6285//4454 6284//4454
f 6211//4454 6212//4454 6285//4454
f 6212//4454 6286//4454 6285//4454
f 6212//4454 6213//4454 6286//4454
f 6213//4454 6287//4454 6286//4454
f 6213//4454 6214//4454 6287//4454
f 6214//4454 6288//4454 6287//4454
f 6214//4454 6215//4454 6288//4454
f 6215//4454 6289//4454 6288//4454
f 6215//4454 6216//4454 6289//4454
f 6216//4454 6290//4454 6289//4454
f 6216//4454 6217//4454 6290//4454
f 6217//4454 6291//4454 6290//4454
f 6217//4454 6218//4454 6291//4454
f 6218//4454 6292//4454 6291//4454
f 6218//4454 6219//4454 6292//4454
f 6219//4454 6293//4454 6292//4454
f 6219//4454 6220//4454 6293//4454
f 6220//4454 6294//4454 6293//4454
f 6220//4454 6221//4454 6294//4454
f 6221//4454 6295//4454 6294//4454
f 6221//4454 6222//4454 6295//4454
f 6222//4454 6296//4454 6295//4454
f 6222//4454 6223//4454 6296//4454
f 6223//4454 6297//4454 6296//4454
f 6223//4454 6224//4454 6297//4454
f 6224//4454 6298//4454 6297//4454
f 6224//4454 6225//4454 6298//4454
f 6225//4454 6299//4454 6298//4454
f 6225//4454 6226//4454 6299//4454
f 6226//4454 6300//4454 6299//4454
f 6226//4454 6227//4454 6300//4454
f 6227//4454 6301//4454 6300//4454
f 6227//4454 6228//4454 6301//4454
f 6228//4454 6302//4454 6301//4454
f 6228//4454 6229//4454 6302//4454
f 6229//4454 6303//4454 6302//4454
f 6229//4454 6230//4454 6303//4454
f 6230//4454 6304//4454 6303//4454
f 6230//4454 6231//4454 6304//4454
f 6231//4454 6305//4454 6304//4454
f 6231//4454 6232//4454 6305//4454
f 6232//4454 6306//4454 6305//4454
f 6232//4454 6233//4454 6306//4454
f 6233//4454 6307//4454 6306//4454
f 6233//4454 6234//4454 6307//4454
f 6234//4454 6308//4454 6307//4454
f 6234//4454 6235//4454 6308//4454
f 6235//4454 6309//4454 6308//4454
f 6235//4454 6236//4454 6309//4454
f 6236//4454 6310//4454 6309//4454
f 6236//4454 6237//4454 6310//4454
f 6237//4454 6311//4454 6310//4454
f 6237//4454 6238//4454 6311//4454
f 6238//4454 6312//4454 6311//4454
f 6238//4454 6239//4454 6312//4454
f 6239//4454 6313//4454 6312//4454
f 6239//4454 6240//4454 6313//4454
f 6240//4454 6314//4454 6313//4454
f 6240//4454 6241//4454 6314//4454
f 6241//4454 6315//4454 6314//4454
f 6241//4454 6242//4454 6315//4454
f 6242//4454 6316//4454 6315//4454
f 6242//4454 6243//4454 6316//4454
f 6243//4454 6317//4454 6316//4454
f 6243//4454 6244//4454 6317//4454
f 6244//4454 6318//4454 6317//4454
f 6244//4454 6245//4454 6318//4454
f 6245//4454 6319//4454 6318//4454
f 6245//4454 6246//4454 6319//4454
f 6246//4454 6320//4454 6319//4454
f 6246//4454 6247//4454 6320//4454
f 6247//4454 6321//4454 6320//4454
f 6247//4454 6248//4454 6321//4454
f 6248//4454 6322//4454 6321//4454
f 6248//4454 6249//4454 6322//4454
f 6249//4454 6323//4454 6322//4454
f 6249//4454 6250//4454 6323//4454
f 6250//4454 6324//4454 6323//4454
f 6250//4454 6251//4454 6324//4454
f 6251//4454 6325//4454 6324//4454
f 6251//4454 6252//4454 6325//4454
f 6252//4454 6326//4454 6325//4454
f 6252//4454 6253//4454 6326//4454
f 6253//4454 6327//4454 6326//4454
f 6253//4454 6254//4454 6327//4454
f 6254//4454 6328//4454 6327//4454
f 6254//4454 6255//4454 6328//4454
f 6255//4454 6329//4454 6328//4454
f 6255//4454 6256//4454 6329//4454
f 6256//4454 6330//4454 6329//4454
f 6256//4454 6257//4454 6330//4454
f 6257//4454 6331//4454 6330//4454
f 6257//4454 6258//4454 6331//4454
f 6258//4454 6332//4454 6331//4454
f 6258//4454 6259//4454 6332//4454
f 6259//4454 6333//4454 6332//4454
f 6259//4454 6260//4454 6333//4454
f 6260//4454 6334//4454 6333//4454
f 6260//4454 6261//4454 6334//4454
f 6261//4454 6335//4454 6334//4454
f 6261//4454 6262//4454 6335//4454
f 6262//4454 6336//4454 6335//4454
f 6262//4454 6263//4454 6336//4454
f 6263//4454 6337//4454 6336//4454
f 6263//4454 6264//4454 6337//4454
f 6264//4454 6338//4454 6337//4454
f 6264//4454 6265//4454 6338//4454
f 6265//4454 6339//4454 6338//4454
f 6265//4454 6266//4454 6339//4454
f 6266//4454 6340//4454 6339//4454
f 6266//4454 6267//4454 6340//4454
f 6267//4454 6341//4454 6340//4454
f 6267//4454 6268//4454 6341//4454
f 6268//4454 6342//4454 6341//4454
f 6268//4454 6269//4454 6342//4454
f 6269//4454 6343//4454 6342//4454
f 6269//4454 6270//4454 6343//4454
f 6270//4454 6344//4454 6343//4454
f 6270//4454 6271//4454 6344//4454
f 6271//4454 6345//4454 6344//4454
f 6271//4454 6272//4454 6345//4454
f 6272//4454 6346//4454 6345//4454
f 6272//4454 6273//4454 6346//4454
f 6273//4454 6347//4454 6346//4454
f 6273//4454 6274//4454 6347//4454
f 6274//4454 6348//4454 6347//4454
f 6274//4454 6275//4454 6348//4454
f 6275//4454 6349//4454 6348//4454
f 6275//4454 6276//4454 6349//4454
f 6276//4454 6350//4454 6349//4454
f 6276//4454 6277//4454 6350//4454
f 6277//4454 6351//4454 6350//4454
f 6277//4454 6278//4454 6351//4454
f 6279//4454 6353//4454 6352//4454
f 6279//4454 6280//4454 6353//4454
f 6280//4454 6354//4454 6353//4454
f 6280//4454 6281//4454 6354//4454
f 6281//4454 6355//4454 6354//4454
f 6281//4454 6282//4454 6355//4454
f 6282//4454 6356//4454 6355//4454
f 6282//4454 6283//4454 6356//4454
f 6283//4454 6357//4454 6356//4454
f 6283//4454 6284//4454 6357//4454
f 6284//4454 6358//4454 6357//4454
f 6284//4454 6285//4454 6358//4454
f 6285//4454 6359//4454 6358//4454
f 6285//4454 6286//4454 6359//4454
f 6286//4454 6360//4454 6359//4454
f 6286//4454 6287//4454 6360//4454
f 6287//4454 6361//4454 6360//4454
f 6287//4454 6288//4454 6361//4454
f 6288//4454 6362//4454 6361//4454
f 6288//4454 6289//4454 6362//4454
f 6289//4454 6363//4454 6362//4454
f 6289//4454 6290//4454 6363//4454
f 6290//4454 6364//4454 6363//4454
f 6290//4454 6291//4454 6364//4454
f 6291//4454 6365//4454 6364//4454
f 6291//4454 6292//4454 6365//4454
f 6292//4454 6366//4454 6365//4454
f 6292//4454 6293//4454 6366//4454
f 6293//4454 6367//4454 6366//4454
f 6293//4454 6294//4454 6367//4454
f 6294//4454 6368//4454 6367//4454
f 6294//4454 6295//4454 6368//4454
f 6295//4454 6369//4454 6368//4454
f 6295//4454 6296//4454 6369//4454
f 6296//4454 6370//4454 6369//4454
f 6296//4454 6297//4454 6370//4454
f 6297//4454 6371//4454 6370//4454
f 6297//4454 6298//4454 6371//4454
f 6298//4454 6372//4454 6371//4454
f 6298//4454 6299//4454 6372//4454
f 6299//4454 6373//4454 6372//4454
f 6299//4454 6300//4454 6373//4454
f 6300//4454 6374//4454 6373//4454
f 6300//4454 6301//4454 6374//4454
f 6301//4454 6375//4454 6374//4454
f 6301//4454 6302//4454 6375//4454
f 6302//4454 6376//4454 6375//4454
f 6302//4454 6303//4454 6376//4454
f 6303//4454 6377//4454 6376//4454
f 6303//4454 6304//4454 6377//4454
f 6304//4454 6378//4454 6377//4454
f 6304//4454 6305//4454 6378//4454
f 6305//4454 6379//4454 6378//4454
f 6305//4454 6306//4454 6379//4454
f 6306//4454 6380//4454 6379//4454
f 6306//4454 6307//4454 6380//4454
f 6307//4454 6381//4454 6380//4454
f 6307//4454 6308//4454 6381//4454
f 6308//4454 6382//4454 6381//4454
f 6308//4454 6309//4454 6382//4454
f 6309//4454 6383//4454 6382//4454
f 6309//4454 6310//4454 6383//4454
f 6310//4454 6384//4454 6383//4454
f 6310//4454 6311//4454 6384//4454
f 6311//4454 6385//4454 6384//4454
f 6311//4454 6312//4454 6385//4454
f 6312//4454 6386//4454 6385//4454
f 6312//4454 6313//4454 6386//4454
f 6313//4454 6387//4454 6386//4454
f 6313//4454 6314//4454 6387//4454
f 6314//4454 6388//4454 6387//4454
f 6314//4454 6315//4454 6388//4454
f 6315//4454 6389//4454 6388//4454
f 6315//4454 6316//4454 6389//4454
f 6316//4454 6390//4454 6389//4454
f 6316//4454 6317//4454 6390//4454
f 6317//4454 6391//4454 6390//4454
f 6317//4454 6318//4454 6391//4454
f 6318//4454 6392//4454 6391//4454
f 6318//4454 6319//4454 6392//4454
f 6319//4454 6393//4454 6392//4454
f 6319//4454 6320//4454 6393//4454
f 6320//4454 6394//4454 6393//4454
f 6320//4454 6321//4454 6394//4454
f 6321//4454 6395//4454 6394//4454
f 6321//4454 6322//4454 6395//4454
f 6322//4454 6396//4454 6395//4454
f 6322//4454 6323//4454 6396//4454
f 6323//4454 6397//4454 6396//4454
f 6323//4454 6324//4454 6397//4454
f 6324//4454 6398//4454 6397//4454
f 6324//4454 6325//4454 6398//4454
f 6325//4454 6399//4454 6398//4454
f 6325//4454 6326//4454 6399//4454
f 6326//4454 6400//4454 6399//4454
f 6326//4454 6327//4454 6400//4454
f 6327//4454 6401//4454 6400//4454
f 6327//4454 6328//4454 6401//4454
f 6328//4454 6402//4454 6401//4454
f 6328//4454 6329//4454 6402//4454
f 6329//4454 6403//4454 6402//4454
f 6329//4454 6330//4454 6403//4454
f 6330//4454 6404//4454 6403//4454
f 6330//4454 6331//4454 6404//4454
f 6331//4454 6405//4454 6404//4454
f 6331//4454 6332//4454 6405//4454
f 6332//4454 6406//4454 6405//4454
f 6332//4454 6333//4454 6406//4454
f 6333//4454 6407//4454 6406//4454
f 6333//4454 6334//4454 6407//4454
f 6334//4454 6408//4454 6407//4454
f 6334//4454 6335//4454 6408//4454
f 6335//4454 6409//4454 6408//4454
f 6335//4454 6336//4454 6409//4454
f 6336//4454 6410//4454 6409//4454
f 6336//4454 6337//4454 6410//4454
f 6337//4454 6411//4454 6410//4454
f 6337//4454 6338//4454 6411//4454
f 6338//4454 6412//4454 6411//4454
f 6338//4454 6339//4454 6412//4454
f 6339//4454 6413//4454 6412//4454
f 6339//4454 6340//4454 6413//4454
f 6340//4454 6414//4454 6413//4454
f 6340//4454 6341//4454 6414//4454
f 6341//4454 6415//4454 6414//4454
f 6341//4454 6342//4454 6415//4454
f 6342//4454 6416//4454 6415//4454
f 6342//4454 6343//4454 6416//4454
f 6343//4454 6417//4454 6416//4454
f 6343//4454 6344//4454 6417//4454
f 6344//4454 6418//4454 6417//4454
f 6344//4454 6345//4454 6418//4454
f 6345//4454 6419//4454 6418//4454
f 6345//4454 6346//4454 6419//4454
f 6346//4454 6420//4454 6419//4454
f 6346//4454 6347//4454 6420//4454
f 6347//4454 6421//4454 6420//4454
f 6347//4454 6348//4454 6421//4454
f 6348//4454 6422//4454 6421//4454
f 6348//4454 6349//4454 6422//4454
f 6349//4454 6423//4454 6422//4454
f 6349//4454 6350//4454 6423//4454
f 6350//4454 6424//4454 6423//4454
f 6350//4454 6351//4454 6424//4454
f 6352//4454 6426//4454 6425//4454
f 6352//4454 6353//4454 6426//4454
f 6353//4454 6427//4454 6426//4454
f 6353//4454 6354//4454 6427//4454
f 6354//4454 6428//4454 6427//4454
f 6354//4454 6355//4454 6428//4454
f 6355//4454 6429//4454 6428//4454
f 6355//4454 6356//4454 6429//4454
f 6356//4454 6430//4454 6429//4454
f 6356//4454 6357//4454 6430//4454
f 6357//4454 6431//4454 6430//4454
f 6357//4454 6358//4454 6431//4454
f 6358//4454 6432//4454 6431//4454
f 6358//4454 6359//4454 6432//4454
f 6359//4454 6433//4454 6432//4454
f 6359//4454 6360//4454 6433//4454
f 6360//4454 6434//4454 6433//4454
f 6360//4454 6361//4454 6434//4454
f 6361//4454 6435//4454 6434//4454
f 6361//4454 6362//4454 6435//4454
f 6362//4454 6436//4454 6435//4454
f 6362//4454 6363//4454 6436//4454
f 6363//4454 6437//4454 6436//4454
f 6363//4454 6364//4454 6437//4454
f 6364//4454 6438//4454 6437//4454
f 6364//4454 6365//4454 6438//4454
f 6365//4454 6439//4454 6438//4454
f 6365//4454 6366//4454 6439//4454
f 6366//4454 6440//4454 6439//4454
f 6366//4454 6367//4454 6440//4454
f 6367//4454 6441//4454 6440//4454
f 6367//4454 6368//4454 6441//4454
f 6368//4454 6442//4454 6441//4454
f 6368//4454 6369//4454 6442//4454
f 6369//4454 6443//4454 6442//4454
f 6369//4454 6370//4454 6443//4454
f 6370//4454 6444//4454 6443//4454
f 6370//4454 6371//4454 6444//4454
f 6371//4454 6445//4454 6444//4454
f 6371//4454 6372//4454 6445//4454
f 6372//4454 6446//4454 6445//4454
f 6372//4454 6373//4454 6446//4454
f 6373//4454 6447//4454 6446//4454
f 6373//4454 6374//4454 6447//4454
f 6374//4454 6448//4454 6447//4454
f 6374//4454 6375//4454 6448//4454
f 6375//4454 6449//4454 6448//4454
f 6375//4454 6376//4454 6449//4454
f 6376//4454 6450//4454 6449//4454
f 6376//4454 6377//4454 6450//4454
f 6377//4454 6451//4454 6450//4454
f 6377//4454 6378//4454 6451//4454
f 6378//4454 6452//4454 6451//4454
f 6378//4454 6379//4454 6452//4454
f 6379//4454 6453//4454 6452//4454
f 6379//4454 6380//4454 6453//4454
f 6380//4454 6454//4454 6453//4454
f 6380//4454 6381//4454 6454//4454
f 6381//4454 6455//4454 6454//4454
f 6381//4454 6382//4454 6455//4454
f 6382//4454 6456//4454 6455//4454
f 6382//4454 6383//4454 6456//4454
f 6383//4454 6457//4454 6456//4454
f 6383//4454 6384//4454 6457//4454
f 6384//4454 6458//4454 6457//4454
f 6384//4454 6385//4454 6458//4454
f 6385//4454 6459//4454 6458//4454
f 6385//4454 6386//4454 6459//4454
f 6386//4454 6460//4454 6459//4454
f 6386//4454 6387//4454 6460//4454
f 6387//4454 6461//4454 6460//4454
f 6387//4454 6388//4454 6461//4454
f 6388//4454 6462//4454 6461//4454
f 6388//4454 6389//4454 6462//4454
f 6389//4454 6463//4454 6462//4454
f 6389//4454 6390//4454 6463//4454
f 6390//4454 6464//4454 6463//4454
f 6390//4454 6391//4454 6464//4454
f 6391//4454 6465//4454 6464//4454
f 6391//4454 6392//4454 6465//4454
f 6392//4454 6466//4454 6465//4454
f 6392//4454 6393//4454 6466//4454
f 6393//4454 6467//4454 6466//4454
f 6393//4454 6394//4454 6467//4454
f 6394//4454 6468//4454 6467//4454
f 6394//4454 6395//4454 6468//4454
f 6395//4454 6469//4454 6468//4454
f 6395//4454 6396//4454 6469//4454
f 6396//4454 6470//4454 6469//4454
f 6396//4454 6397//4454 6470//4454
f 6397//4454 6471//4454 6470//4454
f 6397//4454 6398//4454 6471//4454
f 6398//4454 6472//4454 6471//4454
f 6398//4454 6399//4454 6472//4454
f 6399//4454 6473//4454 6472//4454
f 6399//4454 6400//4454 6473//4454
f 6400//4454 6474//4454 6473//4454
f 6400//4454 6401//4454 6474//4454
f 6401//4454 6475//4454 6474//4454
f 6401//4454 6402//4454 6475//4454
f 6402//4454 6476//4454 6475//4454
f 6402//4454 6403//4454 6476//4454
f 6403//4454 6477//4454 6476//4454
f 6403//4454 6404//4454 6477//4454
f 6404//4454 6478//4454 6477//4454
f 6404//4454 6405//4454 6478//4454
f 6405//4454 6479//4454 6478//4454
f 6405//4454 6406//4454 6479//4454
f 6406//4454 6480//4454 6479//4454
f 6406//4454 6407//4454 6480//4454
f 6407//4454 6481//4454 6480//4454
f 6407//4454 6408//4454 6481//4454
f 6408//4454 6482//4454 6481//4454
f 6408//4454 6409//4454 6482//4454
f 6409//4454 6483//4454 6482//4454
f 6409//4454 6410//4454 6483//4454
f 6410//4454 6484//4454 6483//4454
f 6410//4454 6411//4454 6484//4454
f 6411//4454 6485//4454 6484//4454
f 6411//4454 6412//4454 6485//4454
f 6412//4454 6486//4454 6485//4454
f 6412//4454 6413//4454 6486//4454
f 6413//4454 6487//4454 6486//4454
f 6413//4454 6414//4454 6487//4454
f 6414//4454 6488//4454 6487//4454
f 6414//4454 6415//4454 6488//4454
f 6415//4454 6489//4454 6488//4454
f 6415//4454 6416//4454 6489//4454
f 6416//4454 6490//4454 6489//4454
f 6416//4454 6417//4454 6490//4454
f 6417//4454 6491//4454 6490//4454
f 6417//4454 6418//4454 6491//4454
f 6418//4454 6492//4454 6491//4454
f 6418//4454 6419//4454 6492//4454
f 6419//4454 6493//4454 6492//4454
f 6419//4454 6420//4454 6493//4454
f 6420//4454 6494//4454 6493//4454
f 6420//4454 6421//4454 6494//4454
f 6421//4454 6495//4454 6494//4454
f 6421//4454 6422//4454 6495//4454
f 6422//4454 6496//4454 6495//4454
f 6422//4454 6423//4454 6496//4454
f 6423//4454 6497//4454 6496//4454
f 6423//4454 6424//4454 6497//4454
f 6425//4454 6499//4454 6498//4454
f 6425//4454 6426//4454 6499//4454
f 6426//4454 6500//4454 6499//4454
f 6426//4454 6427//4454 6500//4454
f 6427//4454 6501//4454 6500//4454
f 6427//4454 6428//4454 6501//4454
f 6428//4454 6502//4454 6501//4454
f 6428//4454 6429//4454 6502//4454
f 6429//4454 6503//4454 6502//4454
f 6429//4454 6430//4454 6503//4454
f 6430//4454 6504//4454 6503//4454
f 6430//4454 6431//4454 6504//4454
f 6431//4454 6505//4454 6504//4454
f 6431//4454 6432//4454 6505//4454
f 6432//4454 6506//4454 6505//4454
f 6432//4454 6433//4454 6506//4454
f 6433//4454 6507//4454 6506//4454
f 6433//4454 6434//4454 6507//4454
f 6434//4454 6508//4454 6507//4454
f 6434//4454 6435//4454 6508//4454
f 6435//4454 6509//4454 6508//4454
f 6435//4454 6436//4454 6509//4454
f 6436//4454 6510//4454 6509//4454
f 6436//4454 6437//4454 6510//4454
f 6437//4454 6511//4454 6510//4454
f 6437//4454 6438//4454 6511//4454
f 6438//4454 6512//4454 6511//4454
f 6438//4454 6439//4454 6512//4454
f 6439//4454 6513//4454 6512//4454
f 6439//4454 6440//4454 6513//4454
f 6440//4454 6514//4454 6513//4454
f 6440//4454 6441//4454 6514//4454
f 6441//4454 6515//4454 6514//4454
f 6441//4454 6442//4454 6515//4454
f 6442//4454 6516//4454 6515//4454
f 6442//4454 6443//4454 6516//4454
f 6443//4454 6517//4454 6516//4454
f 6443//4454 6444//4454 6517//4454
f 6444//4454 6518//4454 6517//4454
f 6444//4454 6445//4454 6518//4454
f 6445//4454 6519//4454 6518//4454
f 6445//4454 6446//4454 6519//4454
f 6446//4454 6520//4454 6519//4454
f 6446//4454 6447//4454 6520//4454
f 6447//4454 6521//4454 6520//4454
f 6447//4454 6448//4454 6521//4454
f 6448//4454 6522//4454 6521//4454
f 6448//4454 6449//4454 6522//4454
f 6449//4454 6523//4454 6522//4454
f 6449//4454 6450//4454 6523//4454
f 6450//4454 6524//4454 6523//4454
f 6450//4454 6451//4454 6524//4454
f 6451//4454 6525//4454 6524//4454
f 6451//4454 6452//4454 6525//4454
f 6452//4454 6526//4454 6525//4454
f 6452//4454 6453//4454 6526//4454
f 6453//4454 6527//4454 6526//4454
f 6453//4454 6454//4454 6527//4454
f 6454//4454 6528//4454 6527//4454
f 6454//4454 6455//4454 6528//4454
f 6455//4454 6529//4454 6528//4454
f 6455//4454 6456//4454 6529//4454
f 6456//4454 6530//4454 6529//4454
f 6456//4454 6457//4454 6530//4454
f 6457//4454 6531//4454 6530//4454
f 6457//4454 6458//4454 6531//4454
f 6458//4454 6532//4454 6531//4454
f 6458//4454 6459//4454 6532//4454
f 6459//4454 6533//4454 6532//4454
f 6459//4454 6460//4454 6533//4454
f 6460//4454 6534//4454 6533//4454
f 6460//4454 6461//4454 6534//4454
f 6461//4454 6535//4454 6534//4454
f 6461//4454 6462//4454 6535//4454
f 6462//4454 6536//4454 6535//4454
f 6462//4454 6463//4454 6536//4454
f 6463//4454 6537//4454 6536//4454
f 6463//4454 6464//4454 6537//4454
f 6464//4454 6538//4454 6537//4454
f 6464//4454 6465//4454 6538//4454
f 6465//4454 6539//4454 6538//4454
f 6465//4454 6466//4454 6539//4454
f 6466//4454 6540//4454 6539//4454
f 6466//4454 6467//4454 6540//4454
f 6467//4454 6541//4454 6540//4454
f 6467//4454 6468//4454 6541//4454
f 6468//4454 6542//4454 6541//4454
f 6468//4454 6469//4454 6542//4454
f 6469//4454 6543//4454 6542//4454
f 6469//4454 6470//4454 6543//4454
f 6470//4454 6544//4454 6543//4454
f 6470//4454 6471//4454 6544//4454
f 6471//4454 6545//4454 6544//4454
f 6471//4454 6472//4454 6545//4454
f 6472//4454 6546//4454 6545//4454
f 6472//4454 6473//4454 6546//4454
f 6473//4454 6547//4454 6546//4454
f 6473//4454 6474//4454 6547//4454
f 6474//4454 6548//4454 6547//4454
f 6474//4454 6475//4454 6548//4454
f 6475//4454 6549//4454 6548//4454
f 6475//4454 6476//4454 6549//4454
f 6476//4454 6550//4454 6549//4454
f 6476//4454 6477//4454 6550//4454
f 6477//4454 6551//4454 6550//4454
f 6477//4454 6478//4454 6551//4454
f 6478//4454 6552//4454 6551//4454
f 6478//4454 6479//4454 6552//4454
f 6479//4454 6553//4454 6552//4454
f 6479//4454 6480//4454 6553//4454
f 6480//4454 6554//4454 6553//4454
f 6480//4454 6481//4454 6554//4454
f 6481//4454 6555//4454 6554//4454
f 6481//4454 6482//4454 6555//4454
f 6482//4454 6556//4454 6555//4454
f 6482//4454 6483//4454 6556//4454
f 6483//4454 6557//4454 6556//4454
f 6483//4454 6484//4454 6557//4454
f 6484//4454 6558//4454 6557//4454
f 6484//4454 6485//4454 6558//4454
f 6485//4454 6559//4454 6558//4454
f 6485//4454 6486//4454 6559//4454
f 6486//4454 6560//4454 6559//4454
f 6486//4454 6487//4454 6560//4454
f 6487//4454 6561//4454 6560//4454
f 6487//4454 6488//4454 6561//4454
f 6488//4454 6562//4454 6561//4454
f 6488//4454 6489//4454 6562//4454
f 6489//4454 6563//4454 6562//4454
f 6489//4454 6490//4454 6563//4454
f 6490//4454 6564//4454 6563//4454
f 6490//4454 6491//4454 6564//4454
f 6491//4454 6565//4454 6564//4454
f 6491//4454 6492//4454 6565//4454
f 6492//4454 6566//4454 6565//4454
f 6492//4454 6493//4454 6566//4454
f 6493//4454 6567//4454 6566//4454
f 6493//4454 6494//4454 6567//4454
f 6494//4454 6568//4454 6567//4454
f 6494//4454 6495//4454 6568//4454
f 6495//4454 6569//4454 6568//4454
f 6495//4454 6496//4454 6569//4454
f 6496//4454 6570//4454 6569//4454
f 6496//4454 6497//4454 6570//4454
f 6498//4454 6572//4454 6571//4454
f 6498//4454 6499//4454 6572//4454
f 6499//4454 6573//4454 6572//4454
f 6499//4454 6500//4454 6573//4454
f 6500//4454 6574//4454 6573//4454
f 6500//4454 6501//4454 6574//4454
f 6501//4454 6575//4454 6574//4454
f 6501//4454 6502//4454 6575//4454
f 6502//4454 6576//4454 6575//4454
f 6502//4454 6503//4454 6576//4454
f 6503//4454 6577//4454 6576//4454
f 6503//4454 6504//4454 6577//4454
f 6504//4454 6578//4454 6577//4454
f 6504//4454 6505//4454 6578//4454
f 6505//4454 6579//4454 6578//4454
f 6505//4454 6506//4454 6579//4454
f 6506//4454 6580//4454 6579//4454
f 6506//4454 6507//4454 6580//4454
f 6507//4454 6581//4454 6580//4454
f 6507//4454 6508//4454 6581//4454
f 6508//4454 6582//4454 6581//4454
f 6508//4454 6509//4454 6582//4454
f 6509//4454 6583//4454 6582//4454
f 6509//4454 6510//4454 6583//4454
f 6510//4454 6584//4454 6583//4454
f 6510//4454 6511//4454 6584//4454
f 6511//4454 6585//4454 6584//4454
f 6511//4454 6512//4454 6585//4454
f 6512//4454 6586//4454 6585//4454
f 6512//4454 6513//4454 6586//4454
f 6513//4454 6587//4454 6586//4454
f 6513//4454 6514//4454 6587//4454
f 6514//4454 6588//4454 6587//4454
f 6514//4454 6515//4454 6588//4454
f 6515//4454 6589//4454 6588//4454
f 6515//4454 6516//4454 6589//4454
f 6516//4454 6590//4454 6589//4454
f 6516//4454 6517//4454 6590//4454
f 6517//4454 6591//4454 6590//4454
f 6517//4454 6518//4454 6591//4454
f 6518//4454 6592//4454 6591//4454
f 6518//4454 6519//4454 6592//4454
f 6519//4454 6593//4454 6592//4454
f 6519//4454 6520//4454 6593//4454
f 6520//4454 6594//4454 6593//4454
f 6520//4454 6521//4454 6594//4454
f 6521//4454 6595//4454 6594//4454
f 6521//4454 6522//4454 6595//4454
f 6522//4454 6596//4454 6595//4454
f 6522//4454 6523//4454 6596//4454
f 6523//4454 6597//4454 6596//4454
f 6523//4454 6524//4454 6597//4454
f 6524//4454 6598//4454 6597//4454
f 6524//4454 6525//4454 6598//4454
f 6525//4454 6599//4454 6598//4454
f 6525//4454 6526//4454 6599//4454
f 6526//4454 6600//4454 6599//4454
f 6526//4454 6527//4454 6600//4454
f 6527//4454 6601//4454 6600//4454
f 6527//4454 6528//4454 6601//4454
f 6528//4454 6602//4454 6601//4454
f 6528//4454 6529//4454 6602//4454
f 6529//4454 6603//4454 6602//4454
f 6529//4454 6530//4454 6603//4454
f 6530//4454 6604//4454 6603//4454
f 6530//4454 6531//4454 6604//4454
f 6531//4454 6605//4454 6604//4454
f 6531//4454 6532//4454 6605//4454
f 6532//4454 6606//4454 6605//4454
f 6532//4454 6533//4454 6606//4454
f 6533//4454 6607//4454 6606//4454
f 6533//4454 6534//4454 6607//4454
f 6534//4454 6608//4454 6607//4454
f 6534//4454 6535//4454 6608//4454
f 6535//4454 6609//4454 6608//4454
f 6535//4454 6536//4454 6609//4454
f 6536//4454 6610//4454 6609//4454
f 6536//4454 6537//4454 6610//4454
f 6537//4454 6611//4454 6610//4454
f 6537//4454 6538//4454 6611//4454
f 6538//4454 6612//4454 6611//4454
f 6538//4454 6539//4454 6612//4454
f 6539//4454 6613//4454 6612//4454
f 6539//4454 6540//4454 6613//4454
f 6540//4454 6614//4454 6613//4454
f 6540//4454 6541//4454 6614//4454
f 6541//4454 6615//4454 6614//4454
f 6541//4454 6542//4454 6615//4454
f 6542//4454 6616//4454 6615//4454
f 6542//4454 6543//4454 6616//4454
f 6543//4454 6617//4454 6616//4454
f 6543//4454 6544//4454 6617//4454
f 6544//4454 6618//4454 6617//4454
f 6544//4454 6545//4454 6618//4454
f 6545//4454 6619//4454 6618//4454
f 6545//4454 6546//4454 6619//4454
f 6546//4454 6620//4454 6619//4454
f 6546//4454 6547//4454 6620//4454
f 6547//4454 6621//4454 6620//4454
f 6547//4454 6548//4454 6621//4454
f 6548//4454 6622//4454 6621//4454
f 6548//4454 6549//4454 6622//4454
f 6549//4454 6623//4454 6622//4454
f 6549//4454 6550//4454 6623//4454
f 6550//4454 6624//4454 6623//4454
f 6550//4454 6551//4454 6624//4454
f 6551//4454 6625//4454 6624//4454
f 6551//4454 6552//4454 6625//4454
f 6552//4454 6626//4454 6625//4454
f 6552//4454 6553//4454 6626//4454
f 6553//4454 6627//4454 6626//4454
f 6553//4454 6554//4454 6627//4454
f 6554//4454 6628//4454 6627//4454
f 6554//4454 6555//4454 6628//4454
f 6555//4454 6629//4454 6628//4454
f 6555//4454 6556//4454 6629//4454
f 6556//4454 6630//4454 6629//4454
f 6556//4454 6557//4454 6630//4454
f 6557//4454 6631//4454 6630//4454
f 6557//4454 6558//4454 6631//4454
f 6558//4454 6632//4454 6631//4454
f 6558//4454 6559//4454 6632//4454
f 6559//4454 6633//4454 6632//4454
f 6559//4454 6560//4454 6633//4454
f 6560//4454 6634//4454 6633//4454
f 6560//4454 6561//4454 6634//4454
f 6561//4454 6635//4454 6634//4454
f 6561//4454 6562//4454 6635//4454
f 6562//4454 6636//4454 6635//4454
f 6562//4454 6563//4454 6636//4454
f 6563//4454 6637//4454 6636//4454
f 6563//4454 6564//4454 6637//4454
f 6564//4454 6638//4454 6637//4454
f 6564//4454 6565//4454 6638//4454
f 6565//4454 6639//4454 6638//4454
f 6565//4454 6566//4454 6639//4454
f 6566//4454 6640//4454 6639//4454
f 6566//4454 6567//4454 6640//4454
f 6567//4454 6641//4454 6640//4454
f 6567//4454 6568//4454 6641//4454
f 6568//4454 6642//4454 6641//4454
f 6568//4454 6569//4454 6642//4454
f 6569//4454 6643//4454 6642//4454
f 6569//4454 6570//4454 6643//4454
f 6571//4454 6645//4454 6644//4454
f 6571//4454 6572//4454 6645//4454
f 6572//4454 6646//4454 6645//4454
f 6572//4454 6573//4454 6646//4454
f 6573//4454 6647//4454 6646//4454
f 6573//4454 6574//4454 6647//4454
f 6574//4454 6648//4454 6647//4454
f 6574//4454 6575//4454 6648//4454
f 6575//4454 6649//4454 6648//4454
f 6575//4454 6576//4454 6649//4454
f 6576//4454 6650//4454 6649//4454
f 6576//4454 6577//4454 6650//4454
f 6577//4454 6651//4454 6650//4454
f 6577//4454 6578//4454 6651//4454
f 6578//4454 6652//4454 6651//4454
f 6578//4454 6579//4454 6652//4454
f 6579//4454 6653//4454 6652//4454
f 6579//4454 6580//4454 6653//4454
f 6580//4454 6654//4454 6653//4454
f 6580//4454 6581//4454 6654//4454
f 6581//4454 6655//4454 6654//4454
f 6581//4454 6582//4454 6655//4454
f 6582//4454 6656//4454 6655//4454
f 6582//4454 6583//4454 6656//4454
f 6583//4454 6657//4454 6656//4454
f 6583//4454 6584//4454 6657//4454
f 6584//4454 6658//4454 6657//4454
f 6584//4454 6585//4454 6658//4454
f 6585//4454 6659//4454 6658//4454
f 6585//4454 6586//4454 6659//4454
f 6586//4454 6660//4454 6659//4454
f 6586//4454 6587//4454 6660//4454
f 6587//4454 6661//4454 6660//4454
f 6587//4454 6588//4454 6661//4454
f 6588//4454 6662//4454 6661//4454
f 6588//4454 6589//4454 6662//4454
f 6589//4454 6663//4454 6662//4454
f 6589//4454 6590//4454 6663//4454
f 6590//4454 6664//4454 6663//4454
f 6590//4454 6591//4454 6664//4454
f 6591//4454 6665//4454 6664//4454
f 6591//4454 6592//4454 6665//4454
f 6592//4454 6666//4454 6665//4454
f 6592//4454 6593//4454 6666//4454
f 6593//4454 6667//4454 6666//4454
f 6593//4454 6594//4454 6667//4454
f 6594//4454 6668//4454 6667//4454
f 6594//4454 6595//4454 6668//4454
f 6595//4454 6669//4454 6668//4454
f 6595//4454 6596//4454 6669//4454
f 6596//4454 6670//4454 6669//4454
f 6596//4454 6597//4454 6670//4454
f 6597//4454 6671//4454 6670//4454
f 6597//4454 6598//4454 6671//4454
f 6598//4454 6672//4454 6671//4454
f 6598//4454 6599//4454 6672//4454
f 6599//4454 6673//4454 6672//4454
f 6599//4454 6600//4454 6673//4454
f 6600//4454 6674//4454 6673//4454
f 6600//4454 6601//4454 6674//4454
f 6601//4454 6675//4454 6674//4454
f 6601//4454 6602//4454 6675//4454
f 6602//4454 6676//4454 6675//4454
f 6602//4454 6603//4454 6676//4454
f 6603//4454 6677//4454 6676//4454
f 6603//4454 6604//4454 6677//4454
f 6604//4454 6678//4454 6677//4454
f 6604//4454 6605//4454 6678//4454
f 6605//4454 6679//4454 6678//4454
f 6605//4454 6606//4454 6679//4454
f 6606//4454 6680//4454 6679//4454
f 6606//4454 6607//4454 6680//4454
f 6607//4454 6681//4454 6680//4454
f 6607//4454 6608//4454 6681//4454
f 6608//4454 6682//4454 6681//4454
f 6608//4454 6609//4454 6682//4454
f 6609//4454 6683//4454 6682//4454
f 6609//4454 6610//4454 6683//4454
f 6610//4454 6684//4454 6683//4454
f 6610//4454 6611//4454 6684//4454
f 6611//4454 6685//4454 6684//4454
f 6611//4454 6612//4454 6685//4454
f 6612//4454 6686//4454 6685//4454
f 6612//4454 6613//4454 6686//4454
f 6613//4454 6687//4454 6686//4454
f 6613//4454 6614//4454 6687//4454
f 6614//4454 6688//4454 6687//4454
f 6614//4454 6615//4454 6688//4454
f 6615//4454 6689//4454 6688//4454
f 6615//4454 6616//4454 6689//4454
f 6616//4454 6690//4454 6689//4454
f 6616//4454 6617//4454 6690//4454
f 6617//4454 6691//4454 6690//4454
f 6617//4454 6618//4454 6691//4454
f 6618//4454 6692//4454 6691//4454
f 6618//4454 6619//4454 6692//4454
f 6619//4454 6693//4454 6692//4454
f 6619//4454 6620//4454 6693//4454
f 6620//4454 6694//4454 6693//4454
f 6620//4454 6621//4454 6694//4454
f 6621//4454 6695//4454 6694//4454
f 6621//4454 6622//4454 6695//4454
f 6622//4454 6696//4454 6695//4454
f 6622//4454 6623//4454 6696//4454
f 6623//4454 6697//4454 6696//4454
f 6623//4454 6624//4454 6697//4454
f 6624//4454 6698//4454 6697//4454
f 6624//4454 6625//4454 6698//4454
f 6625//4454 6699//4454 6698//4454
f 6625//4454 6626//4454 6699//4454
f 6626//4454 6700//4454 6699//4454
f 6626//4454 6627//4454 6700//4454
f 6627//4454 6701//4454 6700//4454
f 6627//4454 6628//4454 6701//4454
f 6628//4454 6702//4454 6701//4454
f 6628//4454 6629//4454 6702//4454
f 6629//4454 6703//4454 6702//4454
f 6629//4454 6630//4454 6703//4454
f 6630//4454 6704//4454 6703//4454
f 6630//4454 6631//4454 6704//4454
f 6631//4454 6705//4454 6704//4454
f 6631//4454 6632//4454 6705//4454
f 6632//4454 6706//4454 6705//4454
f 6632//4454 6633//4454 6706//4454
f 6633//4454 6707//4454 6706//4454
f 6633//4454 6634//4454 6707//4454
f 6634//4454 6708//4454 6707//4454
f 6634//4454 6635//4454 6708//4454
f 6635//4454 6709//4454 6708//4454
f 6635//4454 6636//4454 6709//4454
f 6636//4454 6710//4454 6709//4454
f 6636//4454 6637//4454 6710//4454
f 6637//4454 6711//4454 6710//4454
f 6637//4454 6638//4454 6711//4454
f 6638//4454 6712//4454 6711//4454
f 6638//4454 6639//4454 6712//4454
f 6639//4454 6713//4454 6712//4454
f 6639//4454 6640//4454 6713//4454
f 6640//4454 6714//4454 6713//4454
f 6640//4454 6641//4454 6714//4454
f 6641//4454 6715//4454 6714//4454
f 6641//4454 6642//4454 6715//4454
f 6642//4454 6716//4454 6715//4454
f 6642//4454 6643//4454 6716//4454
f 6644//4454 6718//4454 6717//4454
f 6644//4454 6645//4454 6718//4454
f 6645//4454 6719//4454 6718//4454
f 6645//4454 6646//4454 6719//4454
f 6646//4454 6720//4454 6719//4454
f 6646//4454 6647//4454 6720//4454
f 6647//4454 6721//4454 6720//4454
f 6647//4454 6648//4454 6721//4454
f 6648//4454 6722//4454 6721//4454
f 6648//4454 6649//4454 6722//4454
f 6649//4454 6723//4454 6722//4454
f 6649//4454 6650//4454 6723//4454
f 6650//4454 6724//4454 6723//4454
f 6650//4454 6651//4454 6724//4454
f 6651//4454 6725//4454 6724//4454
f 6651//4454 6652//4454 6725//4454
f 6652//4454 6726//4454 6725//4454
f 6652//4454 6653//4454 6726//4454
f 6653//4454 6727//4454 6726//4454
f 6653//4454 6654//4454 6727//4454
f 6654//4454 6728//4454 6727//4454
f 6654//4454 6655//4454 6728//4454
f 6655//4454 6729//4454 6728//4454
f 6655//4454 6656//4454 6729//4454
f 6656//4454 6730//4454 6729//4454
f 6656//4454 6657//4454 6730//4454
f 6657//4454 6731//4454 6730//4454
f 6657//4454 6658//4454 6731//4454
f 6658//4454 6732//4454 6731//4454
f 6658//4454 6659//4454 6732//4454
f 6659//4454 6733//4454 6732//4454
f 6659//4454 6660//4454 6733//4454
f 6660//4454 6734//4454 6733//4454
f 6660//4454 6661//4454 6734//4454
f 6661//4454 6735//4454 6734//4454
f 6661//4454 6662//4454 6735//4454
f 6662//4454 6736//4454 6735//4454
f 6662//4454 6663//4454 6736//4454
f 6663//4454 6737//4454 6736//4454
f 6663//4454 6664//4454 6737//4454
f 6664//4454 6738//4454 6737//4454
f 6664//4454 6665//4454 6738//4454
f 6665//4454 6739//4454 6738//4454
f 6665//4454 6666//4454 6739//4454
f 6666//4454 6740//4454 6739//4454
f 6666//4454 6667//4454 6740//4454
f 6667//4454 6741//4454 6740//4454
f 6667//4454 6668//4454 6741//4454
f 6668//4454 6742//4454 6741//4454
f 6668//4454 6669//4454 6742//4454
f 6669//4454 6743//4454 6742//4454
f 6669//4454 6670//4454 6743//4454
f 6670//4454 6744//4454 6743//4454
f 6670//4454 6671//4454 6744//4454
f 6671//4454 6745//4454 6744//4454
f 6671//4454 6672//4454 6745//4454
f 6672//4454 6746//4454 6745//4454
f 6672//4454 6673//4454 6746//4454
f 6673//4454 6747//4454 6746//4454
f 6673//4454 6674//4454 6747//4454
f 6674//4454 6748//4454 6747//4454
f 6674//4454 6675//4454 6748//4454
f 6675//4454 6749//4454 6748//4454
f 6675//4454 6676//4454 6749//4454
f 6676//4454 6750//4454 6749//4454
f 6676//4454 6677//4454 6750//4454
f 6677//4454 6751//4454 6750//4454
f 6677//4454 6678//4454 6751//4454
f 6678//4454 6752//4454 6751//4454
f 6678//4454 6679//4454 6752//4454
f 6679//4454 6753//4454 6752//4454
f 6679//4454 6680//4454 6753//4454
f 6680//4454 6754//4454 6753//4454
f 6680//4454 6681//4454 6754//4454
f 6681//4454 6755//4454 6754//4454
f 6681//4454 6682//4454 6755//4454
f 6682//4454 6756//4454 6755//4454
f 6682//4454 6683//4454 6756//4454
f 6683//4454 6757//4454 6756//4454
f 6683//4454 6684//4454 6757//4454
f 6684//4454 6758//4454 6757//4454
f 6684//4454 6685//4454 6758//4454
f 6685//4454 6759//4454 6758//4454
f 6685//4454 6686//4454 6759//4454
f 6686//4454 6760//4454 6759//4454
f 6686//4454 6687//4454 6760//4454
f 6687//4454 6761//4454 6760//4454
f 6687//4454 6688//4454 6761//4454
f 6688//4454 6762//4454 6761//4454
f 6688//4454 6689//4454 6762//4454
f 6689//4454 6763//4454 6762//4454
f 6689//4454 6690//4454 6763//4454
f 6690//4454 6764//4454 6763//4454
f 6690//4454 6691//4454 6764//4454
f 6691//4454 6765//4454 6764//4454
f 6691//4454 6692//4454 6765//4454
f 6692//4454 6766//4454 6765//4454
f 6692//4454 6693//4454 6766//4454
f 6693//4454 6767//4454 6766//4454
f 6693//4454 6694//4454 6767//4454
f 6694//4454 6768//4454 6767//4454
f 6694//4454 6695//4454 6768//4454
f 6695//4454 6769//4454 6768//4454
f 6695//4454 6696//4454 6769//4454
f 6696//4454 6770//4454 6769//4454
f 6696//4454 6697//4454 6770//4454
f 6697//4454 6771//4454 6770//4454
f 6697//4454 6698//4454 6771//4454
f 6698//4454 6772//4454 6771//4454
f 6698//4454 6699//4454 6772//4454
f 6699//4454 6773//4454 6772//4454
f 6699//4454 6700//4454 6773//4454
f 6700//4454 6774//4454 6773//4454
f 6700//4454 6701//4454 6774//4454
f 6701//4454 6775//4454 6774//4454
f 6701//4454 6702//4454 6775//4454
f 6702//4454 6776//4454 6775//4454
f 6702//4454 6703//4454 6776//4454
f 6703//4454 6777//4454 6776//4454
f 6703//4454 6704//4454 6777//4454
f 6704//4454 6778//4454 6777//4454
f 6704//4454 6705//4454 6778//4454
f 6705//4454 6779//4454 6778//4454
f 6705//4454 6706//4454 6779//4454
f 6706//4454 6780//4454 6779//4454
f 6706//4454 6707//4454 6780//4454
f 6707//4454 6781//4454 6780//4454
f 6707//4454 6708//4454 6781//4454
f 6708//4454 6782//4454 6781//4454
f 6708//4454 6709//4454 6782//4454
f 6709//4454 6783//4454 6782//4454
f 6709//4454 6710//4454 6783//4454
f 6710//4454 6784//4454 6783//4454
f 6710//4454 6711//4454 6784//4454
f 6711//4454 6785//4454 6784//4454
f 6711//4454 6712//4454 6785//4454
f 6712//4454 6786//4454 6785//4454
f 6712//4454 6713//4454 6786//4454
f 6713//4454 6787//4454 6786//4454
f 6713//4454 6714//4454 6787//4454
f 6714//4454 6788//4454 6787//4454
f 6714//4454 6715//4454 6788//4454
f 6715//4454 6789//4454 6788//4454
f 6715//4454 6716//4454 6789//4454
f 6717//4454 6791//4454 6790//4454
f 6717//4454 6718//4454 6791//4454
f 6718//4454 6792//4454 6791//4454
f 6718//4454 6719//4454 6792//4454
f 6719//4454 6793//4454 6792//4454
f 6719//4454 6720//4454 6793//4454
f 6720//4454 6794//4454 6793//4454
f 6720//4454 6721//4454 6794//4454
f 6721//4454 6795//4454 6794//4454
f 6721//4454 6722//4454 6795//4454
f 6722//4454 6796//4454 6795//4454
f 6722//4454 6723//4454 6796//4454
f 6723//4454 6797//4454 6796//4454
f 6723//4454 6724//4454 6797//4454
f 6724//4454 6798//4454 6797//4454
f 6724//4454 6725//4454 6798//4454
f 6725//4454 6799//4454 6798//4454
f 6725//4454 6726//4454 6799//4454
f 6726//4454 6800//4454 6799//4454
f 6726//4454 6727//4454 6800//4454
f 6727//4454 6801//4454 6800//4454
f 6727//4454 6728//4454 6801//4454
f 6728//4454 6802//4454 6801//4454
f 6728//4454 6729//4454 6802//4454
f 6729//4454 6803//4454 6802//4454
f 6729//4454 6730//4454 6803//4454
f 6730//4454 6804//4454 6803//4454
f 6730//4454 6731//4454 6804//4454
f 6731//4454 6805//4454 6804//4454
f 6731//4454 6732//4454 6805//4454
f 6732//4454 6806//4454 6805//4454
f 6732//4454 6733//4454 6806//4454
f 6733//4454 6807//4454 6806//4454
f 6733//4454 6734//4454 6807//4454
f 6734//4454 6808//4454 6807//4454
f 6734//4454 6735//4454 6808//4454
f 6735//4454 6809//4454 6808//4454
f 6735//4454 6736//4454 6809//4454
f 6736//4454 6810//4454 6809//4454
f 6736//4454 6737//4454 6810//4454
f 6737//4454 6811//4454 6810//4454
f 6737//4454 6738//4454 6811//4454
f 6738//4454 6812//4454 6811//4454
f 6738//4454 6739//4454 6812//4454
f 6739//4454 6813//4454 6812//4454
f 6739//4454 6740//4454 6813//4454
f 6740//4454 6814//4454 6813//4454
f 6740//4454 6741//4454 6814//4454
f 6741//4454 6815//4454 6814//4454
f 6741//4454 6742//4454 6815//4454
f 6742//4454 6816//4454 6815//4454
f 6742//4454 6743//4454 6816//4454
f 6743//4454 6817//4454 6816//4454
f 6743//4454 6744//4454 6817//4454
f 6744//4454 6818//4454 6817//4454
f 6744//4454 6745//4454 6818//4454
f 6745//4454 6819//4454 6818//4454
f 6745//4454 6746//4454 6819//4454
f 6746//4454 6820//4454 6819//4454
f 6746//4454 6747//4454 6820//4454
f 6747//4454 6821//4454 6820//4454
f 6747//4454 6748//4454 6821//4454
f 6748//4454 6822//4454 6821//4454
f 6748//4454 6749//4454 6822//4454
f 6749//4454 6823//4454 6822//4454
f 6749//4454 6750//4454 6823//4454
f 6750//4454 6824//4454 6823//4454
f 6750//4454 6751//4454 6824//4454
f 6751//4454 6825//4454 6824//4454
f 6751//4454 6752//4454 6825//4454
f 6752//4454 6826//4454 6825//4454
f 6752//4454 6753//4454 6826//4454
f 6753//4454 6827//4454 6826//4454
f 6753//4454 6754//4454 6827//4454
f 6754//4454 6828//4454 6827//4454
f 6754//4454 6755//4454 6828//4454
f 6755//4454 6829//4454 6828//4454
f 6755//4454 6756//4454 6829//4454
f 6756//4454 6830//4454 6829//4454
f 6756//4454 6757//4454 6830//4454
f 6757//4454 6831//4454 6830//4454
f 6757//4454 6758//4454 6831//4454
f 6758//4454 6832//4454 6831//4454
f 6758//4454 6759//4454 6832//4454
f 6759//4454 6833//4454 6832//4454
f 6759//4454 6760//4454 6833//4454
f 6760//4454 6834//4454 6833//4454
f 6760//4454 6761//4454 6834//4454
f 6761//4454 6835//4454 6834//4454
f 6761//4454 6762//4454 6835//4454
f 6762//4454 6836//4454 6835//4454
f 6762//4454 6763//4454 6836//4454
f 6763//4454 6837//4454 6836//4454
f 6763//4454 6764//4454 6837//4454
f 6764//4454 6838//4454 6837//4454
f 6764//4454 6765//4454 6838//4454
f 6765//4454 6839//4454 6838//4454
f 6765//4454 6766//4454 6839//4454
f 6766//4454 6840//4454 6839//4454
f 6766//4454 6767//4454 6840//4454
f 6767//4454 6841//4454 6840//4454
f 6767//4454 6768//4454 6841//4454
f 6768//4454 6842//4454 6841//4454
f 6768//4454 6769//4454 6842//4454
f 6769//4454 6843//4454 6842//4454
f 6769//4454 6770//4454 6843//4454
f 6770//4454 6844//4454 6843//4454
f 6770//4454 6771//4454 6844//4454
f 6771//4454 6845//4454 6844//4454
f 6771//4454 6772//4454 6845//4454
f 6772//4454 6846//4454 6845//4454
f 6772//4454 6773//4454 6846//4454
f 6773//4454 6847//4454 6846//4454
f 6773//4454 6774//4454 6847//4454
f 6774//4454 6848//4454 6847//4454
f 6774//4454 6775//4454 6848//4454
f 6775//4454 6849//4454 6848//4454
f 6775//4454 6776//4454 6849//4454
f 6776//4454 6850//4454 6849//4454
f 6776//4454 6777//4454 6850//4454
f 6777//4454 6851//4454 6850//4454
f 6777//4454 6778//4454 6851//4454
f 6778//4454 6852//4454 6851//4454
f 6778//4454 6779//4454 6852//4454
f 6779//4454 6853//4454 6852//4454
f 6779//4454 6780//4454 6853//4454
f 6780//4454 6854//4454 6853//4454
f 6780//4454 6781//4454 6854//4454
f 6781//4454 6855//4454 6854//4454
f 6781//4454 6782//4454 6855//4454
f 6782//4454 6856//4454 6855//4454
f 6782//4454 6783//4454 6856//4454
f 6783//4454 6857//4454 6856//4454
f 6783//4454 6784//4454 6857//4454
f 6784//4454 6858//4454 6857//4454
f 6784//4454 6785//4454 6858//4454
f 6785//4454 6859//4454 6858//4454
f 6785//4454 6786//4454 6859//4454
f 6786//4454 6860//4454 6859//4454
f 6786//4454 6787//4454 6860//4454
f 6787//4454 6861//4454 6860//4454
f 6787//4454 6788//4454 6861//4454
f 6788//4454 6862//4454 6861//4454
f 6788//4454 6789//4454 6862//4454
f 6790//4454 6864//4454 6863//4454
f 6790//4454 6791//4454 6864//4454
f 6791//4454 6865//4454 6864//4454
f 6791//4454 6792//4454 6865//4454
f 6792//4454 6866//4454 6865//4454
f 6792//4454 6793//4454 6866//4454
f 6793//4454 6867//4454 6866//4454
f 6793//4454 6794//4454 6867//4454
f 6794//4454 6868//4454 6867//4454
f 6794//4454 6795//4454 6868//4454
f 6795//4454 6869//4454 6868//4454
f 6795//4454 6796//4454 6869//4454
f 6796//4454 6870//4454 6869//4454
f 6796//4454 6797//4454 6870//4454
f 6797//4454 6871//4454 6870//4454
f 6797//4454 6798//4454 6871//4454
f 6798//4454 6872//4454 6871//4454
f 6798//4454 6799//4454 6872//4454
f 6799//4454 6873//4454 6872//4454
f 6799//4454 6800//4454 6873//4454
f 6800//4454 6874//4454 6873//4454
f 6800//4454 6801//4454 6874//4454
f 6801//4454 6875//4454 6874//4454
f 6801//4454 6802//4454 6875//4454
f 6802//4454 6876//4454 6875//4454
f 6802//4454 6803//4454 6876//4454
f 6803//4454 6877//4454 6876//4454
f 6803//4454 6804//4454 6877//4454
f 6804//4454 6878//4454 6877//4454
f 6804//4454 6805//4454 6878//4454
f 6805//4454 6879//4454 6878//4454
f 6805//4454 6806//4454 6879//4454
f 6806//4454 6880//4454 6879//4454
f 6806//4454 6807//4454 6880//4454
f 6807//4454 6881//4454 6880//4454
f 6807//4454 6808//4454 6881//4454
f 6808//4454 6882//4454 6881//4454
f 6808//4454 6809//4454 6882//4454
f 6809//4454 6883//4454 6882//4454
f 6809//4454 6810//4454 6883//4454
f 6810//4454 6884//4454 6883//4454
f 6810//4454 6811//4454 6884//4454
f 6811//4454 6885//4454 6884//4454
f 6811//4454 6812//4454 6885//4454
f 6812//4454 6886//4454 6885//4454
f 6812//4454 6813//4454 6886//4454
f 6813//4454 6887//4454 6886//4454
f 6813//4454 6814//4454 6887//4454
f 6814//4454 6888//4454 6887//4454
f 6814//4454 6815//4454 6888//4454
f 6815//4454 6889//4454 6888//4454
f 6815//4454 6816//4454 6889//4454
f 6816//4454 6890//4454 6889//4454
f 6816//4454 6817//4454 6890//4454
f 6817//4454 6891//4454 6890//4454
f 6817//4454 6818//4454 6891//4454
f 6818//4454 6892//4454 6891//4454
f 6818//4454 6819//4454 6892//4454
f 6819//4454 6893//4454 6892//4454
f 6819//4454 6820//4454 6893//4454
f 6820//4454 6894//4454 6893//4454
f 6820//4454 6821//4454 6894//4454
f 6821//4454 6895//4454 6894//4454
f 6821//4454 6822//4454 6895//4454
f 6822//4454 6896//4454 6895//4454
f 6822//4454 6823//4454 6896//4454
f 6823//4454 6897//4454 6896//4454
f 6823//4454 6824//4454 6897//4454
f 6824//4454 6898//4454 6897//4454
f 6824//4454 6825//4454 6898//4454
f 6825//4454 6899//4454 6898//4454
f 6825//4454 6826//4454 6899//4454
f 6826//4454 6900//4454 6899//4454
f 6826//4454 6827//4454 6900//4454
f 6827//4454 6901//4454 6900//4454
f 6827//4454 6828//4454 6901//4454
f 6828//4454 6902//4454 6901//4454
f 6828//4454 6829//4454 6902//4454
f 6829//4454 6903//4454 6902//4454
f 6829//4454 6830//4454 6903//4454
f 6830//4454 6904//4454 6903//4454
f 6830//4454 6831//4454 6904//4454
f 6831//4454 6905//4454 6904//4454
f 6831//4454 6832//4454 6905//4454
f 6832//4454 6906//4454 6905//4454
f 6832//4454 6833//4454 6906//4454
f 6833//4454 6907//4454 6906//4454
f 6833//4454 6834//4454 6907//4454
f 6834//4454 6908//4454 6907//4454
f 6834//4454 6835//4454 6908//4454
f 6835//4454 6909//4454 6908//4454
f 6835//4454 6836//4454 6909//4454
f 6836//4454 6910//4454 6909//4454
f 6836//4454 6837//4454 6910//4454
f 6837//4454 6911//4454 6910//4454
f 6837//4454 6838//4454 6911//4454
f 6838//4454 6912//4454 6911//4454
f 6838//4454 6839//4454 6912//4454
f 6839//4454 6913//4454 6912//4454
f 6839//4454 6840//4454 6913//4454
f 6840//4454 6914//4454 6913//4454
f 6840//4454 6841//4454 6914//4454
f 6841//4454 6915//4454 6914//4454
f 6841//4454 6842//4454 6915//4454
f 6842//4454 6916//4454 6915//4454
f 6842//4454 6843//4454 6916//4454
f 6843//4454 6917//4454 6916//4454
f 6843//4454 6844//4454 6917//4454
f 6844//4454 6918//4454 6917//4454
f 6844//4454 6845//4454 6918//4454
f 6845//4454 6919//4454 6918//4454
f 6845//4454 6846//4454 6919//4454
f 6846//4454 6920//4454 6919//4454
f 6846//4454 6847//4454 6920//4454
f 6847//4454 6921//4454 6920//4454
f 6847//4454 6848//4454 6921//4454
f 6848//4454 6922//4454 6921//4454
f 6848//4454 6849//4454 6922//4454
f 6849//4454 6923//4454 6922//4454
f 6849//4454 6850//4454 6923//4454
f 6850//4454 6924//4454 6923//4454
f 6850//4454 6851//4454 6924//4454
f 6851//4454 6925//4454 6924//4454
f 6851//4454 6852//4454 6925//4454
f 6852//4454 6926//4454 6925//4454
f 6852//4454 6853//4454 6926//4454
f 6853//4454 6927//4454 6926//4454
f 6853//4454 6854//4454 6927//4454
f 6854//4454 6928//4454 6927//4454
f 6854//4454 6855//4454 6928//4454
f 6855//4454 6929//4454 6928//4454
f 6855//4454 6856//4454 6929//4454
f 6856//4454 6930//4454 6929//4454
f 6856//4454 6857//4454 6930//4454
f 6857//4454 6931//4454 6930//4454
f 6857//4454 6858//4454 6931//4454
f 6858//4454 6932//4454 6931//4454
f 6858//4454 6859//4454 6932//4454
f 6859//4454 6933//4454 6932//4454
f 6859//4454 6860//4454 6933//4454
f 6860//4454 6934//4454 6933//4454
f 6860//4454 6861//4454 6934//4454
f 6861//4454 6935//4454 6934//4454
f 6861//4454 6862//4454 6935//4454
f 6863//4454 6937//4454 6936//4454
f 6863//4454 6864//4454 6937//4454
f 6864//4454 6938//4454 6937//4454
f 6864//4454 6865//4454 6938//4454
f 6865//4454 6939//4454 6938//4454
f 6865//4454 6866//4454 6939//4454
f 6866//4454 6940//4454 6939//4454
f 6866//4454 6867//4454 6940//4454
f 6867//4454 6941//4454 6940//4454
f 6867//4454 6868//4454 6941//4454
f 6868//4454 6942//4454 6941//4454
f 6868//4454 6869//4454 6942//4454
f 6869//4454 6943//4454 6942//4454
f 6869//4454 6870//4454 6943//4454
f 6870//4454 6944//4454 6943//4454
f 6870//4454 6871//4454 6944//4454
f 6871//4454 6945//4454 6944//4454
f 6871//4454 6872//4454 6945//4454
f 6872//4454 6946//4454 6945//4454
f 6872//4454 6873//4454 6946//4454
f 6873//4454 6947//4454 6946//4454
f 6873//4454 6874//4454 6947//4454
f 6874//4454 6948//4454 6947//4454
f 6874//4454 6875//4454 6948//4454
f 6875//4454 6949//4454 6948//4454
f 6875//4454 6876//4454 6949//4454
f 6876//4454 6950//4454 6949//4454
f 6876//4454 6877//4454 6950//4454
f 6877//4454 6951//4454 6950//4454
f 6877//4454 6878//4454 6951//4454
f 6878//4454 6952//4454 6951//4454
f 6878//4454 6879//4454 6952//4454
f 6879//4454 6953//4454 6952//4454
f 6879//4454 6880//4454 6953//4454
f 6880//4454 6954//4454 6953//4454
f 6880//4454 6881//4454 6954//4454
f 6881//4454 6955//4454 6954//4454
f 6881//4454 6882//4454 6955//4454
f 6882//4454 6956//4454 6955//4454
f 6882//4454 6883//4454 6956//4454
f 6883//4454 6957//4454 6956//4454
f 6883//4454 6884//4454 6957//4454
f 6884//4454 6958//4454 6957//4454
f 6884//4454 6885//4454 6958//4454
f 6885//4454 6959//4454 6958//4454
f 6885//4454 6886//4454 6959//4454
f 6886//4454 6960//4454 6959//4454
f 6886//4454 6887//4454 6960//4454
f 6887//4454 6961//4454 6960//4454
f 6887//4454 6888//4454 6961//4454
f 6888//4454 6962//4454 6961//4454
f 6888//4454 6889//4454 6962//4454
f 6889//4454 6963//4454 6962//4454
f 6889//4454 6890//4454 6963//4454
f 6890//4454 6964//4454 6963//4454
f 6890//4454 6891//4454 6964//4454
f 6891//4454 6965//4454 6964//4454
f 6891//4454 6892//4454 6965//4454
f 6892//4454 6966//4454 6965//4454
f 6892//4454 6893//4454 6966//4454
f 6893//4454 6967//4454 6966//4454
f 6893//4454 6894//4454 6967//4454
f 6894//4454 6968//4454 6967//4454
f 6894//4454 6895//4454 6968//4454
f 6895//4454 6969//4454 6968//4454
f 6895//4454 6896//4454 6969//4454
f 6896//4454 6970//4454 6969//4454
f 6896//4454 6897//4454 6970//4454
f 6897//4454 6971//4454 6970//4454
f 6897//4454 6898//4454 6971//4454
f 6898//4454 6972//4454 6971//4454
f 6898//4454 6899//4454 6972//4454
f 6899//4454 6973//4454 6972//4454
f 6899//4454 6900//4454 6973//4454
f 6900//4454 6974//4454 6973//4454
f 6900//4454 6901//4454 6974//4454
f 6901//4454 6975//4454 6974//4454
f 6901//4454 6902//4454 6975//4454
f 6902//4454 6976//4454 6975//4454
f 6902//4454 6903//4454 6976//4454
f 6903//4454 6977//4454 6976//4454
f 6903//4454 6904//4454 6977//4454
f 6904//4454 6978//4454 6977//4454
f 6904//4454 6905//4454 6978//4454
f 6905//4454 6979//4454 6978//4454
f 6905//4454 6906//4454 6979//4454
f 6906//4454 6980//4454 6979//4454
f 6906//4454 6907//4454 6980//4454
f 6907//4454 6981//4454 6980//4454
f 6907//4454 6908//4454 6981//4454
f 6908//4454 6982//4454 6981//4454
f 6908//4454 6909//4454 6982//4454
f 6909//4454 6983//4454 6982//4454
f 6909//4454 6910//4454 6983//4454
f 6910//4454 6984//4454 6983//4454
f 6910//4454 6911//4454 6984//4454
f 6911//4454 6985//4454 6984//4454
f 6911//4454 6912//4454 6985//4454
f 6912//4454 6986//4454 6985//4454
f 6912//4454 6913//4454 6986//4454
f 6913//4454 6987//4454 6986//4454
f 6913//4454 6914//4454 6987//4454
f 6914//4454 6988//4454 6987//4454
f 6914//4454 6915//4454 6988//4454
f 6915//4454 6989//4454 6988//4454
f 6915//4454 6916//4454 6989//4454
f 6916//4454 6990//4454 6989//4454
f 6916//4454 6917//4454 6990//4454
f 6917//4454 6991//4454 6990//4454
f 6917//4454 6918//4454 6991//4454
f 6918//4454 6992//4454 6991//4454
f 6918//4454 6919//4454 6992//4454
f 6919//4454 6993//4454 6992//4454
f 6919//4454 6920//4454 6993//4454
f 6920//4454 6994//4454 6993//4454
f 6920//4454 6921//4454 6994//4454
f 6921//4454 6995//4454 6994//4454
f 6921//4454 6922//4454 6995//4454
f 6922//4454 6996//4454 6995//4454
f 6922//4454 6923//4454 6996//4454
f 6923//4454 6997//4454 6996//4454
f 6923//4454 6924//4454 6997//4454
f 6924//4454 6998//4454 6997//4454
f 6924//4454 6925//4454 6998//4454
f 6925//4454 6999//4454 6998//4454
f 6925//4454 6926//4454 6999//4454
f 6926//4454 7000//4454 6999//4454
f 6926//4454 6927//4454 7000//4454
f 6927//4454 7001//4454 7000//4454
f 6927//4454 6928//4454 7001//4454
f 6928//4454 7002//4454 7001//4454
f 6928//4454 6929//4454 7002//4454
f 6929//4454 7003//4454 7002//4454
f 6929//4454 6930//4454 7003//4454
f 6930//4454 7004//4454 7003//4454
f 6930//4454 6931//4454 7004//4454
f 6931//4454 7005//4454 7004//4454
f 6931//4454 6932//4454 7005//4454
f 6932//4454 7006//4454 7005//4454
f 6932//4454 6933//4454 7006//4454
f 6933//4454 7007//4454 7006//4454
f 6933//4454 6934//4454 7007//4454
f 6934//4454 7008//4454 7007//4454
f 6934//4454 6935//4454 7008//4454
f 6936//4454 7010//4454 7009//4454
f 6936//4454 6937//4454 7010//4454
f 6937//4454 7011//4454 7010//4454
f 6937//4454 6938//4454 7011//4454
f 6938//4454 7012//4454 7011//4454
f 6938//4454 6939//4454 7012//4454
f 6939//4454 7013//4454 7012//4454
f 6939//4454 6940//4454 7013//4454
f 6940//4454 7014//4454 7013//4454
f 6940//4454 6941//4454 7014//4454
f 6941//4454 7015//4454 7014//4454
f 6941//4454 6942//4454 7015//4454
f 6942//4454 7016//4454 7015//4454
f 6942//4454 6943//4454 7016//4454
f 6943//4454 7017//4454 7016//4454
f 6943//4454 6944//4454 7017//4454
f 6944//4454 7018//4454 7017//4454
f 6944//4454 6945//4454 7018//4454
f 6945//4454 7019//4454 7018//4454
f 6945//4454 6946//4454 7019//4454
f 6946//4454 7020//4454 7019//4454
f 6946//4454 6947//4454 7020//4454
f 6947//4454 7021//4454 7020//4454
f 6947//4454 6948//4454 7021//4454
f 6948//4454 7022//4454 7021//4454
f 6948//4454 6949//4454 7022//4454
f 6949//4454 7023//4454 7022//4454
f 6949//4454 6950//4454 7023//4454
f 6950//4454 7024//4454 7023//4454
f 6950//4454 6951//4454 7024//4454
f 6951//4454 7025//4454 7024//4454
f 6951//4454 6952//4454 7025//4454
f 6952//4454 7026//4454 7025//4454
f 6952//4454 6953//4454 7026//4454
f 6953//4454 7027//4454 7026//4454
f 6953//4454 6954//4454 7027//4454
f 6954//4454 7028//4454 7027//4454
f 6954//4454 6955//4454 7028//4454
f 6955//4454 7029//4454 7028//4454
f 6955//4454 6956//4454 7029//4454
f 6956//4454 7030//4454 7029//4454
f 6956//4454 6957//4454 7030//4454
f 6957//4454 7031//4454 7030//4454
f 6957//4454 6958//4454 7031//4454
f 6958//4454 7032//4454 7031//4454
f 6958//4454 6959//4454 7032//4454
f 6959//4454 7033//4454 7032//4454
f 6959//4454 6960//4454 7033//4454
f 6960//4454 7034//4454 7033//4454
f 6960//4454 6961//4454 7034//4454
f 6961//4454 7035//4454 7034//4454
f 6961//4454 6962//4454 7035//4454
f 6962//4454 7036//4454 7035//4454
f 6962//4454 6963//4454 7036//4454
f 6963//4454 7037//4454 7036//4454
f 6963//4454 6964//4454 7037//4454
f 6964//4454 7038//4454 7037//4454
f 6964//4454 6965//4454 7038//4454
f 6965//4454 7039//4454 7038//4454
f 6965//4454 6966//4454 7039//4454
f 6966//4454 7040//4454 7039//4454
f 6966//4454 6967//4454 7040//4454
f 6967//4454 7041//4454 7040//4454
f 6967//4454 6968//4454 7041//4454
f 6968//4454 7042//4454 7041//4454
f 6968//4454 6969//4454 7042//4454
f 6969//4454 7043//4454 7042//4454
f 6969//4454 6970//4454 7043//4454
f 6970//4454 7044//4454 7043//4454
f 6970//4454 6971//4454 7044//4454
f 6971//4454 7045//4454 7044//4454
f 6971//4454 6972//4454 7045//4454
f 6972//4454 7046//4454 7045//4454
f 6972//4454 6973//4454 7046//4454
f 6973//4454 7047//4454 7046//4454
f 6973//4454 6974//4454 7047//4454
f 6974//4454 7048//4454 7047//4454
f 6974//4454 6975//4454 7048//4454
f 6975//4454 7049//4454 7048//4454
f 6975//4454 6976//4454 7049//4454
f 6976//4454 7050//4454 7049//4454
f 6976//4454 6977//4454 7050//4454
f 6977//4454 7051//4454 7050//4454
f 6977//4454 6978//4454 7051//4454
f 6978//4454 7052//4454 7051//4454
f 6978//4454 6979//4454 7052//4454
f 6979//4454 7053//4454 7052//4454
f 6979//4454 6980//4454 7053//4454
f 6980//4454 7054//4454 7053//4454
f 6980//4454 6981//4454 7054//4454
f 6981//4454 7055//4454 7054//4454
f 6981//4454 6982//4454 7055//4454
f 6982//4454 7056//4454 7055//4454
f 6982//4454 6983//4454 7056//4454
f 6983//4454 7057//4454 7056//4454
f 6983//4454 6984//4454 7057//4454
f 6984//4454 7058//4454 7057//4454
f 6984//4454 6985//4454 7058//4454
f 6985//4454 7059//4454 7058//4454
f 6985//4454 6986//4454 7059//4454
f 6986//4454 7060//4454 7059//4454
f 6986//4454 6987//4454 7060//4454
f 6987//4454 7061//4454 7060//4454
f 6987//4454 6988//4454 7061//4454
f 6988//4454 7062//4454 7061//4454
f 6988//4454 6989//4454 7062//4454
f 6989//4454 7063//4454 7062//4454
f 6989//4454 6990//4454 7063//4454
f 6990//4454 7064//4454 7063//4454
f 6990//4454 6991//4454 7064//4454
f 6991//4454 7065//4454 7064//4454
f 6991//4454 6992//4454 7065//4454
f 6992//4454 7066//4454 7065//4454
f 6992//4454 6993//4454 7066//4454
f 6993//4454 7067//4454 7066//4454
f 6993//4454 6994//4454 7067//4454
f 6994//4454 7068//4454 7067//4454
f 6994//4454 6995//4454 7068//4454
f 6995//4454 7069//4454 7068//4454
f 6995//4454 6996//4454 7069//4454
f 6996//4454 7070//4454 7069//4454
f 6996//4454 6997//4454 7070//4454
f 6997//4454 7071//4454 7070//4454
f 6997//4454 6998//4454 7071//4454
f 6998//4454 7072//4454 7071//4454
f 6998//4454 6999//4454 7072//4454
f 6999//4454 7073//4454 7072//4454
f 6999//4454 7000//4454 7073//4454
f 7000//4454 7074//4454 7073//4454
f 7000//4454 7001//4454 7074//4454
f 7001//4454 7075//4454 7074//4454
f 7001//4454 7002//4454 7075//4454
f 7002//4454 7076//4454 7075//4454
f 7002//4454 7003//4454 7076//4454
f 7003//4454 7077//4454 7076//4454
f 7003//4454 7004//4454 7077//4454
f 7004//4454 7078//4454 7077//4454
f 7004//4454 7005//4454 7078//4454
f 7005//4454 7079//4454 7078//4454
f 7005//4454 7006//4454 7079//4454
f 7006//4454 7080//4454 7079//4454
f 7006//4454 7007//4454 7080//4454
f 7007//4454 7081//4454 7080//4454
f 7007//4454 7008//4454 7081//4454
f 7009//4454 7083//4454 7082//4454
f 7009//4454 7010//4454 7083//4454
f 7010//4454 7084//4454 7083//4454
f 7010//4454 7011//4454 7084//4454
f 7011//4454 7085//4454 7084//4454
f 7011//4454 7012//4454 7085//4454
f 7012//4454 7086//4454 7085//4454
f 7012//4454 7013//4454 7086//4454
f 7013//4454 7087//4454 7086//4454
f 7013//4454 7014//4454 7087//4454
f 7014//4454 7088//4454 7087//4454
f 7014//4454 7015//4454 7088//4454
f 7015//4454 7089//4454 7088//4454
f 7015//4454 7016//4454 7089//4454
f 7016//4454 7090//4454 7089//4454
f 7016//4454 7017//4454 7090//4454
f 7017//4454 7091//4454 7090//4454
f 7017//4454 7018//4454 7091//4454
f 7018//4454 7092//4454 7091//4454
f 7018//4454 7019//4454 7092//4454
f 7019//4454 7093//4454 7092//4454
f 7019//4454 7020//4454 7093//4454
f 7020//4454 7094//4454 7093//4454
f 7020//4454 7021//4454 7094//4454
f 7021//4454 7095//4454 7094//4454
f 7021//4454 7022//4454 7095//4454
f 7022//4454 7096//4454 7095//4454
f 7022//4454 7023//4454 7096//4454
f 7023//4454 7097//4454 7096//4454
f 7023//4454 7024//4454 7097//4454
f 7024//4454 7098//4454 7097//4454
f 7024//4454 7025//4454 7098//4454
f 7025//4454 7099//4454 7098//4454
f 7025//4454 7026//4454 7099//4454
f 7026//4454 7100//4454 7099//4454
f 7026//4454 7027//4454 7100//4454
f 7027//4454 7101//4454 7100//4454
f 7027//4454 7028//4454 7101//4454
f 7028//4454 7102//4454 7101//4454
f 7028//4454 7029//4454 7102//4454
f 7029//4454 7103//4454 7102//4454
f 7029//4454 7030//4454 7103//4454
f 7030//4454 7104//4454 7103//4454
f 7030//4454 7031//4454 7104//4454
f 7031//4454 7105//4454 7104//4454
f 7031//4454 7032//4454 7105//4454
f 7032//4454 7106//4454 7105//4454
f 7032//4454 7033//4454 7106//4454
f 7033//4454 7107//4454 7106//4454
f 7033//4454 7034//4454 7107//4454
f 7034//4454 7108//4454 7107//4454
f 7034//4454 7035//4454 7108//4454
f 7035//4454 7109//4454 7108//4454
f 7035//4454 7036//4454 7109//4454
f 7036//4454 7110//4454 7109//4454
f 7036//4454 7037//4454 7110//4454
f 7037//4454 7111//4454 7110//4454
f 7037//4454 7038//4454 7111//4454
f 7038//4454 7112//4454 7111//4454
f 7038//4454 7039//4454 7112//4454
f 7039//4454 7113//4454 7112//4454
f 7039//4454 7040//4454 7113//4454
f 7040//4454 7114//4454 7113//4454
f 7040//4454 7041//4454 7114//4454
f 7041//4454 7115//4454 7114//4454
f 7041//4454 7042//4454 7115//4454
f 7042//4454 7116//4454 7115//4454
f 7042//4454 7043//4454 7116//4454
f 7043//4454 7117//4454 7116//4454
f 7043//4454 7044//4454 7117//4454
f 7044//4454 7118//4454 7117//4454
f 7044//4454 7045//4454 7118//4454
f 7045//4454 7119//4454 7118//4454
f 7045//4454 7046//4454 7119//4454
f 7046//4454 7120//4454 7119//4454
f 7046//4454 7047//4454 7120//4454
f 7047//4454 7121//4454 7120//4454
f 7047//4454 7048//4454 7121//4454
f 7048//4454 7122//4454 7121//4454
f 7048//4454 7049//4454 7122//4454
f 7049//4454 7123//4454 7122//4454
f 7049//4454 7050//4454 7123//4454
f 7050//4454 7124//4454 7123//4454
f 7050//4454 7051//4454 7124//4454
f 7051//4454 7125//4454 7124//4454
f 7051//4454 7052//4454 7125//4454
f 7052//4454 7126//4454 7125//4454
f 7052//4454 7053//4454 7126//4454
f 7053//4454 7127//4454 7126//4454
f 7053//4454 7054//4454 7127//4454
f 7054//4454 7128//4454 7127//4454
f 7054//4454 7055//4454 7128//4454
f 7055//4454 7129//4454 7128//4454
f 7055//4454 7056//4454 7129//4454
f 7056//4454 7130//4454 7129//4454
f 7056//4454 7057//4454 7130//4454
f 7057//4454 7131//4454 7130//4454
f 7057//4454 7058//4454 7131//4454
f 7058//4454 7132//4454 7131//4454
f 7058//4454 7059//4454 7132//4454
f 7059//4454 7133//4454 7132//4454
f 7059//4454 7060//4454 7133//4454
f 7060//4454 7134//4454 7133//4454
f 7060//4454 7061//4454 7134//4454
f 7061//4454 7135//4454 7134//4454
f 7061//4454 7062//4454 7135//4454
f 7062//4454 7136//4454 7135//4454
f 7062//4454 7063//4454 7136//4454
f 7063//4454 7137//4454 7136//4454
f 7063//4454 7064//4454 7137//4454
f 7064//4454 7138//4454 7137//4454
f 7064//4454 7065//4454 7138//4454
f 7065//4454 7139//4454 7138//4454
f 7065//4454 7066//4454 7139//4454
f 7066//4454 7140//4454 7139//4454
f 7066//4454 7067//4454 7140//4454
f 7067//4454 7141//4454 7140//4454
f 7067//4454 7068//4454 7141//4454
f 7068//4454 7142//4454 7141//4454
f 7068//4454 7069//4454 7142//4454
f 7069//4454 7143//4454 7142//4454
f 7069//4454 7070//4454 7143//4454
f 7070//4454 7144//4454 7143//4454
f 7070//4454 7071//4454 7144//4454
f 7071//4454 7145//4454 7144//4454
f 7071//4454 7072//4454 7145//4454
f 7072//4454 7146//4454 7145//4454
f 7072//4454 7073//4454 7146//4454
f 7073//4454 7147//4454 7146//4454
f 7073//4454 7074//4454 7147//4454
f 7074//4454 7148//4454 7147//4454
f 7074//4454 7075//4454 7148//4454
f 7075//4454 7149//4454 7148//4454
f 7075//4454 7076//4454 7149//4454
f 7076//4454 7150//4454 7149//4454
f 7076//4454 7077//4454 7150//4454
f 7077//4454 7151//4454 7150//4454
f 7077//4454 7078//4454 7151//4454
f 7078//4454 7152//4454 7151//4454
f 7078//4454 7079//4454 7152//4454
f 7079//4454 7153//4454 7152//4454
f 7079//4454 7080//4454 7153//4454
f 7080//4454 7154//4454 7153//4454
f 7080//4454 7081//4454 7154//4454
f 7082//4454 7156//4454 7155//4454
f 7082//4454 7083//4454 7156//4454
f 7083//4454 7157//4454 7156//4454
f 7083//4454 7084//4454 7157//4454
f 7084//4454 7158//4454 7157//4454
f 7084//4454 7085//4454 7158//4454
f 7085//4454 7159//4454 7158//4454
f 7085//4454 7086//4454 7159//4454
f 7086//4454 7160//4454 7159//4454
f 7086//4454 7087//4454 7160//4454
f 7087//4454 7161//4454 7160//4454
f 7087//4454 7088//4454 7161//4454
f 7088//4454 7162//4454 7161//4454
f 7088//4454 7089//4454 7162//4454
f 7089//4454 7163//4454 7162//4454
f 7089//4454 7090//4454 7163//4454
f 7090//4454 7164//4454 7163//4454
f 7090//4454 7091//4454 7164//4454
f 7091//4454 7165//4454 7164//4454
f 7091//4454 7092//4454 7165//4454
f 7092//4454 7166//4454 7165//4454
f 7092//4454 7093//4454 7166//4454
f 7093//4454 7167//4454 7166//4454
f 7093//4454 7094//4454 7167//4454
f 7094//4454 7168//4454 7167//4454
f 7094//4454 7095//4454 7168//4454
f 7095//4454 7169//4454 7168//4454
f 7095//4454 7096//4454 7169//4454
f 7096//4454 7170//4454 7169//4454
f 7096//4454 7097//4454 7170//4454
f 7097//4454 7171//4454 7170//4454
f 7097//4454 7098//4454 7171//4454
f 7098//4454 7172//4454 7171//4454
f 7098//4454 7099//4454 7172//4454
f 7099//4454 7173//4454 7172//4454
f 7099//4454 7100//4454 7173//4454
f 7100//4454 7174//4454 7173//4454
f 7100//4454 7101//4454 7174//4454
f 7101//4454 7175//4454 7174//4454
f 7101//4454 7102//4454 7175//4454
f 7102//4454 7176//4454 7175//4454
f 7102//4454 7103//4454 7176//4454
f 7103//4454 7177//4454 7176//4454
f 7103//4454 7104//4454 7177//4454
f 7104//4454 7178//4454 7177//4454
f 7104//4454 7105//4454 7178//4454
f 7105//4454 7179//4454 7178//4454
f 7105//4454 7106//4454 7179//4454
f 7106//4454 7180//4454 7179//4454
f 7106//4454 7107//4454 7180//4454
f 7107//4454 7181//4454 7180//4454
f 7107//4454 7108//4454 7181//4454
f 7108//4454 7182//4454 7181//4454
f 7108//4454 7109//4454 7182//4454
f 7109//4454 7183//4454 7182//4454
f 7109//4454 7110//4454 7183//4454
f 7110//4454 7184//4454 7183//4454
f 7110//4454 7111//4454 7184//4454
f 7111//4454 7185//4454 7184//4454
f 7111//4454 7112//4454 7185//4454
f 7112//4454 7186//4454 7185//4454
f 7112//4454 7113//4454 7186//4454
f 7113//4454 7187//4454 7186//4454
f 7113//4454 7114//4454 7187//4454
f 7114//4454 7188//4454 7187//4454
f 7114//4454 7115//4454 7188//4454
f 7115//4454 7189//4454 7188//4454
f 7115//4454 7116//4454 7189//4454
f 7116//4454 7190//4454 7189//4454
f 7116//4454 7117//4454 7190//4454
f 7117//4454 7191//4454 7190//4454
f 7117//4454 7118//4454 7191//4454
f 7118//4454 7192//4454 7191//4454
f 7118//4454 7119//4454 7192//4454
f 7119//4454 7193//4454 7192//4454
f 7119//4454 7120//4454 7193//4454
f 7120//4454 7194//4454 7193//4454
f 7120//4454 7121//4454 7194//4454
f 7121//4454 7195//4454 7194//4454
f 7121//4454 7122//4454 7195//4454
f 7122//4454 7196//4454 7195//4454
f 7122//4454 7123//4454 7196//4454
f 7123//4454 7197//4454 7196//4454
f 7123//4454 7124//4454 7197//4454
f 7124//4454 7198//4454 7197//4454
f 7124//4454 7125//4454 7198//4454
f 7125//4454 7199//4454 7198//4454
f 7125//4454 7126//4454 7199//4454
f 7126//4454 7200//4454 7199//4454
f 7126//4454 7127//4454 7200//4454
f 7127//4454 7201//4454 7200//4454
f 7127//4454 7128//4454 7201//4454
f 7128//4454 7202//4454 7201//4454
f 7128//4454 7129//4454 7202//4454
f 7129//4454 7203//4454 7202//4454
f 7129//4454 7130//4454 7203//4454
f 7130//4454 7204//4454 7203//4454
f 7130//4454 7131//4454 7204//4454
f 7131//4454 7205//4454 7204//4454
f 7131//4454 7132//4454 7205//4454
f 7132//4454 7206//4454 7205//4454
f 7132//4454 7133//4454 7206//4454
f 7133//4454 7207//4454 7206//4454
f 7133//4454 7134//4454 7207//4454
f 7134//4454 7208//4454 7207//4454
f 7134//4454 7135//4454 7208//4454
f 7135//4454 7209//4454 7208//4454
f 7135//4454 7136//4454 7209//4454
f 7136//4454 7210//4454 7209//4454
f 7136//4454 7137//4454 7210//4454
f 7137//4454 7211//4454 7210//4454
f 7137//4454 7138//4454 7211//4454
f 7138//4454 7212//4454 7211//4454
f 7138//4454 7139//4454 7212//4454
f 7139//4454 7213//4454 7212//4454
f 7139//4454 7140//4454 7213//4454
f 7140//4454 7214//4454 7213//4454
f 7140//4454 7141//4454 7214//4454
f 7141//4454 7215//4454 7214//4454
f 7141//4454 7142//4454 7215//4454
f 7142//4454 7216//4454 7215//4454
f 7142//4454 7143//4454 7216//4454
f 7143//4454 7217//4454 7216//4454
f 7143//4454 7144//4454 7217//4454
f 7144//4454 7218//4454 7217//4454
f 7144//4454 7145//4454 7218//4454
f 7145//4454 7219//4454 7218//4454
f 7145//4454 7146//4454 7219//4454
f 7146//4454 7220//4454 7219//4454
f 7146//4454 7147//4454 7220//4454
f 7147//4454 7221//4454 7220//4454
f 7147//4454 7148//4454 7221//4454
f 7148//4454 7222//4454 7221//4454
f 7148//4454 7149//4454 7222//4454
f 7149//4454 7223//4454 7222//4454
f 7149//4454 7150//4454 7223//4454
f 7150//4454 7224//4454 7223//4454
f 7150//4454 7151//4454 7224//4454
f 7151//4454 7225//4454 7224//4454
f 7151//4454 7152//4454 7225//4454
f 7152//4454 7226//4454 7225//4454
f 7152//4454 7153//4454 7226//4454
f 7153//4454 7227//4454 7226//4454
f 7153//4454 7154//4454 7227//4454
f 7155//4454 7229//4454 7228//4454
f 7155//4454 7156//4454 7229//4454
f 7156//4454 7230//4454 7229//4454
f 7156//4454 7157//4454 7230//4454
f 7157//4454 7231//4454 7230//4454
f 7157//4454 7158//4454 7231//4454
f 7158//4454 7232//4454 7231//4454
f 7158//4454 7159//4454 7232//4454
f 7159//4454 7233//4454 7232//4454
f 7159//4454 7160//4454 7233//4454
f 7160//4454 7234//4454 7233//4454
f 7160//4454 7161//4454 7234//4454
f 7161//4454 7235//4454 7234//4454
f 7161//4454 7162//4454 7235//4454
f 7162//4454 7236//4454 7235//4454
f 7162//4454 7163//4454 7236//4454
f 7163//4454 7237//4454 7236//4454
f 7163//4454 7164//4454 7237//4454
f 7164//4454 7238//4454 7237//4454
f 7164//4454 7165//4454 7238//4454
f 7165//4454 7239//4454 7238//4454
f 7165//4454 7166//4454 7239//4454
f 7166//4454 7240//4454 7239//4454
f 7166//4454 7167//4454 7240//4454
f 7167//4454 7241//4454 7240//4454
f 7167//4454 7168//4454 7241//4454
f 7168//4454 7242//4454 7241//4454
f 7168//4454 7169//4454 7242//4454
f 7169//4454 7243//4454 7242//4454
f 7169//4454 7170//4454 7243//4454
f 7170//4454 7244//4454 7243//4454
f 7170//4454 7171//4454 7244//4454
f 7171//4454 7245//4454 7244//4454
f 7171//4454 7172//4454 7245//4454
f 7172//4454 7246//4454 7245//4454
f 7172//4454 7173//4454 7246//4454
f 7173//4454 7247//4454 7246//4454
f 7173//4454 7174//4454 7247//4454
f 7174//4454 7248//4454 7247//4454
f 7174//4454 7175//4454 7248//4454
f 7175//4454 7249//4454 7248//4454
f 7175//4454 7176//4454 7249//4454
f 7176//4454 7250//4454 7249//4454
f 7176//4454 7177//4454 7250//4454
f 7177//4454 7251//4454 7250//4454
f 7177//4454 7178//4454 7251//4454
f 7178//4454 7252//4454 7251//4454
f 7178//4454 7179//4454 7252//4454
f 7179//4454 7253//4454 7252//4454
f 7179//4454 7180//4454 7253//4454
f 7180//4454 7254//4454 7253//4454
f 7180//4454 7181//4454 7254//4454
f 7181//4454 7255//4454 7254//4454
f 7181//4454 7182//4454 7255//4454
f 7182//4454 7256//4454 7255//4454
f 7182//4454 7183//4454 7256//4454
f 7183//4454 7257//4454 7256//4454
f 7183//4454 7184//4454 7257//4454
f 7184//4454 7258//4454 7257//4454
f 7184//4454 7185//4454 7258//4454
f 7185//4454 7259//4454 7258//4454
f 7185//4454 7186//4454 7259//4454
f 7186//4454 7260//4454 7259//4454
f 7186//4454 7187//4454 7260//4454
f 7187//4454 7261//4454 7260//4454
f 7187//4454 7188//4454 7261//4454
f 7188//4454 7262//4454 7261//4454
f 7188//4454 7189//4454 7262//4454
f 7189//4454 7263//4454 7262//4454
f 7189//4454 7190//4454 7263//4454
f 7190//4454 7264//4454 7263//4454
f 7190//4454 7191//4454 7264//4454
f 7191//4454 7265//4454 7264//4454
f 7191//4454 7192//4454 7265//4454
f 7192//4454 7266//4454 7265//4454
f 7192//4454 7193//4454 7266//4454
f 7193//4454 7267//4454 7266//4454
f 7193//4454 7194//4454 7267//4454
f 7194//4454 7268//4454 7267//4454
f 7194//4454 7195//4454 7268//4454
f 7195//4454 7269//4454 7268//4454
f 7195//4454 7196//4454 7269//4454
f 7196//4454 7270//4454 7269//4454
f 7196//4454 7197//4454 7270//4454
f 7197//4454 7271//4454 7270//4454
f 7197//4454 7198//4454 7271//4454
f 7198//4454 7272//4454 7271//4454
f 7198//4454 7199//4454 7272//4454
f 7199//4454 7273//4454 7272//4454
f 7199//4454 7200//4454 7273//4454
f 7200//4454 7274//4454 7273//4454
f 7200//4454 7201//4454 7274//4454
f 7201//4454 7275//4454 7274//4454
f 7201//4454 7202//4454 7275//4454
f 7202//4454 7276//4454 7275//4454
f 7202//4454 7203//4454 7276//4454
f 7203//4454 7277//4454 7276//4454
f 7203//4454 7204//4454 7277//4454
f 7204//4454 7278//4454 7277//4454
f 7204//4454 7205//4454 7278//4454
f 7205//4454 7279//4454 7278//4454
f 7205//4454 7206//4454 7279//4454
f 7206//4454 7280//4454 7279//4454
f 7206//4454 7207//4454 7280//4454
f 7207//4454 7281//4454 7280//4454
f 7207//4454 7208//4454 7281//4454
f 7208//4454 7282//4454 7281//4454
f 7208//4454 7209//4454 7282//4454
f 7209//4454 7283//4454 7282//4454
f 7209//4454 7210//4454 7283//4454
f 7210//4454 7284//4454 7283//4454
f 7210//4454 7211//4454 7284//4454
f 7211//4454 7285//4454 7284//4454
f 7211//4454 7212//4454 7285//4454
f 7212//4454 7286//4454 7285//4454
f 7212//4454 7213//4454 7286//4454
f 7213//4454 7287//4454 7286//4454
f 7213//4454 7214//4454 7287//4454
f 7214//4454 7288//4454 7287//4454
f 7214//4454 7215//4454 7288//4454
f 7215//4454 7289//4454 7288//4454
f 7215//4454 7216//4454 7289//4454
f 7216//4454 7290//4454 7289//4454
f 7216//4454 7217//4454 7290//4454
f 7217//4454 7291//4454 7290//4454
f 7217//4454 7218//4454 7291//4454
f 7218//4454 7292//4454 7291//4454
f 7218//4454 7219//4454 7292//4454
f 7219//4454 7293//4454 7292//4454
f 7219//4454 7220//4454 7293//4454
f 7220//4454 7294//4454 7293//4454
f 7220//4454 7221//4454 7294//4454
f 7221//4454 7295//4454 7294//4454
f 7221//4454 7222//4454 7295//4454
f 7222//4454 7296//4454 7295//4454
f 7222//4454 7223//4454 7296//4454
f 7223//4454 7297//4454 7296//4454
f 7223//4454 7224//4454 7297//4454
f 7224//4454 7298//4454 7297//4454
f 7224//4454 7225//4454 7298//4454
f 7225//4454 7299//4454 7298//4454
f 7225//4454 7226//4454 7299//4454
f 7226//4454 7300//4454 7299//4454
f 7226//4454 7227//4454 7300//4454
f 7228//4454 7302//4454 7301//4454
f 7228//4454 7229//4454 7302//4454
f 7229//4454 7303//4454 7302//4454
f 7229//4454 7230//4454 7303//4454
f 7230//4454 7304//4454 7303//4454
f 7230//4454 7231//4454 7304//4454
f 7231//4454 7305//4454 7304//4454
f 7231//4454 7232//4454 7305//4454
f 7232//4454 7306//4454 7305//4454
f 7232//4454 7233//4454 7306//4454
f 7233//4454 7307//4454 7306//4454
f 7233//4454 7234//4454 7307//4454
f 7234//4454 7308//4454 7307//4454
f 7234//4454 7235//4454 7308//4454
f 7235//4454 7309//4454 7308//4454
f 7235//4454 7236//4454 7309//4454
f 7236//4454 7310//4454 7309//4454
f 7236//4454 7237//4454 7310//4454
f 7237//4454 7311//4454 7310//4454
f 7237//4454 7238//4454 7311//4454
f 7238//4454 7312//4454 7311//4454
f 7238//4454 7239//4454 7312//4454
f 7239//4454 7313//4454 7312//4454
f 7239//4454 7240//4454 7313//4454
f 7240//4454 7314//4454 7313//4454
f 7240//4454 7241//4454 7314//4454
f 7241//4454 7315//4454 7314//4454
f 7241//4454 7242//4454 7315//4454
f 7242//4454 7316//4454 7315//4454
f 7242//4454 7243//4454 7316//4454
f 7243//4454 7317//4454 7316//4454
f 7243//4454 7244//4454 7317//4454
f 7244//4454 7318//4454 7317//4454
f 7244//4454 7245//4454 7318//4454
f 7245//4454 7319//4454 7318//4454
f 7245//4454 7246//4454 7319//4454
f 7246//4454 7320//4454 7319//4454
f 7246//4454 7247//4454 7320//4454
f 7247//4454 7321//4454 7320//4454
f 7247//4454 7248//4454 7321//4454
f 7248//4454 7322//4454 7321//4454
f 7248//4454 7249//4454 7322//4454
f 7249//4454 7323//4454 7322//4454
f 7249//4454 7250//4454 7323//4454
f 7250//4454 7324//4454 7323//4454
f 7250//4454 7251//4454 7324//4454
f 7251//4454 7325//4454 7324//4454
f 7251//4454 7252//4454 7325//4454
f 7252//4454 7326//4454 7325//4454
f 7252//4454 7253//4454 7326//4454
f 7253//4454 7327//4454 7326//4454
f 7253//4454 7254//4454 7327//4454
f 7254//4454 7328//4454 7327//4454
f 7254//4454 7255//4454 7328//4454
f 7255//4454 7329//4454 7328//4454
f 7255//4454 7256//4454 7329//4454
f 7256//4454 7330//4454 7329//4454
f 7256//4454 7257//4454 7330//4454
f 7257//4454 7331//4454 7330//4454
f 7257//4454 7258//4454 7331//4454
f 7258//4454 7332//4454 7331//4454
f 7258//4454 7259//4454 7332//4454
f 7259//4454 7333//4454 7332//4454
f 7259//4454 7260//4454 7333//4454
f 7260//4454 7334//4454 7333//4454
f 7260//4454 7261//4454 7334//4454
f 7261//4454 7335//4454 7334//4454
f 7261//4454 7262//4454 7335//4454
f 7262//4454 7336//4454 7335//4454
f 7262//4454 7263//4454 7336//4454
f 7263//4454 7337//4454 7336//4454
f 7263//4454 7264//4454 7337//4454
f 7264//4454 7338//4454 7337//4454
f 7264//4454 7265//4454 7338//4454
f 7265//4454 7339//4454 7338//4454
f 7265//4454 7266//4454 7339//4454
f 7266//4454 7340//4454 7339//4454
f 7266//4454 7267//4454 7340//4454
f 7267//4454 7341//4454 7340//4454
f 7267//4454 7268//4454 7341//4454
f 7268//4454 7342//4454 7341//4454
f 7268//4454 7269//4454 7342//4454
f 7269//4454 7343//4454 7342//4454
f 7269//4454 7270//4454 7343//4454
f 7270//4454 7344//4454 7343//4454
f 7270//4454 7271//4454 7344//4454
f 7271//4454 7345//4454 7344//4454
f 7271//4454 7272//4454 7345//4454
f 7272//4454 7346//4454 7345//4454
f 7272//4454 7273//4454 7346//4454
f 7273//4454 7347//4454 7346//4454
f 7273//4454 7274//4454 7347//4454
f 7274//4454 7348//4454 7347//4454
f 7274//4454 7275//4454 7348//4454
f 7275//4454 7349//4454 7348//4454
f 7275//4454 7276//4454 7349//4454
f 7276//4454 7350//4454 7349//4454
f 7276//4454 7277//4454 7350//4454
f 7277//4454 7351//4454 7350//4454
f 7277//4454 7278//4454 7351//4454
f 7278//4454 7352//4454 7351//4454
f 7278//4454 7279//4454 7352//4454
f 7279//4454 7353//4454 7352//4454
f 7279//4454 7280//4454 7353//4454
f 7280//4454 7354//4454 7353//4454
f 7280//4454 7281//4454 7354//4454
f 7281//4454 7355//4454 7354//4454
f 7281//4454 7282//4454 7355//4454
f 7282//4454 7356//4454 7355//4454
f 7282//4454 7283//4454 7356//4454
f 7283//4454 7357//4454 7356//4454
f 7283//4454 7284//4454 7357//4454
f 7284//4454 7358//4454 7357//4454
f 7284//4454 7285//4454 7358//4454
f 7285//4454 7359//4454 7358//4454
f 7285//4454 7286//4454 7359//4454
f 7286//4454 7360//4454 7359//4454
f 7286//4454 7287//4454 7360//4454
f 7287//4454 7361//4454 7360//4454
f 7287//4454 7288//4454 7361//4454
f 7288//4454 7362//4454 7361//4454
f 7288//4454 7289//4454 7362//4454
f 7289//4454 7363//4454 7362//4454
f 7289//4454 7290//4454 7363//4454
f 7290//4454 7364//4454 7363//4454
f 7290//4454 7291//4454 7364//4454
f 7291//4454 7365//4454 7364//4454
f 7291//4454 7292//4454 7365//4454
f 7292//4454 7366//4454 7365//4454
f 7292//4454 7293//4454 7366//4454
f 7293//4454 7367//4454 7366//4454
f 7293//4454 7294//4454 7367//4454
f 7294//4454 7368//4454 7367//4454
f 7294//4454 7295//4454 7368//4454
f 7295//4454 7369//4454 7368//4454
f 7295//4454 7296//4454 7369//4454
f 7296//4454 7370//4454 7369//4454
f 7296//4454 7297//4454 7370//4454
f 7297//4454 7371//4454 7370//4454
f 7297//4454 7298//4454 7371//4454
f 7298//4454 7372//4454 7371//4454
f 7298//4454 7299//4454 7372//4454
f 7299//4454 7373//4454 7372//4454
f 7299//4454 7300//4454 7373//4454
f 7301//4454 7375//4454 7374//4454
f 7301//4454 7302//4454 7375//4454
f 7302//4454 7376//4454 7375//4454
f 7302//4454 7303//4454 7376//4454
f 7303//4454 7377//4454 7376//4454
f 7303//4454 7304//4454 7377//4454
f 7304//4454 7378//4454 7377//4454
f 7304//4454 7305//4454 7378//4454
f 7305//4454 7379//4454 7378//4454
f 7305//4454 7306//4454 7379//4454
f 7306//4454 7380//4454 7379//4454
f 7306//4454 7307//4454 7380//4454
f 7307//4454 7381//4454 7380//4454
f 7307//4454 7308//4454 7381//4454
f 7308//4454 7382//4454 7381//4454
f 7308//4454 7309//4454 7382//4454
f 7309//4454 7383//4454 7382//4454
f 7309//4454 7310//4454 7383//4454
f 7310//4454 7384//4454 7383//4454
f 7310//4454 7311//4454 7384//4454
f 7311//4454 7385//4454 7384//4454
f 7311//4454 7312//4454 7385//4454
f 7312//4454 7386//4454 7385//4454
f 7312//4454 7313//4454 7386//4454
f 7313//4454 7387//4454 7386//4454
f 7313//4454 7314//4454 7387//4454
f 7314//4454 7388//4454 7387//4454
f 7314//4454 7315//4454 7388//4454
f 7315//4454 7389//4454 7388//4454
f 7315//4454 7316//4454 7389//4454
f 7316//4454 7390//4454 7389//4454
f 7316//4454 7317//4454 7390//4454
f 7317//4454 7391//4454 7390//4454
f 7317//4454 7318//4454 7391//4454
f 7318//4454 7392//4454 7391//4454
f 7318//4454 7319//4454 7392//4454
f 7319//4454 7393//4454 7392//4454
f 7319//4454 7320//4454 7393//4454
f 7320//4454 7394//4454 7393//4454
f 7320//4454 7321//4454 7394//4454
f 7321//4454 7395//4454 7394//4454
f 7321//4454 7322//4454 7395//4454
f 7322//4454 7396//4454 7395//4454
f 7322//4454 7323//4454 7396//4454
f 7323//4454 7397//4454 7396//4454
f 7323//4454 7324//4454 7397//4454
f 7324//4454 7398//4454 7397//4454
f 7324//4454 7325//4454 7398//4454
f 7325//4454 7399//4454 7398//4454
f 7325//4454 7326//4454 7399//4454
f 7326//4454 7400//4454 7399//4454
f 7326//4454 7327//4454 7400//4454
f 7327//4454 7401//4454 7400//4454
f 7327//4454 7328//4454 7401//4454
f 7328//4454 7402//4454 7401//4454
f 7328//4454 7329//4454 7402//4454
f 7329//4454 7403//4454 7402//4454
f 7329//4454 7330//4454 7403//4454
f 7330//4454 7404//4454 7403//4454
f 7330//4454 7331//4454 7404//4454
f 7331//4454 7405//4454 7404//4454
f 7331//4454 7332//4454 7405//4454
f 7332//4454 7406//4454 7405//4454
f 7332//4454 7333//4454 7406//4454
f 7333//4454 7407//4454 7406//4454
f 7333//4454 7334//4454 7407//4454
f 7334//4454 7408//4454 7407//4454
f 7334//4454 7335//4454 7408//4454
f 7335//4454 7409//4454 7408//4454
f 7335//4454 7336//4454 7409//4454
f 7336//4454 7410//4454 7409//4454
f 7336//4454 7337//4454 7410//4454
f 7337//4454 7411//4454 7410//4454
f 7337//4454 7338//4454 7411//4454
f 7338//4454 7412//4454 7411//4454
f 7338//4454 7339//4454 7412//4454
f 7339//4454 7413//4454 7412//4454
f 7339//4454 7340//4454 7413//4454
f 7340//4454 7414//4454 7413//4454
f 7340//4454 7341//4454 7414//4454
f 7341//4454 7415//4454 7414//4454
f 7341//4454 7342//4454 7415//4454
f 7342//4454 7416//4454 7415//4454
f 7342//4454 7343//4454 7416//4454
f 7343//4454 7417//4454 7416//4454
f 7343//4454 7344//4454 7417//4454
f 7344//4454 7418//4454 7417//4454
f 7344//4454 7345//4454 7418//4454
f 7345//4454 7419//4454 7418//4454
f 7345//4454 7346//4454 7419//4454
f 7346//4454 7420//4454 7419//4454
f 7346//4454 7347//4454 7420//4454
f 7347//4454 7421//4454 7420//4454
f 7347//4454 7348//4454 7421//4454
f 7348//4454 7422//4454 7421//4454
f 7348//4454 7349//4454 7422//4454
f 7349//4454 7423//4454 7422//4454
f 7349//4454 7350//4454 7423//4454
f 7350//4454 7424//4454 7423//4454
f 7350//4454 7351//4454 7424//4454
f 7351//4454 7425//4454 7424//4454
f 7351//4454 7352//4454 7425//4454
f 7352//4454 7426//4454 7425//4454
f 7352//4454 7353//4454 7426//4454
f 7353//4454 7427//4454 7426//4454
f 7353//4454 7354//4454 7427//4454
f 7354//4454 7428//4454 7427//4454
f 7354//4454 7355//4454 7428//4454
f 7355//4454 7429//4454 7428//4454
f 7355//4454 7356//4454 7429//4454
f 7356//4454 7430//4454 7429//4454
f 7356//4454 7357//4454 7430//4454
f 7357//4454 7431//4454 7430//4454
f 7357//4454 7358//4454 7431//4454
f 7358//4454 7432//4454 7431//4454
f 7358//4454 7359//4454 7432//4454
f 7359//4454 7433//4454 7432//4454
f 7359//4454 7360//4454 7433//4454
f 7360//4454 7434//4454 7433//4454
f 7360//4454 7361//4454 7434//4454
f 7361//4454 7435//4454 7434//4454
f 7361//4454 7362//4454 7435//4454
f 7362//4454 7436//4454 7435//4454
f 7362//4454 7363//4454 7436//4454
f 7363//4454 7437//4454 7436//4454
f 7363//4454 7364//4454 7437//4454
f 7364//4454 7438//4454 7437//4454
f 7364//4454 7365//4454 7438//4454
f 7365//4454 7439//4454 7438//4454
f 7365//4454 7366//4454 7439//4454
f 7366//4454 7440//4454 7439//4454
f 7366//4454 7367//4454 7440//4454
f 7367//4454 7441//4454 7440//4454
f 7367//4454 7368//4454 7441//4454
f 7368//4454 7442//4454 7441//4454
f 7368//4454 7369//4454 7442//4454
f 7369//4454 7443//4454 7442//4454
f 7369//4454 7370//4454 7443//4454
f 7370//4454 7444//4454 7443//4454
f 7370//4454 7371//4454 7444//4454
f 7371//4454 7445//4454 7444//4454
f 7371//4454 7372//4454 7445//4454
f 7372//4454 7446//4454 7445//4454
f 7372//4454 7373//4454 7446//4454
f 7374//4454 7448//4454 7447//4454
f 7374//4454 7375//4454 7448//4454
f 7375//4454 7449//4454 7448//4454
f 7375//4454 7376//4454 7449//4454
f 7376//4454 7450//4454 7449//4454
f 7376//4454 7377//4454 7450//4454
f 7377//4454 7451//4454 7450//4454
f 7377//4454 7378//4454 7451//4454
f 7378//4454 7452//4454 7451//4454
f 7378//4454 7379//4454 7452//4454
f 7379//4454 7453//4454 7452//4454
f 7379//4454 7380//4454 7453//4454
f 7380//4454 7454//4454 7453//4454
f 7380//4454 7381//4454 7454//4454
f 7381//4454 7455//4454 7454//4454
f 7381//4454 7382//4454 7455//4454
f 7382//4454 7456//4454 7455//4454
f 7382//4454 7383//4454 7456//4454
f 7383//4454 7457//4454 7456//4454
f 7383//4454 7384//4454 7457//4454
f 7384//4454 7458//4454 7457//4454
f 7384//4454 7385//4454 7458//4454
f 7385//4454 7459//4454 7458//4454
f 7385//4454 7386//4454 7459//4454
f 7386//4454 7460//4454 7459//4454
f 7386//4454 7387//4454 7460//4454
f 7387//4454 7461//4454 7460//4454
f 7387//4454 7388//4454 7461//4454
f 7388//4454 7462//4454 7461//4454
f 7388//4454 7389//4454 7462//4454
f 7389//4454 7463//4454 7462//4454
f 7389//4454 7390//4454 7463//4454
f 7390//4454 7464//4454 7463//4454
f 7390//4454 7391//4454 7464//4454
f 7391//4454 7465//4454 7464//4454
f 7391//4454 7392//4454 7465//4454
f 7392//4454 7466//4454 7465//4454
f 7392//4454 7393//4454 7466//4454
f 7393//4454 7467//4454 7466//4454
f 7393//4454 7394//4454 7467//4454
f 7394//4454 7468//4454 7467//4454
f 7394//4454 7395//4454 7468//4454
f 7395//4454 7469//4454 7468//4454
f 7395//4454 7396//4454 7469//4454
f 7396//4454 7470//4454 7469//4454
f 7396//4454 7397//4454 7470//4454
f 7397//4454 7471//4454 7470//4454
f 7397//4454 7398//4454 7471//4454
f 7398//4454 7472//4454 7471//4454
f 7398//4454 7399//4454 7472//4454
f 7399//4454 7473//4454 7472//4454
f 7399//4454 7400//4454 7473//4454
f 7400//4454 7474//4454 7473//4454
f 7400//4454 7401//4454 7474//4454
f 7401//4454 7475//4454 7474//4454
f 7401//4454 7402//4454 7475//4454
f 7402//4454 7476//4454 7475//4454
f 7402//4454 7403//4454 7476//4454
f 7403//4454 7477//4454 7476//4454
f 7403//4454 7404//4454 7477//4454
f 7404//4454 7478//4454 7477//4454
f 7404//4454 7405//4454 7478//4454
f 7405//4454 7479//4454 7478//4454
f 7405//4454 7406//4454 7479//4454
f 7406//4454 7480//4454 7479//4454
f 7406//4454 7407//4454 7480//4454
f 7407//4454 7481//4454 7480//4454
f 7407//4454 7408//4454 7481//4454
f 7408//4454 7482//4454 7481//4454
f 7408//4454 7409//4454 7482//4454
f 7409//4454 7483//4454 7482//4454
f 7409//4454 7410//4454 7483//4454
f 7410//4454 7484//4454 7483//4454
f 7410//4454 7411//4454 7484//4454
f 7411//4454 7485//4454 7484//4454
f 7411//4454 7412//4454 7485//4454
f 7412//4454 7486//4454 7485//4454
f 7412//4454 7413//4454 7486//4454
f 7413//4454 7487//4454 7486//4454
f 7413//4454 7414//4454 7487//4454
f 7414//4454 7488//4454 7487//4454
f 7414//4454 7415//4454 7488//4454
f 7415//4454 7489//4454 7488//4454
f 7415//4454 7416//4454 7489//4454
f 7416//4454 7490//4454 7489//4454
f 7416//4454 7417//4454 7490//4454
f 7417//4454 7491//4454 7490//4454
f 7417//4454 7418//4454 7491//4454
f 7418//4454 7492//4454 7491//4454
f 7418//4454 7419//4454 7492//4454
f 7419//4454 7493//4454 7492//4454
f 7419//4454 7420//4454 7493//4454
f 7420//4454 7494//4454 7493//4454
f 7420//4454 7421//4454 7494//4454
f 7421//4454 7495//4454 7494//4454
f 7421//4454 7422//4454 7495//4454
f 7422//4454 7496//4454 7495//4454
f 7422//4454 7423//4454 7496//4454
f 7423//4454 7497//4454 7496//4454
f 7423//4454 7424//4454 7497//4454
f 7424//4454 7498//4454 7497//4454
f 7424//4454 7425//4454 7498//4454
f 7425//4454 7499//4454 7498//4454
f 7425//4454 7426//4454 7499//4454
f 7426//4454 7500//4454 7499//4454
f 7426//4454 7427//4454 7500//4454
f 7427//4454 7501//4454 7500//4454
f 7427//4454 7428//4454 7501//4454
f 7428//4454 7502//4454 7501//4454
f 7428//4454 7429//4454 7502//4454
f 7429//4454 7503//4454 7502//4454
f 7429//4454 7430//4454 7503//4454
f 7430//4454 7504//4454 7503//4454
f 7430//4454 7431//4454 7504//4454
f 7431//4454 7505//4454 7504//4454
f 7431//4454 7432//4454 7505//4454
f 7432//4454 7506//4454 7505//4454
f 7432//4454 7433//4454 7506//4454
f 7433//4454 7507//4454 7506//4454
f 7433//4454 7434//4454 7507//4454
f 7434//4454 7508//4454 7507//4454
f 7434//4454 7435//4454 7508//4454
f 7435//4454 7509//4454 7508//4454
f 7435//4454 7436//4454 7509//4454
f 7436//4454 7510//4454 7509//4454
f 7436//4454 7437//4454 7510//4454
f 7437//4454 7511//4454 7510//4454
f 7437//4454 7438//4454 7511//4454
f 7438//4454 7512//4454 7511//4454
f 7438//4454 7439//4454 7512//4454
f 7439//4454 7513//4454 7512//4454
f 7439//4454 7440//4454 7513//4454
f 7440//4454 7514//4454 7513//4454
f 7440//4454 7441//4454 7514//4454
f 7441//4454 7515//4454 7514//4454
f 7441//4454 7442//4454 7515//4454
f 7442//4454 7516//4454 7515//4454
f 7442//4454 7443//4454 7516//4454
f 7443//4454 7517//4454 7516//4454
f 7443//4454 7444//4454 7517//4454
f 7444//4454 7518//4454 7517//4454
f 7444//4454 7445//4454 7518//4454
f 7445//4454 7519//4454 7518//4454
f 7445//4454 7446//4454 7519//4454
f 7447//4454 7521//4454 7520//4454
f 7447//4454 7448//4454 7521//4454
f 7448//4454 7522//4454 7521//4454
f 7448//4454 7449//4454 7522//4454
f 7449//4454 7523//4454 7522//4454
f 7449//4454 7450//4454 7523//4454
f 7450//4454 7524//4454 7523//4454
f 7450//4454 7451//4454 7524//4454
f 7451//4454 7525//4454 7524//4454
f 7451//4454 7452//4454 7525//4454
f 7452//4454 7526//4454 7525//4454
f 7452//4454 7453//4454 7526//4454
f 7453//4454 7527//4454 7526//4454
f 7453//4454 7454//4454 7527//4454
f 7454//4454 7528//4454 7527//4454
f 7454//4454 7455//4454 7528//4454
f 7455//4454 7529//4454 7528//4454
f 7455//4454 7456//4454 7529//4454
f 7456//4454 7530//4454 7529//4454
f 7456//4454 7457//4454 7530//4454
f 7457//4454 7531//4454 7530//4454
f 7457//4454 7458//4454 7531//4454
f 7458//4454 7532//4454 7531//4454
f 7458//4454 7459//4454 7532//4454
f 7459//4454 7533//4454 7532//4454
f 7459//4454 7460//4454 7533//4454
f 7460//4454 7534//4454 7533//4454
f 7460//4454 7461//4454 7534//4454
f 7461//4454 7535//4454 7534//4454
f 7461//4454 7462//4454 7535//4454
f 7462//4454 7536//4454 7535//4454
f 7462//4454 7463//4454 7536//4454
f 7463//4454 7537//4454 7536//4454
f 7463//4454 7464//4454 7537//4454
f 7464//4454 7538//4454 7537//4454
f 7464//4454 7465//4454 7538//4454
f 7465//4454 7539//4454 7538//4454
f 7465//4454 7466//4454 7539//4454
f 7466//4454 7540//4454 7539//4454
f 7466//4454 7467//4454 7540//4454
f 7467//4454 7541//4454 7540//4454
f 7467//4454 7468//4454 7541//4454
f 7468//4454 7542//4454 7541//4454
f 7468//4454 7469//4454 7542//4454
f 7469//4454 7543//4454 7542//4454
f 7469//4454 7470//4454 7543//4454
f 7470//4454 7544//4454 7543//4454
f 7470//4454 7471//4454 7544//4454
f 7471//4454 7545//4454 7544//4454
f 7471//4454 7472//4454 7545//4454
f 7472//4454 7546//4454 7545//4454
f 7472//4454 7473//4454 7546//4454
f 7473//4454 7547//4454 7546//4454
f 7473//4454 7474//4454 7547//4454
f 7474//4454 7548//4454 7547//4454
f 7474//4454 7475//4454 7548//4454
f 7475//4454 7549//4454 7548//4454
f 7475//4454 7476//4454 7549//4454
f 7476//4454 7550//4454 7549//4454
f 7476//4454 7477//4454 7550//4454
f 7477//4454 7551//4454 7550//4454
f 7477//4454 7478//4454 7551//4454
f 7478//4454 7552//4454 7551//4454
f 7478//4454 7479//4454 7552//4454
f 7479//4454 7553//4454 7552//4454
f 7479//4454 7480//4454 7553//4454
f 7480//4454 7554//4454 7553//4454
f 7480//4454 7481//4454 7554//4454
f 7481//4454 7555//4454 7554//4454
f 7481//4454 7482//4454 7555//4454
f 7482//4454 7556//4454 7555//4454
f 7482//4454 7483//4454 7556//4454
f 7483//4454 7557//4454 7556//4454
f 7483//4454 7484//4454 7557//4454
f 7484//4454 7558//4454 7557//4454
f 7484//4454 7485//4454 7558//4454
f 7485//4454 7559//4454 7558//4454
f 7485//4454 7486//4454 7559//4454
f 7486//4454 7560//4454 7559//4454
f 7486//4454 7487//4454 7560//4454
f 7487//4454 7561//4454 7560//4454
f 7487//4454 7488//4454 7561//4454
f 7488//4454 7562//4454 7561//4454
f 7488//4454 7489//4454 7562//4454
f 7489//4454 7563//4454 7562//4454
f 7489//4454 7490//4454 7563//4454
f 7490//4454 7564//4454 7563//4454
f 7490//4454 7491//4454 7564//4454
f 7491//4454 7565//4454 7564//4454
f 7491//4454 7492//4454 7565//4454
f 7492//4454 7566//4454 7565//4454
f 7492//4454 7493//4454 7566//4454
f 7493//4454 7567//4454 7566//4454
f 7493//4454 7494//4454 7567//4454
f 7494//4454 7568//4454 7567//4454
f 7494//4454 7495//4454 7568//4454
f 7495//4454 7569//4454 7568//4454
f 7495//4454 7496//4454 7569//4454
f 7496//4454 7570//4454 7569//4454
f 7496//4454 7497//4454 7570//4454
f 7497//4454 7571//4454 7570//4454
f 7497//4454 7498//4454 7571//4454
f 7498//4454 7572//4454 7571//4454
f 7498//4454 7499//4454 7572//4454
f 7499//4454 7573//4454 7572//4454
f 7499//4454 7500//4454 7573//4454
f 7500//4454 7574//4454 7573//4454
f 7500//4454 7501//4454 7574//4454
f 7501//4454 7575//4454 7574//4454
f 7501//4454 7502//4454 7575//4454
f 7502//4454 7576//4454 7575//4454
f 7502//4454 7503//4454 7576//4454
f 7503//4454 7577//4454 7576//4454
f 7503//4454 7504//4454 7577//4454
f 7504//4454 7578//4454 7577//4454
f 7504//4454 7505//4454 7578//4454
f 7505//4454 7579//4454 7578//4454
f 7505//4454 7506//4454 7579//4454
f 7506//4454 7580//4454 7579//4454
f 7506//4454 7507//4454 7580//4454
f 7507//4454 7581//4454 7580//4454
f 7507//4454 7508//4454 7581//4454
f 7508//4454 7582//4454 7581//4454
f 7508//4454 7509//4454 7582//4454
f 7509//4454 7583//4454 7582//4454
f 7509//4454 7510//4454 7583//4454
f 7510//4454 7584//4454 7583//4454
f 7510//4454 7511//4454 7584//4454
f 7511//4454 7585//4454 7584//4454
f 7511//4454 7512//4454 7585//4454
f 7512//4454 7586//4454 7585//4454
f 7512//4454 7513//4454 7586//4454
f 7513//4454 7587//4454 7586//4454
f 7513//4454 7514//4454 7587//4454
f 7514//4454 7588//4454 7587//4454
f 7514//4454 7515//4454 7588//4454
f 7515//4454 7589//4454 7588//4454
f 7515//4454 7516//4454 7589//4454
f 7516//4454 7590//4454 7589//4454
f 7516//4454 7517//4454 7590//4454
f 7517//4454 7591//4454 7590//4454
f 7517//4454 7518//4454 7591//4454
f 7518//4454 7592//4454 7591//4454
f 7518//4454 7519//4454 7592//4454
f 7520//4454 7594//4454 7593//4454
f 7520//4454 7521//4454 7594//4454
f 7521//4454 7595//4454 7594//4454
f 7521//4454 7522//4454 7595//4454
f 7522//4454 7596//4454 7595//4454
f 7522//4454 7523//4454 7596//4454
f 7523//4454 7597//4454 7596//4454
f 7523//4454 7524//4454 7597//4454
f 7524//4454 7598//4454 7597//4454
f 7524//4454 7525//4454 7598//4454
f 7525//4454 7599//4454 7598//4454
f 7525//4454 7526//4454 7599//4454
f 7526//4454 7600//4454 7599//4454
f 7526//4454 7527//4454 7600//4454
f 7527//4454 7601//4454 7600//4454
f 7527//4454 7528//4454 7601//4454
f 7528//4454 7602//4454 7601//4454
f 7528//4454 7529//4454 7602//4454
f 7529//4454 7603//4454 7602//4454
f 7529//4454 7530//4454 7603//4454
f 7530//4454 7604//4454 7603//4454
f 7530//4454 7531//4454 7604//4454
f 7531//4454 7605//4454 7604//4454
f 7531//4454 7532//4454 7605//4454
f 7532//4454 7606//4454 7605//4454
f 7532//4454 7533//4454 7606//4454
f 7533//4454 7607//4454 7606//4454
f 7533//4454 7534//4454 7607//4454
f 7534//4454 7608//4454 7607//4454
f 7534//4454 7535//4454 7608//4454
f 7535//4454 7609//4454 7608//4454
f 7535//4454 7536//4454 7609//4454
f 7536//4454 7610//4454 7609//4454
f 7536//4454 7537//4454 7610//4454
f 7537//4454 7611//4454 7610//4454
f 7537//4454 7538//4454 7611//4454
f 7538//4454 7612//4454 7611//4454
f 7538//4454 7539//4454 7612//4454
f 7539//4454 7613//4454 7612//4454
f 7539//4454 7540//4454 7613//4454
f 7540//4454 7614//4454 7613//4454
f 7540//4454 7541//4454 7614//4454
f 7541//4454 7615//4454 7614//4454
f 7541//4454 7542//4454 7615//4454
f 7542//4454 7616//4454 7615//4454
f 7542//4454 7543//4454 7616//4454
f 7543//4454 7617//4454 7616//4454
f 7543//4454 7544//4454 7617//4454
f 7544//4454 7618//4454 7617//4454
f 7544//4454 7545//4454 7618//4454
f 7545//4454 7619//4454 7618//4454
f 7545//4454 7546//4454 7619//4454
f 7546//4454 7620//4454 7619//4454
f 7546//4454 7547//4454 7620//4454
f 7547//4454 7621//4454 7620//4454
f 7547//4454 7548//4454 7621//4454
f 7548//4454 7622//4454 7621//4454
f 7548//4454 7549//4454 7622//4454
f 7549//4454 7623//4454 7622//4454
f 7549//4454 7550//4454 7623//4454
f 7550//4454 7624//4454 7623//4454
f 7550//4454 7551//4454 7624//4454
f 7551//4454 7625//4454 7624//4454
f 7551//4454 7552//4454 7625//4454
f 7552//4454 7626//4454 7625//4454
f 7552//4454 7553//4454 7626//4454
f 7553//4454 7627//4454 7626//4454
f 7553//4454 7554//4454 7627//4454
f 7554//4454 7628//4454 7627//4454
f 7554//4454 7555//4454 7628//4454
f 7555//4454 7629//4454 7628//4454
f 7555//4454 7556//4454 7629//4454
f 7556//4454 7630//4454 7629//4454
f 7556//4454 7557//4454 7630//4454
f 7557//4454 7631//4454 7630//4454
f 7557//4454 7558//4454 7631//4454
f 7558//4454 7632//4454 7631//4454
f 7558//4454 7559//4454 7632//4454
f 7559//4454 7633//4454 7632//4454
f 7559//4454 7560//4454 7633//4454
f 7560//4454 7634//4454 7633//4454
f 7560//4454 7561//4454 7634//4454
f 7561//4454 7635//4454 7634//4454
f 7561//4454 7562//4454 7635//4454
f 7562//4454 7636//4454 7635//4454
f 7562//4454 7563//4454 7636//4454
f 7563//4454 7637//4454 7636//4454
f 7563//4454 7564//4454 7637//4454
f 7564//4454 7638//4454 7637//4454
f 7564//4454 7565//4454 7638//4454
f 7565//4454 7639//4454 7638//4454
f 7565//4454 7566//4454 7639//4454
f 7566//4454 7640//4454 7639//4454
f 7566//4454 7567//4454 7640//4454
f 7567//4454 7641//4454 7640//4454
f 7567//4454 7568//4454 7641//4454
f 7568//4454 7642//4454 7641//4454
f 7568//4454 7569//4454 7642//4454
f 7569//4454 7643//4454 7642//4454
f 7569//4454 7570//4454 7643//4454
f 7570//4454 7644//4454 7643//4454
f 7570//4454 7571//4454 7644//4454
f 7571//4454 7645//4454 7644//4454
f 7571//4454 7572//4454 7645//4454
f 7572//4454 7646//4454 7645//4454
f 7572//4454 7573//4454 7646//4454
f 7573//4454 7647//4454 7646//4454
f 7573//4454 7574//4454 7647//4454
f 7574//4454 7648//4454 7647//4454
f 7574//4454 7575//4454 7648//4454
f 7575//4454 7649//4454 7648//4454
f 7575//4454 7576//4454 7649//4454
f 7576//4454 7650//4454 7649//4454
f 7576//4454 7577//4454 7650//4454
f 7577//4454 7651//4454 7650//4454
f 7577//4454 7578//4454 7651//4454
f 7578//4454 7652//4454 7651//4454
f 7578//4454 7579//4454 7652//4454
f 7579//4454 7653//4454 7652//4454
f 7579//4454 7580//4454 7653//4454
f 7580//4454 7654//4454 7653//4454
f 7580//4454 7581//4454 7654//4454
f 7581//4454 7655//4454 7654//4454
f 7581//4454 7582//4454 7655//4454
f 7582//4454 7656//4454 7655//4454
f 7582//4454 7583//4454 7656//4454
f 7583//4454 7657//4454 7656//4454
f 7583//4454 7584//4454 7657//4454
f 7584//4454 7658//4454 7657//4454
f 7584//4454 7585//4454 7658//4454
f 7585//4454 7659//4454 7658//4454
f 7585//4454 7586//4454 7659//4454
f 7586//4454 7660//4454 7659//4454
f 7586//4454 7587//4454 7660//4454
f 7587//4454 7661//4454 7660//4454
f 7587//4454 7588//4454 7661//4454
f 7588//4454 7662//4454 7661//4454
f 7588//4454 7589//4454 7662//4454
f 7589//4454 7663//4454 7662//4454
f 7589//4454 7590//4454 7663//4454
f 7590//4454 7664//4454 7663//4454
f 7590//4454 7591//4454 7664//4454
f 7591//4454 7665//4454 7664//4454
f 7591//4454 7592//4454 7665//4454
f 7593//4454 7667//4454 7666//4454
f 7593//4454 7594//4454 7667//4454
f 7594//4454 7668//4454 7667//4454
f 7594//4454 7595//4454 7668//4454
f 7595//4454 7669//4454 7668//4454
f 7595//4454 7596//4454 7669//4454
f 7596//4454 7670//4454 7669//4454
f 7596//4454 7597//4454 7670//4454
f 7597//4454 7671//4454 7670//4454
f 7597//4454 7598//4454 7671//4454
f 7598//4454 7672//4454 7671//4454
f 7598//4454 7599//4454 7672//4454
f 7599//4454 7673//4454 7672//4454
f 7599//4454 7600//4454 7673//4454
f 7600//4454 7674//4454 7673//4454
f 7600//4454 7601//4454 7674//4454
f 7601//4454 7675//4454 7674//4454
f 7601//4454 7602//4454 7675//4454
f 7602//4454 7676//4454 7675//4454
f 7602//4454 7603//4454 7676//4454
f 7603//4454 7677//4454 7676//4454
f 7603//4454 7604//4454 7677//4454
f 7604//4454 7678//4454 7677//4454
f 7604//4454 7605//4454 7678//4454
f 7605//4454 7679//4454 7678//4454
f 7605//4454 7606//4454 7679//4454
f 7606//4454 7680//4454 7679//4454
f 7606//4454 7607//4454 7680//4454
f 7607//4454 7681//4454 7680//4454
f 7607//4454 7608//4454 7681//4454
f 7608//4454 7682//4454 7681//4454
f 7608//4454 7609//4454 7682//4454
f 7609//4454 7683//4454 7682//4454
f 7609//4454 7610//4454 7683//4454
f 7610//4454 7684//4454 7683//4454
f 7610//4454 7611//4454 7684//4454
f 7611//4454 7685//4454 7684//4454
f 7611//4454 7612//4454 7685//4454
f 7612//4454 7686//4454 7685//4454
f 7612//4454 7613//4454 7686//4454
f 7613//4454 7687//4454 7686//4454
f 7613//4454 7614//4454 7687//4454
f 7614//4454 7688//4454 7687//4454
f 7614//4454 7615//4454 7688//4454
f 7615//4454 7689//4454 7688//4454
f 7615//4454 7616//4454 7689//4454
f 7616//4454 7690//4454 7689//4454
f 7616//4454 7617//4454 7690//4454
f 7617//4454 7691//4454 7690//4454
f 7617//4454 7618//4454 7691//4454
f 7618//4454 7692//4454 7691//4454
f 7618//4454 7619//4454 7692//4454
f 7619//4454 7693//4454 7692//4454
f 7619//4454 7620//4454 7693//4454
f 7620//4454 7694//4454 7693//4454
f 7620//4454 7621//4454 7694//4454
f 7621//4454 7695//4454 7694//4454
f 7621//4454 7622//4454 7695//4454
f 7622//4454 7696//4454 7695//4454
f 7622//4454 7623//4454 7696//4454
f 7623//4454 7697//4454 7696//4454
f 7623//4454 7624//4454 7697//4454
f 7624//4454 7698//4454 7697//4454
f 7624//4454 7625//4454 7698//4454
f 7625//4454 7699//4454 7698//4454
f 7625//4454 7626//4454 7699//4454
f 7626//4454 7700//4454 7699//4454
f 7626//4454 7627//4454 7700//4454
f 7627//4454 7701//4454 7700//4454
f 7627//4454 7628//4454 7701//4454
f 7628//4454 7702//4454 7701//4454
f 7628//4454 7629//4454 7702//4454
f 7629//4454 7703//4454 7702//4454
f 7629//4454 7630//4454 7703//4454
f 7630//4454 7704//4454 7703//4454
f 7630//4454 7631//4454 7704//4454
f 7631//4454 7705//4454 7704//4454
f 7631//4454 7632//4454 7705//4454
f 7632//4454 7706//4454 7705//4454
f 7632//4454 7633//4454 7706//4454
f 7633//4454 7707//4454 7706//4454
f 7633//4454 7634//4454 7707//4454
f 7634//4454 7708//4454 7707//4454
f 7634//4454 7635//4454 7708//4454
f 7635//4454 7709//4454 7708//4454
f 7635//4454 7636//4454 7709//4454
f 7636//4454 7710//4454 7709//4454
f 7636//4454 7637//4454 7710//4454
f 7637//4454 7711//4454 7710//4454
f 7637//4454 7638//4454 7711//4454
f 7638//4454 7712//4454 7711//4454
f 7638//4454 7639//4454 7712//4454
f 7639//4454 7713//4454 7712//4454
f 7639//4454 7640//4454 7713//4454
f 7640//4454 7714//4454 7713//4454
f 7640//4454 7641//4454 7714//4454
f 7641//4454 7715//4454 7714//4454
f 7641//4454 7642//4454 7715//4454
f 7642//4454 7716//4454 7715//4454
f 7642//4454 7643//4454 7716//4454
f 7643//4454 7717//4454 7716//4454
f 7643//4454 7644//4454 7717//4454
f 7644//4454 7718//4454 7717//4454
f 7644//4454 7645//4454 7718//4454
f 7645//4454 7719//4454 7718//4454
f 7645//4454 7646//4454 7719//4454
f 7646//4454 7720//4454 7719//4454
f 7646//4454 7647//4454 7720//4454
f 7647//4454 7721//4454 7720//4454
f 7647//4454 7648//4454 7721//4454
f 7648//4454 7722//4454 7721//4454
f 7648//4454 7649//4454 7722//4454
f 7649//4454 7723//4454 7722//4454
f 7649//4454 7650//4454 7723//4454
f 7650//4454 7724//4454 7723//4454
f 7650//4454 7651//4454 7724//4454
f 7651//4454 7725//4454 7724//4454
f 7651//4454 7652//4454 7725//4454
f 7652//4454 7726//4454 7725//4454
f 7652//4454 7653//4454 7726//4454
f 7653//4454 7727//4454 7726//4454
f 7653//4454 7654//4454 7727//4454
f 7654//4454 7728//4454 7727//4454
f 7654//4454 7655//4454 7728//4454
f 7655//4454 7729//4454 7728//4454
f 7655//4454 7656//4454 7729//4454
f 7656//4454 7730//4454 7729//4454
f 7656//4454 7657//4454 7730//4454
f 7657//4454 7731//4454 7730//4454
f 7657//4454 7658//4454 7731//4454
f 7658//4454 7732//4454 7731//4454
f 7658//4454 7659//4454 7732//4454
f 7659//4454 7733//4454 7732//4454
f 7659//4454 7660//4454 7733//4454
f 7660//4454 7734//4454 7733//4454
f 7660//4454 7661//4454 7734//4454
f 7661//4454 7735//4454 7734//4454
f 7661//4454 7662//4454 7735//4454
f 7662//4454 7736//4454 7735//4454
f 7662//4454 7663//4454 7736//4454
f 7663//4454 7737//4454 7736//4454
f 7663//4454 7664//4454 7737//4454
f 7664//4454 7738//4454 7737//4454
f 7664//4454 7665//4454 7738//4454
f 7666//4454 7740//4454 7739//4454
f 7666//4454 7667//4454 7740//4454
f 7667//4454 7741//4454 7740//4454
f 7667//4454 7668//4454 7741//4454
f 7668//4454 7742//4454 7741//4454
f 7668//4454 7669//4454 7742//4454
f 7669//4454 7743//4454 7742//4454
f 7669//4454 7670//4454 7743//4454
f 7670//4454 7744//4454 7743//4454
f 7670//4454 7671//4454 7744//4454
f 7671//4454 7745//4454 7744//4454
f 7671//4454 7672//4454 7745//4454
f 7672//4454 7746//4454 7745//4454
f 7672//4454 7673//4454 7746//4454
f 7673//4454 7747//4454 7746//4454
f 7673//4454 7674//4454 7747//4454
f 7674//4454 7748//4454 7747//4454
f 7674//4454 7675//4454 7748//4454
f 7675//4454 7749//4454 7748//4454
f 7675//4454 7676//4454 7749//4454
f 7676//4454 7750//4454 7749//4454
f 7676//4454 7677//4454 7750//4454
f 7677//4454 7751//4454 7750//4454
f 7677//4454 7678//4454 7751//4454
f 7678//4454 7752//4454 7751//4454
f 7678//4454 7679//4454 7752//4454
f 7679//4454 7753//4454 7752//4454
f 7679//4454 7680//4454 7753//4454
f 7680//4454 7754//4454 7753//4454
f 7680//4454 7681//4454 7754//4454
f 7681//4454 7755//4454 7754//4454
f 7681//4454 7682//4454 7755//4454
f 7682//4454 7756//4454 7755//4454
f 7682//4454 7683//4454 7756//4454
f 7683//4454 7757//4454 7756//4454
f 7683//4454 7684//4454 7757//4454
f 7684//4454 7758//4454 7757//4454
f 7684//4454 7685//4454 7758//4454
f 7685//4454 7759//4454 7758//4454
f 7685//4454 7686//4454 7759//4454
f 7686//4454 7760//4454 7759//4454
f 7686//4454 7687//4454 7760//4454
f 7687//4454 7761//4454 7760//4454
f 7687//4454 7688//4454 7761//4454
f 7688//4454 7762//4454 7761//4454
f 7688//4454 7689//4454 7762//4454
f 7689//4454 7763//4454 7762//4454
f 7689//4454 7690//4454 7763//4454
f 7690//4454 7764//4454 7763//4454
f 7690//4454 7691//4454 7764//4454
f 7691//4454 7765//4454 7764//4454
f 7691//4454 7692//4454 7765//4454
f 7692//4454 7766//4454 7765//4454
f 7692//4454 7693//4454 7766//4454
f 7693//4454 7767//4454 7766//4454
f 7693//4454 7694//4454 7767//4454
f 7694//4454 7768//4454 7767//4454
f 7694//4454 7695//4454 7768//4454
f 7695//4454 7769//4454 7768//4454
f 7695//4454 7696//4454 7769//4454
f 7696//4454 7770//4454 7769//4454
f 7696//4454 7697//4454 7770//4454
f 7697//4454 7771//4454 7770//4454
f 7697//4454 7698//4454 7771//4454
f 7698//4454 7772//4454 7771//4454
f 7698//4454 7699//4454 7772//4454
f 7699//4454 7773//4454 7772//4454
f 7699//4454 7700//4454 7773//4454
f 7700//4454 7774//4454 7773//4454
f 7700//4454 7701//4454 7774//4454
f 7701//4454 7775//4454 7774//4454
f 7701//4454 7702//4454 7775//4454
f 7702//4454 7776//4454 7775//4454
f 7702//4454 7703//4454 7776//4454
f 7703//4454 7777//4454 7776//4454
f 7703//4454 7704//4454 7777//4454
f 7704//4454 7778//4454 7777//4454
f 7704//4454 7705//4454 7778//4454
f 7705//4454 7779//4454 7778//4454
f 7705//4454 7706//4454 7779//4454
f 7706//4454 7780//4454 7779//4454
f 7706//4454 7707//4454 7780//4454
f 7707//4454 7781//4454 7780//4454
f 7707//4454 7708//4454 7781//4454
f 7708//4454 7782//4454 7781//4454
f 7708//4454 7709//4454 7782//4454
f 7709//4454 7783//4454 7782//4454
f 7709//4454 7710//4454 7783//4454
f 7710//4454 7784//4454 7783//4454
f 7710//4454 7711//4454 7784//4454
f 7711//4454 7785//4454 7784//4454
f 7711//4454 7712//4454 7785//4454
f 7712//4454 7786//4454 7785//4454
f 7712//4454 7713//4454 7786//4454
f 7713//4454 7787//4454 7786//4454
f 7713//4454 7714//4454 7787//4454
f 7714//4454 7788//4454 7787//4454
f 7714//4454 7715//4454 7788//4454
f 7715//4454 7789//4454 7788//4454
f 7715//4454 7716//4454 7789//4454
f 7716//4454 7790//4454 7789//4454
f 7716//4454 7717//4454 7790//4454
f 7717//4454 7791//4454 7790//4454
f 7717//4454 7718//4454 7791//4454
f 7718//4454 7792//4454 7791//4454
f 7718//4454 7719//4454 7792//4454
f 7719//4454 7793//4454 7792//4454
f 7719//4454 7720//4454 7793//4454
f 7720//4454 7794//4454 7793//4454
f 7720//4454 7721//4454 7794//4454
f 7721//4454 7795//4454 7794//4454
f 7721//4454 7722//4454 7795//4454
f 7722//4454 7796//4454 7795//4454
f 7722//4454 7723//4454 7796//4454
f 7723//4454 7797//4454 7796//4454
f 7723//4454 7724//4454 7797//4454
f 7724//4454 7798//4454 7797//4454
f 7724//4454 7725//4454 7798//4454
f 7725//4454 7799//4454 7798//4454
f 7725//4454 7726//4454 7799//4454
f 7726//4454 7800//4454 7799//4454
f 7726//4454 7727//4454 7800//4454
f 7727//4454 7801//4454 7800//4454
f 7727//4454 7728//4454 7801//4454
f 7728//4454 7802//4454 7801//4454
f 7728//4454 7729//4454 7802//4454
f 7729//4454 7803//4454 7802//4454
f 7729//4454 7730//4454 7803//4454
f 7730//4454 7804//4454 7803//4454
f 7730//4454 7731//4454 7804//4454
f 7731//4454 7805//4454 7804//4454
f 7731//4454 7732//4454 7805//4454
f 7732//4454 7806//4454 7805//4454
f 7732//4454 7733//4454 7806//4454
f 7733//4454 7807//4454 7806//4454
f 7733//4454 7734//4454 7807//4454
f 7734//4454 7808//4454 7807//4454
f 7734//4454 7735//4454 7808//4454
f 7735//4454 7809//4454 7808//4454
f 7735//4454 7736//4454 7809//4454
f 7736//4454 7810//4454 7809//4454
f 7736//4454 7737//4454 7810//4454
f 7737//4454 7811//4454 7810//4454
f 7737//4454 7738//4454 7811//4454
f 7739//4454 7813//4454 7812//4454
f 7739//4454 7740//4454 7813//4454
f 7740//4454 7814//4454 7813//4454
f 7740//4454 7741//4454 7814//4454
f 7741//4454 7815//4454 7814//4454
f 7741//4454 7742//4454 7815//4454
f 7742//4454 7816//4454 7815//4454
f 7742//4454 7743//4454 7816//4454
f 7743//4454 7817//4454 7816//4454
f 7743//4454 7744//4454 7817//4454
f 7744//4454 7818//4454 7817//4454
f 7744//4454 7745//4454 7818//4454
f 7745//4454 7819//4454 7818//4454
f 7745//4454 7746//4454 7819//4454
f 7746//4454 7820//4454 7819//4454
f 7746//4454 7747//4454 7820//4454
f 7747//4454 7821//4454 7820//4454
f 7747//4454 7748//4454 7821//4454
f 7748//4454 7822//4454 7821//4454
f 7748//4454 7749//4454 7822//4454
f 7749//4454 7823//4454 7822//4454
f 7749//4454 7750//4454 7823//4454
f 7750//4454 7824//4454 7823//4454
f 7750//4454 7751//4454 7824//4454
f 7751//4454 7825//4454 7824//4454
f 7751//4454 7752//4454 7825//4454
f 7752//4454 7826//4454 7825//4454
f 7752//4454 7753//4454 7826//4454
f 7753//4454 7827//4454 7826//4454
f 7753//4454 7754//4454 7827//4454
f 7754//4454 7828//4454 7827//4454
f 7754//4454 7755//4454 7828//4454
f 7755//4454 7829//4454 7828//4454
f 7755//4454 7756//4454 7829//4454
f 7756//4454 7830//4454 7829//4454
f 7756//4454 7757//4454 7830//4454
f 7757//4454 7831//4454 7830//4454
f 7757//4454 7758//4454 7831//4454
f 7758//4454 7832//4454 7831//4454
f 7758//4454 7759//4454 7832//4454
f 7759//4454 7833//4454 7832//4454
f 7759//4454 7760//4454 7833//4454
f 7760//4454 7834//4454 7833//4454
f 7760//4454 7761//4454 7834//4454
f 7761//4454 7835//4454 7834//4454
f 7761//4454 7762//4454 7835//4454
f 7762//4454 7836//4454 7835//4454
f 7762//4454 7763//4454 7836//4454
f 7763//4454 7837//4454 7836//4454
f 7763//4454 7764//4454 7837//4454
f 7764//4454 7838//4454 7837//4454
f 7764//4454 7765//4454 7838//4454
f 7765//4454 7839//4454 7838//4454
f 7765//4454 7766//4454 7839//4454
f 7766//4454 7840//4454 7839//4454
f 7766//4454 7767//4454 7840//4454
f 7767//4454 7841//4454 7840//4454
f 7767//4454 7768//4454 7841//4454
f 7768//4454 7842//4454 7841//4454
f 7768//4454 7769//4454 7842//4454
f 7769//4454 7843//4454 7842//4454
f 7769//4454 7770//4454 7843//4454
f 7770//4454 7844//4454 7843//4454
f 7770//4454 7771//4454 7844//4454
f 7771//4454 7845//4454 7844//4454
f 7771//4454 7772//4454 7845//4454
f 7772//4454 7846//4454 7845//4454
f 7772//4454 7773//4454 7846//4454
f 7773//4454 7847//4454 7846//4454
f 7773//4454 7774//4454 7847//4454
f 7774//4454 7848//4454 7847//4454
f 7774//4454 7775//4454 7848//4454
f 7775//4454 7849//4454 7848//4454
f 7775//4454 7776//4454 7849//4454
f 7776//4454 7850//4454 7849//4454
f 7776//4454 7777//4454 7850//4454
f 7777//4454 7851//4454 7850//4454
f 7777//4454 7778//4454 7851//4454
f 7778//4454 7852//4454 7851//4454
f 7778//4454 7779//4454 7852//4454
f 7779//4454 7853//4454 7852//4454
f 7779//4454 7780//4454 7853//4454
f 7780//4454 7854//4454 7853//4454
f 7780//4454 7781//4454 7854//4454
f 7781//4454 7855//4454 7854//4454
f 7781//4454 7782//4454 7855//4454
f 7782//4454 7856//4454 7855//4454
f 7782//4454 7783//4454 7856//4454
f 7783//4454 7857//4454 7856//4454
f 7783//4454 7784//4454 7857//4454
f 7784//4454 7858//4454 7857//4454
f 7784//4454 7785//4454 7858//4454
f 7785//4454 7859//4454 7858//4454
f 7785//4454 7786//4454 7859//4454
f 7786//4454 7860//4454 7859//4454
f 7786//4454 7787//4454 7860//4454
f 7787//4454 7861//4454 7860//4454
f 7787//4454 7788//4454 7861//4454
f 7788//4454 7862//4454 7861//4454
f 7788//4454 7789//4454 7862//4454
f 7789//4454 7863//4454 7862//4454
f 7789//4454 7790//4454 7863//4454
f 7790//4454 7864//4454 7863//4454
f 7790//4454 7791//4454 7864//4454
f 7791//4454 7865//4454 7864//4454
f 7791//4454 7792//4454 7865//4454
f 7792//4454 7866//4454 7865//4454
f 7792//4454 7793//4454 7866//4454
f 7793//4454 7867//4454 7866//4454
f 7793//4454 7794//4454 7867//4454
f 7794//4454 7868//4454 7867//4454
f 7794//4454 7795//4454 7868//4454
f 7795//4454 7869//4454 7868//4454
f 7795//4454 7796//4454 7869//4454
f 7796//4454 7870//4454 7869//4454
f 7796//4454 7797//4454 7870//4454
f 7797//4454 7871//4454 7870//4454
f 7797//4454 7798//4454 7871//4454
f 7798//4454 7872//4454 7871//4454
f 7798//4454 7799//4454 7872//4454
f 7799//4454 7873//4454 7872//4454
f 7799//4454 7800//4454 7873//4454
f 7800//4454 7874//4454 7873//4454
f 7800//4454 7801//4454 7874//4454
f 7801//4454 7875//4454 7874//4454
f 7801//4454 7802//4454 7875//4454
f 7802//4454 7876//4454 7875//4454
f 7802//4454 7803//4454 7876//4454
f 7803//4454 7877//4454 7876//4454
f 7803//4454 7804//4454 7877//4454
f 7804//4454 7878//4454 7877//4454
f 7804//4454 7805//4454 7878//4454
f 7805//4454 7879//4454 7878//4454
f 7805//4454 7806//4454 7879//4454
f 7806//4454 7880//4454 7879//4454
f 7806//4454 7807//4454 7880//4454
f 7807//4454 7881//4454 7880//4454
f 7807//4454 7808//4454 7881//4454
f 7808//4454 7882//4454 7881//4454
f 7808//4454 7809//4454 7882//4454
f 7809//4454 7883//4454 7882//4454
f 7809//4454 7810//4454 7883//4454
f 7810//4454 7884//4454 7883//4454
f 7810//4454 7811//4454 7884//4454
f 7812//4454 7886//4454 7885//4454
f 7812//4454 7813//4454 7886//4454
f 7813//4454 7887//4454 7886//4454
f 7813//4454 7814//4454 7887//4454
f 7814//4454 7888//4454 7887//4454
f 7814//4454 7815//4454 7888//4454
f 7815//4454 7889//4454 7888//4454
f 7815//4454 7816//4454 7889//4454
f 7816//4454 7890//4454 7889//4454
f 7816//4454 7817//4454 7890//4454
f 7817//4454 7891//4454 7890//4454
f 7817//4454 7818//4454 7891//4454
f 7818//4454 7892//4454 7891//4454
f 7818//4454 7819//4454 7892//4454
f 7819//4454 7893//4454 7892//4454
f 7819//4454 7820//4454 7893//4454
f 7820//4454 7894//4454 7893//4454
f 7820//4454 7821//4454 7894//4454
f 7821//4454 7895//4454 7894//4454
f 7821//4454 7822//4454 7895//4454
f 7822//4454 7896//4454 7895//4454
f 7822//4454 7823//4454 7896//4454
f 7823//4454 7897//4454 7896//4454
f 7823//4454 7824//4454 7897//4454
f 7824//4454 7898//4454 7897//4454
f 7824//4454 7825//4454 7898//4454
f 7825//4454 7899//4454 7898//4454
f 7825//4454 7826//4454 7899//4454
f 7826//4454 7900//4454 7899//4454
f 7826//4454 7827//4454 7900//4454
f 7827//4454 7901//4454 7900//4454
f 7827//4454 7828//4454 7901//4454
f 7828//4454 7902//4454 7901//4454
f 7828//4454 7829//4454 7902//4454
f 7829//4454 7903//4454 7902//4454
f 7829//4454 7830//4454 7903//4454
f 7830//4454 7904//4454 7903//4454
f 7830//4454 7831//4454 7904//4454
f 7831//4454 7905//4454 7904//4454
f 7831//4454 7832//4454 7905//4454
f 7832//4454 7906//4454 7905//4454
f 7832//4454 7833//4454 7906//4454
f 7833//4454 7907//4454 7906//4454
f 7833//4454 7834//4454 7907//4454
f 7834//4454 7908//4454 7907//4454
f 7834//4454 7835//4454 7908//4454
f 7835//4454 7909//4454 7908//4454
f 7835//4454 7836//4454 7909//4454
f 7836//4454 7910//4454 7909//4454
f 7836//4454 7837//4454 7910//4454
f 7837//4454 7911//4454 7910//4454
f 7837//4454 7838//4454 7911//4454
f 7838//4454 7912//4454 7911//4454
f 7838//4454 7839//4454 7912//4454
f 7839//4454 7913//4454 7912//4454
f 7839//4454 7840//4454 7913//4454
f 7840//4454 7914//4454 7913//4454
f 7840//4454 7841//4454 7914//4454
f 7841//4454 7915//4454 7914//4454
f 7841//4454 7842//4454 7915//4454
f 7842//4454 7916//4454 7915//4454
f 7842//4454 7843//4454 7916//4454
f 7843//4454 7917//4454 7916//4454
f 7843//4454 7844//4454 7917//4454
f 7844//4454 7918//4454 7917//4454
f 7844//4454 7845//4454 7918//4454
f 7845//4454 7919//4454 7918//4454
f 7845//4454 7846//4454 7919//4454
f 7846//4454 7920//4454 7919//4454
f 7846//4454 7847//4454 7920//4454
f 7847//4454 7921//4454 7920//4454
f 7847//4454 7848//4454 7921//4454
f 7848//4454 7922//4454 7921//4454
f 7848//4454 7849//4454 7922//4454
f 7849//4454 7923//4454 7922//4454
f 7849//4454 7850//4454 7923//4454
f 7850//4454 7924//4454 7923//4454
f 7850//4454 7851//4454 7924//4454
f 7851//4454 7925//4454 7924//4454
f 7851//4454 7852//4454 7925//4454
f 7852//4454 7926//4454 7925//4454
f 7852//4454 7853//4454 7926//4454
f 7853//4454 7927//4454 7926//4454
f 7853//4454 7854//4454 7927//4454
f 7854//4454 7928//4454 7927//4454
f 7854//4454 7855//4454 7928//4454
f 7855//4454 7929//4454 7928//4454
f 7855//4454 7856//4454 7929//4454
f 7856//4454 7930//4454 7929//4454
f 7856//4454 7857//4454 7930//4454
f 7857//4454 7931//4454 7930//4454
f 7857//4454 7858//4454 7931//4454
f 7858//4454 7932//4454 7931//4454
f 7858//4454 7859//4454 7932//4454
f 7859//4454 7933//4454 7932//4454
f 7859//4454 7860//4454 7933//4454
f 7860//4454 7934//4454 7933//4454
f 7860//4454 7861//4454 7934//4454
f 7861//4454 7935//4454 7934//4454
f 7861//4454 7862//4454 7935//4454
f 7862//4454 7936//4454 7935//4454
f 7862//4454 7863//4454 7936//4454
f 7863//4454 7937//4454 7936//4454
f 7863//4454 7864//4454 7937//4454
f 7864//4454 7938//4454 7937//4454
f 7864//4454 7865//4454 7938//4454
f 7865//4454 7939//4454 7938//4454
f 7865//4454 7866//4454 7939//4454
f 7866//4454 7940//4454 7939//4454
f 7866//4454 7867//4454 7940//4454
f 7867//4454 7941//4454 7940//4454
f 7867//4454 7868//4454 7941//4454
f 7868//4454 7942//4454 7941//4454
f 7868//4454 7869//4454 7942//4454
f 7869//4454 7943//4454 7942//4454
f 7869//4454 7870//4454 7943//4454
f 7870//4454 7944//4454 7943//4454
f 7870//4454 7871//4454 7944//4454
f 7871//4454 7945//4454 7944//4454
f 7871//4454 7872//4454 7945//4454
f 7872//4454 7946//4454 7945//4454
f 7872//4454 7873//4454 7946//4454
f 7873//4454 7947//4454 7946//4454
f 7873//4454 7874//4454 7947//4454
f 7874//4454 7948//4454 7947//4454
f 7874//4454 7875//4454 7948//4454
f 7875//4454 7949//4454 7948//4454
f 7875//4454 7876//4454 7949//4454
f 7876//4454 7950//4454 7949//4454
f 7876//4454 7877//4454 7950//4454
f 7877//4454 7951//4454 7950//4454
f 7877//4454 7878//4454 7951//4454
f 7878//4454 7952//4454 7951//4454
f 7878//4454 7879//4454 7952//4454
f 7879//4454 7953//4454 7952//4454
f 7879//4454 7880//4454 7953//4454
f 7880//4454 7954//4454 7953//4454
f 7880//4454 7881//4454 7954//4454
f 7881//4454 7955//4454 7954//4454
f 7881//4454 7882//4454 7955//4454
f 7882//4454 7956//4454 7955//4454
f 7882//4454 7883//4454 7956//4454
f 7883//4454 7957//4454 7956//4454
f 7883//4454 7884//4454 7957//4454
f 7885//4454 7959//4454 7958//4454
f 7885//4454 7886//4454 7959//4454
f 7886//4454 7960//4454 7959//4454
f 7886//4454 7887//4454 7960//4454
f 7887//4454 7961//4454 7960//4454
f 7887//4454 7888//4454 7961//4454
f 7888//4454 7962//4454 7961//4454
f 7888//4454 7889//4454 7962//4454
f 7889//4454 7963//4454 7962//4454
f 7889//4454 7890//4454 7963//4454
f 7890//4454 7964//4454 7963//4454
f 7890//4454 7891//4454 7964//4454
f 7891//4454 7965//4454 7964//4454
f 7891//4454 7892//4454 7965//4454
f 7892//4454 7966//4454 7965//4454
f 7892//4454 7893//4454 7966//4454
f 7893//4454 7967//4454 7966//4454
f 7893//4454 7894//4454 7967//4454
f 7894//4454 7968//4454 7967//4454
f 7894//4454 7895//4454 7968//4454
f 7895//4454 7969//4454 7968//4454
f 7895//4454 7896//4454 7969//4454
f 7896//4454 7970//4454 7969//4454
f 7896//4454 7897//4454 7970//4454
f 7897//4454 7971//4454 7970//4454
f 7897//4454 7898//4454 7971//4454
f 7898//4454 7972//4454 7971//4454
f 7898//4454 7899//4454 7972//4454
f 7899//4454 7973//4454 7972//4454
f 7899//4454 7900//4454 7973//4454
f 7900//4454 7974//4454 7973//4454
f 7900//4454 7901//4454 7974//4454
f 7901//4454 7975//4454 7974//4454
f 7901//4454 7902//4454 7975//4454
f 7902//4454 7976//4454 7975//4454
f 7902//4454 7903//4454 7976//4454
f 7903//4454 7977//4454 7976//4454
f 7903//4454 7904//4454 7977//4454
f 7904//4454 7978//4454 7977//4454
f 7904//4454 7905//4454 7978//4454
f 7905//4454 7979//4454 7978//4454
f 7905//4454 7906//4454 7979//4454
f 7906//4454 7980//4454 7979//4454
f 7906//4454 7907//4454 7980//4454
f 7907//4454 7981//4454 7980//4454
f 7907//4454 7908//4454 7981//4454
f 7908//4454 7982//4454 7981//4454
f 7908//4454 7909//4454 7982//4454
f 7909//4454 7983//4454 7982//4454
f 7909//4454 7910//4454 7983//4454
f 7910//4454 7984//4454 7983//4454
f 7910//4454 7911//4454 7984//4454
f 7911//4454 7985//4454 7984//4454
f 7911//4454 7912//4454 7985//4454
f 7912//4454 7986//4454 7985//4454
f 7912//4454 7913//4454 7986//4454
f 7913//4454 7987//4454 7986//4454
f 7913//4454 7914//4454 7987//4454
f 7914//4454 7988//4454 7987//4454
f 7914//4454 7915//4454 7988//4454
f 7915//4454 7989//4454 7988//4454
f 7915//4454 7916//4454 7989//4454
f 7916//4454 7990//4454 7989//4454
f 7916//4454 7917//4454 7990//4454
f 7917//4454 7991//4454 7990//4454
f 7917//4454 7918//4454 7991//4454
f 7918//4454 7992//4454 7991//4454
f 7918//4454 7919//4454 7992//4454
f 7919//4454 7993//4454 7992//4454
f 7919//4454 7920//4454 7993//4454
f 7920//4454 7994//4454 7993//4454
f 7920//4454 7921//4454 7994//4454
f 7921//4454 7995//4454 7994//4454
f 7921//4454 7922//4454 7995//4454
f 7922//4454 7996//4454 7995//4454
f 7922//4454 7923//4454 7996//4454
f 7923//4454 7997//4454 7996//4454
f 7923//4454 7924//4454 7997//4454
f 7924//4454 7998//4454 7997//4454
f 7924//4454 7925//4454 7998//4454
f 7925//4454 7999//4454 7998//4454
f 7925//4454 7926//4454 7999//4454
f 7926//4454 8000//4454 7999//4454
f 7926//4454 7927//4454 8000//4454
f 7927//4454 8001//4454 8000//4454
f 7927//4454 7928//4454 8001//4454
f 7928//4454 8002//4454 8001//4454
f 7928//4454 7929//4454 8002//4454
f 7929//4454 8003//4454 8002//4454
f 7929//4454 7930//4454 8003//4454
f 7930//4454 8004//4454 8003//4454
f 7930//4454 7931//4454 8004//4454
f 7931//4454 8005//4454 8004//4454
f 7931//4454 7932//4454 8005//4454
f 7932//4454 8006//4454 8005//4454
f 7932//4454 7933//4454 8006//4454
f 7933//4454 8007//4454 8006//4454
f 7933//4454 7934//4454 8007//4454
f 7934//4454 8008//4454 8007//4454
f 7934//4454 7935//4454 8008//4454
f 7935//4454 8009//4454 8008//4454
f 7935//4454 7936//4454 8009//4454
f 7936//4454 8010//4454 8009//4454
f 7936//4454 7937//4454 8010//4454
f 7937//4454 8011//4454 8010//4454
f 7937//4454 7938//4454 8011//4454
f 7938//4454 8012//4454 8011//4454
f 7938//4454 7939//4454 8012//4454
f 7939//4454 8013//4454 8012//4454
f 7939//4454 7940//4454 8013//4454
f 7940//4454 8014//4454 8013//4454
f 7940//4454 7941//4454 8014//4454
f 7941//4454 8015//4454 8014//4454
f 7941//4454 7942//4454 8015//4454
f 7942//4454 8016//4454 8015//4454
f 7942//4454 7943//4454 8016//4454
f 7943//4454 8017//4454 8016//4454
f 7943//4454 7944//4454 8017//4454
f 7944//4454 8018//4454 8017//4454
f 7944//4454 7945//4454 8018//4454
f 7945//4454 8019//4454 8018//4454
f 7945//4454 7946//4454 8019//4454
f 7946//4454 8020//4454 8019//4454
f 7946//4454 7947//4454 8020//4454
f 7947//4454 8021//4454 8020//4454
f 7947//4454 7948//4454 8021//4454
f 7948//4454 8022//4454 8021//4454
f 7948//4454 7949//4454 8022//4454
f 7949//4454 8023//4454 8022//4454
f 7949//4454 7950//4454 8023//4454
f 7950//4454 8024//4454 8023//4454
f 7950//4454 7951//4454 8024//4454
f 7951//4454 8025//4454 8024//4454
f 7951//4454 7952//4454 8025//4454
f 7952//4454 8026//4454 8025//4454
f 7952//4454 7953//4454 8026//4454
f 7953//4454 8027//4454 8026//4454
f 7953//4454 7954//4454 8027//4454
f 7954//4454 8028//4454 8027//4454
f 7954//4454 7955//4454 8028//4454
f 7955//4454 8029//4454 8028//4454
f 7955//4454 7956//4454 8029//4454
f 7956//4454 8030//4454 8029//4454
f 7956//4454 7957//4454 8030//4454
f 7958//4454 8032//4454 8031//4454
f 7958//4454 7959//4454 8032//4454
f 7959//4454 8033//4454 8032//4454
f 7959//4454 7960//4454 8033//4454
f 7960//4454 8034//4454 8033//4454
f 7960//4454 7961//4454 8034//4454
f 7961//4454 8035//4454 8034//4454
f 7961//4454 7962//4454 8035//4454
f 7962//4454 8036//4454 8035//4454
f 7962//4454 7963//4454 8036//4454
f 7963//4454 8037//4454 8036//4454
f 7963//4454 7964//4454 8037//4454
f 7964//4454 8038//4454 8037//4454
f 7964//4454 7965//4454 8038//4454
f 7965//4454 8039//4454 8038//4454
f 7965//4454 7966//4454 8039//4454
f 7966//4454 8040//4454 8039//4454
f 7966//4454 7967//4454 8040//4454
f 7967//4454 8041//4454 8040//4454
f 7967//4454 7968//4454 8041//4454
f 7968//4454 8042//4454 8041//4454
f 7968//4454 7969//4454 8042//4454
f 7969//4454 8043//4454 8042//4454
f 7969//4454 7970//4454 8043//4454
f 7970//4454 8044//4454 8043//4454
f 7970//4454 7971//4454 8044//4454
f 7971//4454 8045//4454 8044//4454
f 7971//4454 7972//4454 8045//4454
f 7972//4454 8046//4454 8045//4454
f 7972//4454 7973//4454 8046//4454
f 7973//4454 8047//4454 8046//4454
f 7973//4454 7974//4454 8047//4454
f 7974//4454 8048//4454 8047//4454
f 7974//4454 7975//4454 8048//4454
f 7975//4454 8049//4454 8048//4454
f 7975//4454 7976//4454 8049//4454
f 7976//4454 8050//4454 8049//4454
f 7976//4454 7977//4454 8050//4454
f 7977//4454 8051//4454 8050//4454
f 7977//4454 7978//4454 8051//4454
f 7978//4454 8052//4454 8051//4454
f 7978//4454 7979//4454 8052//4454
f 7979//4454 8053//4454 8052//4454
f 7979//4454 7980//4454 8053//4454
f 7980//4454 8054//4454 8053//4454
f 7980//4454 7981//4454 8054//4454
f 7981//4454 8055//4454 8054//4454
f 7981//4454 7982//4454 8055//4454
f 7982//4454 8056//4454 8055//4454
f 7982//4454 7983//4454 8056//4454
f 7983//4454 8057//4454 8056//4454
f 7983//4454 7984//4454 8057//4454
f 7984//4454 8058//4454 8057//4454
f 7984//4454 7985//4454 8058//4454
f 7985//4454 8059//4454 8058//4454
f 7985//4454 7986//4454 8059//4454
f 7986//4454 8060//4454 8059//4454
f 7986//4454 7987//4454 8060//4454
f 7987//4454 8061//4454 8060//4454
f 7987//4454 7988//4454 8061//4454
f 7988//4454 8062//4454 8061//4454
f 7988//4454 7989//4454 8062//4454
f 7989//4454 8063//4454 8062//4454
f 7989//4454 7990//4454 8063//4454
f 7990//4454 8064//4454 8063//4454
f 7990//4454 7991//4454 8064//4454
f 7991//4454 8065//4454 8064//4454
f 7991//4454 7992//4454 8065//4454
f 7992//4454 8066//4454 8065//4454
f 7992//4454 7993//4454 8066//4454
f 7993//4454 8067//4454 8066//4454
f 7993//4454 7994//4454 8067//4454
f 7994//4454 8068//4454 8067//4454
f 7994//4454 7995//4454 8068//4454
f 7995//4454 8069//4454 8068//4454
f 7995//4454 7996//4454 8069//4454
f 7996//4454 8070//4454 8069//4454
f 7996//4454 7997//4454 8070//4454
f 7997//4454 8071//4454 8070//4454
f 7997//4454 7998//4454 8071//4454
f 7998//4454 8072//4454 8071//4454
f 7998//4454 7999//4454 8072//4454
f 7999//4454 8073//4454 8072//4454
f 7999//4454 8000//4454 8073//4454
f 8000//4454 8074//4454 8073//4454
f 8000//4454 8001//4454 8074//4454
f 8001//4454 8075//4454 8074//4454
f 8001//4454 8002//4454 8075//4454
f 8002//4454 8076//4454 8075//4454
f 8002//4454 8003//4454 8076//4454
f 8003//4454 8077//4454 8076//4454
f 8003//4454 8004//4454 8077//4454
f 8004//4454 8078//4454 8077//4454
f 8004//4454 8005//4454 8078//4454
f 8005//4454 8079//4454 8078//4454
f 8005//4454 8006//4454 8079//4454
f 8006//4454 8080//4454 8079//4454
f 8006//4454 8007//4454 8080//4454
f 8007//4454 8081//4454 8080//4454
f 8007//4454 8008//4454 8081//4454
f 8008//4454 8082//4454 8081//4454
f 8008//4454 8009//4454 8082//4454
f 8009//4454 8083//4454 8082//4454
f 8009//4454 8010//4454 8083//4454
f 8010//4454 8084//4454 8083//4454
f 8010//4454 8011//4454 8084//4454
f 8011//4454 8085//4454 8084//4454
f 8011//4454 8012//4454 8085//4454
f 8012//4454 8086//4454 8085//4454
f 8012//4454 8013//4454 8086//4454
f 8013//4454 8087//4454 8086//4454
f 8013//4454 8014//4454 8087//4454
f 8014//4454 8088//4454 8087//4454
f 8014//4454 8015//4454 8088//4454
f 8015//4454 8089//4454 8088//4454
f 8015//4454 8016//4454 8089//4454
f 8016//4454 8090//4454 8089//4454
f 8016//4454 8017//4454 8090//4454
f 8017//4454 8091//4454 8090//4454
f 8017//4454 8018//4454 8091//4454
f 8018//4454 8092//4454 8091//4454
f 8018//4454 8019//4454 8092//4454
f 8019//4454 8093//4454 8092//4454
f 8019//4454 8020//4454 8093//4454
f 8020//4454 8094//4454 8093//4454
f 8020//4454 8021//4454 8094//4454
f 8021//4454 8095//4454 8094//4454
f 8021//4454 8022//4454 8095//4454
f 8022//4454 8096//4454 8095//4454
f 8022//4454 8023//4454 8096//4454
f 8023//4454 8097//4454 8096//4454
f 8023//4454 8024//4454 8097//4454
f 8024//4454 8098//4454 8097//4454
f 8024//4454 8025//4454 8098//4454
f 8025//4454 8099//4454 8098//4454
f 8025//4454 8026//4454 8099//4454
f 8026//4454 8100//4454 8099//4454
f 8026//4454 8027//4454 8100//4454
f 8027//4454 8101//4454 8100//4454
f 8027//4454 8028//4454 8101//4454
f 8028//4454 8102//4454 8101//4454
f 8028//4454 8029//4454 8102//4454
f 8029//4454 8103//4454 8102//4454
f 8029//4454 8030//4454 8103//4454
f 8031//4454 8105//4454 8104//4454
f 8031//4454 8032//4454 8105//4454
f 8032//4454 8106//4454 8105//4454
f 8032//4454 8033//4454 8106//4454
f 8033//4454 8107//4454 8106//4454
f 8033//4454 8034//4454 8107//4454
f 8034//4454 8108//4454 8107//4454
f 8034//4454 8035//4454 8108//4454
f 8035//4454 8109//4454 8108//4454
f 8035//4454 8036//4454 8109//4454
f 8036//4454 8110//4454 8109//4454
f 8036//4454 8037//4454 8110//4454
f 8037//4454 8111//4454 8110//4454
f 8037//4454 8038//4454 8111//4454
f 8038//4454 8112//4454 8111//4454
f 8038//4454 8039//4454 8112//4454
f 8039//4454 8113//4454 8112//4454
f 8039//4454 8040//4454 8113//4454
f 8040//4454 8114//4454 8113//4454
f 8040//4454 8041//4454 8114//4454
f 8041//4454 8115//4454 8114//4454
f 8041//4454 8042//4454 8115//4454
f 8042//4454 8116//4454 8115//4454
f 8042//4454 8043//4454 8116//4454
f 8043//4454 8117//4454 8116//4454
f 8043//4454 8044//4454 8117//4454
f 8044//4454 8118//4454 8117//4454
f 8044//4454 8045//4454 8118//4454
f 8045//4454 8119//4454 8118//4454
f 8045//4454 8046//4454 8119//4454
f 8046//4454 8120//4454 8119//4454
f 8046//4454 8047//4454 8120//4454
f 8047//4454 8121//4454 8120//4454
f 8047//4454 8048//4454 8121//4454
f 8048//4454 8122//4454 8121//4454
f 8048//4454 8049//4454 8122//4454
f 8049//4454 8123//4454 8122//4454
f 8049//4454 8050//4454 8123//4454
f 8050//4454 8124//4454 8123//4454
f 8050//4454 8051//4454 8124//4454
f 8051//4454 8125//4454 8124//4454
f 8051//4454 8052//4454 8125//4454
f 8052//4454 8126//4454 8125//4454
f 8052//4454 8053//4454 8126//4454
f 8053//4454 8127//4454 8126//4454
f 8053//4454 8054//4454 8127//4454
f 8054//4454 8128//4454 8127//4454
f 8054//4454 8055//4454 8128//4454
f 8055//4454 8129//4454 8128//4454
f 8055//4454 8056//4454 8129//4454
f 8056//4454 8130//4454 8129//4454
f 8056//4454 8057//4454 8130//4454
f 8057//4454 8131//4454 8130//4454
f 8057//4454 8058//4454 8131//4454
f 8058//4454 8132//4454 8131//4454
f 8058//4454 8059//4454 8132//4454
f 8059//4454 8133//4454 8132//4454
f 8059//4454 8060//4454 8133//4454
f 8060//4454 8134//4454 8133//4454
f 8060//4454 8061//4454 8134//4454
f 8061//4454 8135//4454 8134//4454
f 8061//4454 8062//4454 8135//4454
f 8062//4454 8136//4454 8135//4454
f 8062//4454 8063//4454 8136//4454
f 8063//4454 8137//4454 8136//4454
f 8063//4454 8064//4454 8137//4454
f 8064//4454 8138//4454 8137//4454
f 8064//4454 8065//4454 8138//4454
f 8065//4454 8139//4454 8138//4454
f 8065//4454 8066//4454 8139//4454
f 8066//4454 8140//4454 8139//4454
f 8066//4454 8067//4454 8140//4454
f 8067//4454 8141//4454 8140//4454
f 8067//4454 8068//4454 8141//4454
f 8068//4454 8142//4454 8141//4454
f 8068//4454 8069//4454 8142//4454
f 8069//4454 8143//4454 8142//4454
f 8069//4454 8070//4454 8143//4454
f 8070//4454 8144//4454 8143//4454
f 8070//4454 8071//4454 8144//4454
f 8071//4454 8145//4454 8144//4454
f 8071//4454 8072//4454 8145//4454
f 8072//4454 8146//4454 8145//4454
f 8072//4454 8073//4454 8146//4454
f 8073//4454 8147//4454 8146//4454
f 8073//4454 8074//4454 8147//4454
f 8074//4454 8148//4454 8147//4454
f 8074//4454 8075//4454 8148//4454
f 8075//4454 8149//4454 8148//4454
f 8075//4454 8076//4454 8149//4454
f 8076//4454 8150//4454 8149//4454
f 8076//4454 8077//4454 8150//4454
f 8077//4454 8151//4454 8150//4454
f 8077//4454 8078//4454 8151//4454
f 8078//4454 8152//4454 8151//4454
f 8078//4454 8079//4454 8152//4454
f 8079//4454 8153//4454 8152//4454
f 8079//4454 8080//4454 8153//4454
f 8080//4454 8154//4454 8153//4454
f 8080//4454 8081//4454 8154//4454
f 8081//4454 8155//4454 8154//4454
f 8081//4454 8082//4454 8155//4454
f 8082//4454 8156//4454 8155//4454
f 8082//4454 8083//4454 8156//4454
f 8083//4454 8157//4454 8156//4454
f 8083//4454 8084//4454 8157//4454
f 8084//4454 8158//4454 8157//4454
f 8084//4454 8085//4454 8158//4454
f 8085//4454 8159//4454 8158//4454
f 8085//4454 8086//4454 8159//4454
f 8086//4454 8160//4454 8159//4454
f 8086//4454 8087//4454 8160//4454
f 8087//4454 8161//4454 8160//4454
f 8087//4454 8088//4454 8161//4454
f 8088//4454 8162//4454 8161//4454
f 8088//4454 8089//4454 8162//4454
f 8089//4454 8163//4454 8162//4454
f 8089//4454 8090//4454 8163//4454
f 8090//4454 8164//4454 8163//4454
f 8090//4454 8091//4454 8164//4454
f 8091//4454 8165//4454 8164//4454
f 8091//4454 8092//4454 8165//4454
f 8092//4454 8166//4454 8165//4454
f 8092//4454 8093//4454 8166//4454
f 8093//4454 8167//4454 8166//4454
f 8093//4454 8094//4454 8167//4454
f 8094//4454 8168//4454 8167//4454
f 8094//4454 8095//4454 8168//4454
f 8095//4454 8169//4454 8168//4454
f 8095//4454 8096//4454 8169//4454
f 8096//4454 8170//4454 8169//4454
f 8096//4454 8097//4454 8170//4454
f 8097//4454 8171//4454 8170//4454
f 8097//4454 8098//4454 8171//4454
f 8098//4454 8172//4454 8171//4454
f 8098//4454 8099//4454 8172//4454
f 8099//4454 8173//4454 8172//4454
f 8099//4454 8100//4454 8173//4454
f 8100//4454 8174//4454 8173//4454
f 8100//4454 8101//4454 8174//4454
f 8101//4454 8175//4454 8174//4454
f 8101//4454 8102//4454 8175//4454
f 8102//4454 8176//4454 8175//4454
f 8102//4454 8103//4454 8176//4454
f 8104//4454 8178//4454 8177//4454
f 8104//4454 8105//4454 8178//4454
f 8105//4454 8179//4454 8178//4454
f 8105//4454 8106//4454 8179//4454
f 8106//4454 8180//4454 8179//4454
f 8106//4454 8107//4454 8180//4454
f 8107//4454 8181//4454 8180//4454
f 8107//4454 8108//4454 8181//4454
f 8108//4454 8182//4454 8181//4454
f 8108//4454 8109//4454 8182//4454
f 8109//4454 8183//4454 8182//4454
f 8109//4454 8110//4454 8183//4454
f 8110//4454 8184//4454 8183//4454
f 8110//4454 8111//4454 8184//4454
f 8111//4454 8185//4454 8184//4454
f 8111//4454 8112//4454 8185//4454
f 8112//4454 8186//4454 8185//4454
f 8112//4454 8113//4454 8186//4454
f 8113//4454 8187//4454 8186//4454
f 8113//4454 8114//4454 8187//4454
f 8114//4454 8188//4454 8187//4454
f 8114//4454 8115//4454 8188//4454
f 8115//4454 8189//4454 8188//4454
f 8115//4454 8116//4454 8189//4454
f 8116//4454 8190//4454 8189//4454
f 8116//4454 8117//4454 8190//4454
f 8117//4454 8191//4454 8190//4454
f 8117//4454 8118//4454 8191//4454
f 8118//4454 8192//4454 8191//4454
f 8118//4454 8119//4454 8192//4454
f 8119//4454 8193//4454 8192//4454
f 8119//4454 8120//4454 8193//4454
f 8120//4454 8194//4454 8193//4454
f 8120//4454 8121//4454 8194//4454
f 8121//4454 8195//4454 8194//4454
f 8121//4454 8122//4454 8195//4454
f 8122//4454 8196//4454 8195//4454
f 8122//4454 8123//4454 8196//4454
f 8123//4454 8197//4454 8196//4454
f 8123//4454 8124//4454 8197//4454
f 8124//4454 8198//4454 8197//4454
f 8124//4454 8125//4454 8198//4454
f 8125//4454 8199//4454 8198//4454
f 8125//4454 8126//4454 8199//4454
f 8126//4454 8200//4454 8199//4454
f 8126//4454 8127//4454 8200//4454
f 8127//4454 8201//4454 8200//4454
f 8127//4454 8128//4454 8201//4454
f 8128//4454 8202//4454 8201//4454
f 8128//4454 8129//4454 8202//4454
f 8129//4454 8203//4454 8202//4454
f 8129//4454 8130//4454 8203//4454
f 8130//4454 8204//4454 8203//4454
f 8130//4454 8131//4454 8204//4454
f 8131//4454 8205//4454 8204//4454
f 8131//4454 8132//4454 8205//4454
f 8132//4454 8206//4454 8205//4454
f 8132//4454 8133//4454 8206//4454
f 8133//4454 8207//4454 8206//4454
f 8133//4454 8134//4454 8207//4454
f 8134//4454 8208//4454 8207//4454
f 8134//4454 8135//4454 8208//4454
f 8135//4454 8209//4454 8208//4454
f 8135//4454 8136//4454 8209//4454
f 8136//4454 8210//4454 8209//4454
f 8136//4454 8137//4454 8210//4454
f 8137//4454 8211//4454 8210//4454
f 8137//4454 8138//4454 8211//4454
f 8138//4454 8212//4454 8211//4454
f 8138//4454 8139//4454 8212//4454
f 8139//4454 8213//4454 8212//4454
f 8139//4454 8140//4454 8213//4454
f 8140//4454 8214//4454 8213//4454
f 8140//4454 8141//4454 8214//4454
f 8141//4454 8215//4454 8214//4454
f 8141//4454 8142//4454 8215//4454
f 8142//4454 8216//4454 8215//4454
f 8142//4454 8143//4454 8216//4454
f 8143//4454 8217//4454 8216//4454
f 8143//4454 8144//4454 8217//4454
f 8144//4454 8218//4454 8217//4454
f 8144//4454 8145//4454 8218//4454
f 8145//4454 8219//4454 8218//4454
f 8145//4454 8146//4454 8219//4454
f 8146//4454 8220//4454 8219//4454
f 8146//4454 8147//4454 8220//4454
f 8147//4454 8221//4454 8220//4454
f 8147//4454 8148//4454 8221//4454
f 8148//4454 8222//4454 8221//4454
f 8148//4454 8149//4454 8222//4454
f 8149//4454 8223//4454 8222//4454
f 8149//4454 8150//4454 8223//4454
f 8150//4454 8224//4454 8223//4454
f 8150//4454 8151//4454 8224//4454
f 8151//4454 8225//4454 8224//4454
f 8151//4454 8152//4454 8225//4454
f 8152//4454 8226//4454 8225//4454
f 8152//4454 8153//4454 8226//4454
f 8153//4454 8227//4454 8226//4454
f 8153//4454 8154//4454 8227//4454
f 8154//4454 8228//4454 8227//4454
f 8154//4454 8155//4454 8228//4454
f 8155//4454 8229//4454 8228//4454
f 8155//4454 8156//4454 8229//4454
f 8156//4454 8230//4454 8229//4454
f 8156//4454 8157//4454 8230//4454
f 8157//4454 8231//4454 8230//4454
f 8157//4454 8158//4454 8231//4454
f 8158//4454 8232//4454 8231//4454
f 8158//4454 8159//4454 8232//4454
f 8159//4454 8233//4454 8232//4454
f 8159//4454 8160//4454 8233//4454
f 8160//4454 8234//4454 8233//4454
f 8160//4454 8161//4454 8234//4454
f 8161//4454 8235//4454 8234//4454
f 8161//4454 8162//4454 8235//4454
f 8162//4454 8236//4454 8235//4454
f 8162//4454 8163//4454 8236//4454
f 8163//4454 8237//4454 8236//4454
f 8163//4454 8164//4454 8237//4454
f 8164//4454 8238//4454 8237//4454
f 8164//4454 8165//4454 8238//4454
f 8165//4454 8239//4454 8238//4454
f 8165//4454 8166//4454 8239//4454
f 8166//4454 8240//4454 8239//4454
f 8166//4454 8167//4454 8240//4454
f 8167//4454 8241//4454 8240//4454
f 8167//4454 8168//4454 8241//4454
f 8168//4454 8242//4454 8241//4454
f 8168//4454 8169//4454 8242//4454
f 8169//4454 8243//4454 8242//4454
f 8169//4454 8170//4454 8243//4454
f 8170//4454 8244//4454 8243//4454
f 8170//4454 8171//4454 8244//4454
f 8171//4454 8245//4454 8244//4454
f 8171//4454 8172//4454 8245//4454
f 8172//4454 8246//4454 8245//4454
f 8172//4454 8173//4454 8246//4454
f 8173//4454 8247//4454 8246//4454
f 8173//4454 8174//4454 8247//4454
f 8174//4454 8248//4454 8247//4454
f 8174//4454 8175//4454 8248//4454
f 8175//4454 8249//4454 8248//4454
f 8175//4454 8176//4454 8249//4454
f 8177//4454 8251//4454 8250//4454
f 8177//4454 8178//4454 8251//4454
f 8178//4454 8252//4454 8251//4454
f 8178//4454 8179//4454 8252//4454
f 8179//4454 8253//4454 8252//4454
f 8179//4454 8180//4454 8253//4454
f 8180//4454 8254//4454 8253//4454
f 8180//4454 8181//4454 8254//4454
f 8181//4454 8255//4454 8254//4454
f 8181//4454 8182//4454 8255//4454
f 8182//4454 8256//4454 8255//4454
f 8182//4454 8183//4454 8256//4454
f 8183//4454 8257//4454 8256//4454
f 8183//4454 8184//4454 8257//4454
f 8184//4454 8258//4454 8257//4454
f 8184//4454 8185//4454 8258//4454
f 8185//4454 8259//4454 8258//4454
f 8185//4454 8186//4454 8259//4454
f 8186//4454 8260//4454 8259//4454
f 8186//4454 8187//4454 8260//4454
f 8187//4454 8261//4454 8260//4454
f 8187//4454 8188//4454 8261//4454
f 8188//4454 8262//4454 8261//4454
f 8188//4454 8189//4454 8262//4454
f 8189//4454 8263//4454 8262//4454
f 8189//4454 8190//4454 8263//4454
f 8190//4454 8264//4454 8263//4454
f 8190//4454 8191//4454 8264//4454
f 8191//4454 8265//4454 8264//4454
f 8191//4454 8192//4454 8265//4454
f 8192//4454 8266//4454 8265//4454
f 8192//4454 8193//4454 8266//4454
f 8193//4454 8267//4454 8266//4454
f 8193//4454 8194//4454 8267//4454
f 8194//4454 8268//4454 8267//4454
f 8194//4454 8195//4454 8268//4454
f 8195//4454 8269//4454 8268//4454
f 8195//4454 8196//4454 8269//4454
f 8196//4454 8270//4454 8269//4454
f 8196//4454 8197//4454 8270//4454
f 8197//4454 8271//4454 8270//4454
f 8197//4454 8198//4454 8271//4454
f 8198//4454 8272//4454 8271//4454
f 8198//4454 8199//4454 8272//4454
f 8199//4454 8273//4454 8272//4454
f 8199//4454 8200//4454 8273//4454
f 8200//4454 8274//4454 8273//4454
f 8200//4454 8201//4454 8274//4454
f 8201//4454 8275//4454 8274//4454
f 8201//4454 8202//4454 8275//4454
f 8202//4454 8276//4454 8275//4454
f 8202//4454 8203//4454 8276//4454
f 8203//4454 8277//4454 8276//4454
f 8203//4454 8204//4454 8277//4454
f 8204//4454 8278//4454 8277//4454
f 8204//4454 8205//4454 8278//4454
f 8205//4454 8279//4454 8278//4454
f 8205//4454 8206//4454 8279//4454
f 8206//4454 8280//4454 8279//4454
f 8206//4454 8207//4454 8280//4454
f 8207//4454 8281//4454 8280//4454
f 8207//4454 8208//4454 8281//4454
f 8208//4454 8282//4454 8281//4454
f 8208//4454 8209//4454 8282//4454
f 8209//4454 8283//4454 8282//4454
f 8209//4454 8210//4454 8283//4454
f 8210//4454 8284//4454 8283//4454
f 8210//4454 8211//4454 8284//4454
f 8211//4454 8285//4454 8284//4454
f 8211//4454 8212//4454 8285//4454
f 8212//4454 8286//4454 8285//4454
f 8212//4454 8213//4454 8286//4454
f 8213//4454 8287//4454 8286//4454
f 8213//4454 8214//4454 8287//4454
f 8214//4454 8288//4454 8287//4454
f 8214//4454 8215//4454 8288//4454
f 8215//4454 8289//4454 8288//4454
f 8215//4454 8216//4454 8289//4454
f 8216//4454 8290//4454 8289//4454
f 8216//4454 8217//4454 8290//4454
f 8217//4454 8291//4454 8290//4454
f 8217//4454 8218//4454 8291//4454
f 8218//4454 8292//4454 8291//4454
f 8218//4454 8219//4454 8292//4454
f 8219//4454 8293//4454 8292//4454
f 8219//4454 8220//4454 8293//4454
f 8220//4454 8294//4454 8293//4454
f 8220//4454 8221//4454 8294//4454
f 8221//4454 8295//4454 8294//4454
f 8221//4454 8222//4454 8295//4454
f 8222//4454 8296//4454 8295//4454
f 8222//4454 8223//4454 8296//4454
f 8223//4454 8297//4454 8296//4454
f 8223//4454 8224//4454 8297//4454
f 8224//4454 8298//4454 8297//4454
f 8224//4454 8225//4454 8298//4454
f 8225//4454 8299//4454 8298//4454
f 8225//4454 8226//4454 8299//4454
f 8226//4454 8300//4454 8299//4454
f 8226//4454 8227//4454 8300//4454
f 8227//4454 8301//4454 8300//4454
f 8227//4454 8228//4454 8301//4454
f 8228//4454 8302//4454 8301//4454
f 8228//4454 8229//4454 8302//4454
f 8229//4454 8303//4454 8302//4454
f 8229//4454 8230//4454 8303//4454
f 8230//4454 8304//4454 8303//4454
f 8230//4454 8231//4454 8304//4454
f 8231//4454 8305//4454 8304//4454
f 8231//4454 8232//4454 8305//4454
f 8232//4454 8306//4454 8305//4454
f 8232//4454 8233//4454 8306//4454
f 8233//4454 8307//4454 8306//4454
f 8233//4454 8234//4454 8307//4454
f 8234//4454 8308//4454 8307//4454
f 8234//4454 8235//4454 8308//4454
f 8235//4454 8309//4454 8308//4454
f 8235//4454 8236//4454 8309//4454
f 8236//4454 8310//4454 8309//4454
f 8236//4454 8237//4454 8310//4454
f 8237//4454 8311//4454 8310//4454
f 8237//4454 8238//4454 8311//4454
f 8238//4454 8312//4454 8311//4454
f 8238//4454 8239//4454 8312//4454
f 8239//4454 8313//4454 8312//4454
f 8239//4454 8240//4454 8313//4454
f 8240//4454 8314//4454 8313//4454
f 8240//4454 8241//4454 8314//4454
f 8241//4454 8315//4454 8314//4454
f 8241//4454 8242//4454 8315//4454
f 8242//4454 8316//4454 8315//4454
f 8242//4454 8243//4454 8316//4454
f 8243//4454 8317//4454 8316//4454
f 8243//4454 8244//4454 8317//4454
f 8244//4454 8318//4454 8317//4454
f 8244//4454 8245//4454 8318//4454
f 8245//4454 8319//4454 8318//4454
f 8245//4454 8246//4454 8319//4454
f 8246//4454 8320//4454 8319//4454
f 8246//4454 8247//4454 8320//4454
f 8247//4454 8321//4454 8320//4454
f 8247//4454 8248//4454 8321//4454
f 8248//4454 8322//4454 8321//4454
f 8248//4454 8249//4454 8322//4454
f 8250//4454 8324//4454 8323//4454
f 8250//4454 8251//4454 8324//4454
f 8251//4454 8325//4454 8324//4454
f 8251//4454 8252//4454 8325//4454
f 8252//4454 8326//4454 8325//4454
f 8252//4454 8253//4454 8326//4454
f 8253//4454 8327//4454 8326//4454
f 8253//4454 8254//4454 8327//4454
f 8254//4454 8328//4454 8327//4454
f 8254//4454 8255//4454 8328//4454
f 8255//4454 8329//4454 8328//4454
f 8255//4454 8256//4454 8329//4454
f 8256//4454 8330//4454 8329//4454
f 8256//4454 8257//4454 8330//4454
f 8257//4454 8331//4454 8330//4454
f 8257//4454 8258//4454 8331//4454
f 8258//4454 8332//4454 8331//4454
f 8258//4454 8259//4454 8332//4454
f 8259//4454 8333//4454 8332//4454
f 8259//4454 8260//4454 8333//4454
f 8260//4454 8334//4454 8333//4454
f 8260//4454 8261//4454 8334//4454
f 8261//4454 8335//4454 8334//4454
f 8261//4454 8262//4454 8335//4454
f 8262//4454 8336//4454 8335//4454
f 8262//4454 8263//4454 8336//4454
f 8263//4454 8337//4454 8336//4454
f 8263//4454 8264//4454 8337//4454
f 8264//4454 8338//4454 8337//4454
f 8264//4454 8265//4454 8338//4454
f 8265//4454 8339//4454 8338//4454
f 8265//4454 8266//4454 8339//4454
f 8266//4454 8340//4454 8339//4454
f 8266//4454 8267//4454 8340//4454
f 8267//4454 8341//4454 8340//4454
f 8267//4454 8268//4454 8341//4454
f 8268//4454 8342//4454 8341//4454
f 8268//4454 8269//4454 8342//4454
f 8269//4454 8343//4454 8342//4454
f 8269//4454 8270//4454 8343//4454
f 8270//4454 8344//4454 8343//4454
f 8270//4454 8271//4454 8344//4454
f 8271//4454 8345//4454 8344//4454
f 8271//4454 8272//4454 8345//4454
f 8272//4454 8346//4454 8345//4454
f 8272//4454 8273//4454 8346//4454
f 8273//4454 8347//4454 8346//4454
f 8273//4454 8274//4454 8347//4454
f 8274//4454 8348//4454 8347//4454
f 8274//4454 8275//4454 8348//4454
f 8275//4454 8349//4454 8348//4454
f 8275//4454 8276//4454 8349//4454
f 8276//4454 8350//4454 8349//4454
f 8276//4454 8277//4454 8350//4454
f 8277//4454 8351//4454 8350//4454
f 8277//4454 8278//4454 8351//4454
f 8278//4454 8352//4454 8351//4454
f 8278//4454 8279//4454 8352//4454
f 8279//4454 8353//4454 8352//4454
f 8279//4454 8280//4454 8353//4454
f 8280//4454 8354//4454 8353//4454
f 8280//4454 8281//4454 8354//4454
f 8281//4454 8355//4454 8354//4454
f 8281//4454 8282//4454 8355//4454
f 8282//4454 8356//4454 8355//4454
f 8282//4454 8283//4454 8356//4454
f 8283//4454 8357//4454 8356//4454
f 8283//4454 8284//4454 8357//4454
f 8284//4454 8358//4454 8357//4454
f 8284//4454 8285//4454 8358//4454
f 8285//4454 8359//4454 8358//4454
f 8285//4454 8286//4454 8359//4454
f 8286//4454 8360//4454 8359//4454
f 8286//4454 8287//4454 8360//4454
f 8287//4454 8361//4454 8360//4454
f 8287//4454 8288//4454 8361//4454
f 8288//4454 8362//4454 8361//4454
f 8288//4454 8289//4454 8362//4454
f 8289//4454 8363//4454 8362//4454
f 8289//4454 8290//4454 8363//4454
f 8290//4454 8364//4454 8363//4454
f 8290//4454 8291//4454 8364//4454
f 8291//4454 8365//4454 8364//4454
f 8291//4454 8292//4454 8365//4454
f 8292//4454 8366//4454 8365//4454
f 8292//4454 8293//4454 8366//4454
f 8293//4454 8367//4454 8366//4454
f 8293//4454 8294//4454 8367//4454
f 8294//4454 8368//4454 8367//4454
f 8294//4454 8295//4454 8368//4454
f 8295//4454 8369//4454 8368//4454
f 8295//4454 8296//4454 8369//4454
f 8296//4454 8370//4454 8369//4454
f 8296//4454 8297//4454 8370//4454
f 8297//4454 8371//4454 8370//4454
f 8297//4454 8298//4454 8371//4454
f 8298//4454 8372//4454 8371//4454
f 8298//4454 8299//4454 8372//4454
f 8299//4454 8373//4454 8372//4454
f 8299//4454 8300//4454 8373//4454
f 8300//4454 8374//4454 8373//4454
f 8300//4454 8301//4454 8374//4454
f 8301//4454 8375//4454 8374//4454
f 8301//4454 8302//4454 8375//4454
f 8302//4454 8376//4454 8375//4454
f 8302//4454 8303//4454 8376//4454
f 8303//4454 8377//4454 8376//4454
f 8303//4454 8304//4454 8377//4454
f 8304//4454 8378//4454 8377//4454
f 8304//4454 8305//4454 8378//4454
f 8305//4454 8379//4454 8378//4454
f 8305//4454 8306//4454 8379//4454
f 8306//4454 8380//4454 8379//4454
f 8306//4454 8307//4454 8380//4454
f 8307//4454 8381//4454 8380//4454
f 8307//4454 8308//4454 8381//4454
f 8308//4454 8382//4454 8381//4454
f 8308//4454 8309//4454 8382//4454
f 8309//4454 8383//4454 8382//4454
f 8309//4454 8310//4454 8383//4454
f 8310//4454 8384//4454 8383//4454
f 8310//4454 8311//4454 8384//4454
f 8311//4454 8385//4454 8384//4454
f 8311//4454 8312//4454 8385//4454
f 8312//4454 8386//4454 8385//4454
f 8312//4454 8313//4454 8386//4454
f 8313//4454 8387//4454 8386//4454
f 8313//4454 8314//4454 8387//4454
f 8314//4454 8388//4454 8387//4454
f 8314//4454 8315//4454 8388//4454
f 8315//4454 8389//4454 8388//4454
f 8315//4454 8316//4454 8389//4454
f 8316//4454 8390//4454 8389//4454
f 8316//4454 8317//4454 8390//4454
f 8317//4454 8391//4454 8390//4454
f 8317//4454 8318//4454 8391//4454
f 8318//4454 8392//4454 8391//4454
f 8318//4454 8319//4454 8392//4454
f 8319//4454 8393//4454 8392//4454
f 8319//4454 8320//4454 8393//4454
f 8320//4454 8394//4454 8393//4454
f 8320//4454 8321//4454 8394//4454
f 8321//4454 8395//4454 8394//4454
f 8321//4454 8322//4454 8395//4454
f 8323//4454 8397//4454 8396//4454
f 8323//4454 8324//4454 8397//4454
f 8324//4454 8398//4454 8397//4454
f 8324//4454 8325//4454 8398//4454
f 8325//4454 8399//4454 8398//4454
f 8325//4454 8326//4454 8399//4454
f 8326//4454 8400//4454 8399//4454
f 8326//4454 8327//4454 8400//4454
f 8327//4454 8401//4454 8400//4454
f 8327//4454 8328//4454 8401//4454
f 8328//4454 8402//4454 8401//4454
f 8328//4454 8329//4454 8402//4454
f 8329//4454 8403//4454 8402//4454
f 8329//4454 8330//4454 8403//4454
f 8330//4454 8404//4454 8403//4454
f 8330//4454 8331//4454 8404//4454
f 8331//4454 8405//4454 8404//4454
f 8331//4454 8332//4454 8405//4454
f 8332//4454 8406//4454 8405//4454
f 8332//4454 8333//4454 8406//4454
f 8333//4454 8407//4454 8406//4454
f 8333//4454 8334//4454 8407//4454
f 8334//4454 8408//4454 8407//4454
f 8334//4454 8335//4454 8408//4454
f 8335//4454 8409//4454 8408//4454
f 8335//4454 8336//4454 8409//4454
f 8336//4454 8410//4454 8409//4454
f 8336//4454 8337//4454 8410//4454
f 8337//4454 8411//4454 8410//4454
f 8337//4454 8338//4454 8411//4454
f 8338//4454 8412//4454 8411//4454
f 8338//4454 8339//4454 8412//4454
f 8339//4454 8413//4454 8412//4454
f 8339//4454 8340//4454 8413//4454
f 8340//4454 8414//4454 8413//4454
f 8340//4454 8341//4454 8414//4454
f 8341//4454 8415//4454 8414//4454
f 8341//4454 8342//4454 8415//4454
f 8342//4454 8416//4454 8415//4454
f 8342//4454 8343//4454 8416//4454
f 8343//4454 8417//4454 8416//4454
f 8343//4454 8344//4454 8417//4454
f 8344//4454 8418//4454 8417//4454
f 8344//4454 8345//4454 8418//4454
f 8345//4454 8419//4454 8418//4454
f 8345//4454 8346//4454 8419//4454
f 8346//4454 8420//4454 8419//4454
f 8346//4454 8347//4454 8420//4454
f 8347//4454 8421//4454 8420//4454
f 8347//4454 8348//4454 8421//4454
f 8348//4454 8422//4454 8421//4454
f 8348//4454 8349//4454 8422//4454
f 8349//4454 8423//4454 8422//4454
f 8349//4454 8350//4454 8423//4454
f 8350//4454 8424//4454 8423//4454
f 8350//4454 8351//4454 8424//4454
f 8351//4454 8425//4454 8424//4454
f 8351//4454 8352//4454 8425//4454
f 8352//4454 8426//4454 8425//4454
f 8352//4454 8353//4454 8426//4454
f 8353//4454 8427//4454 8426//4454
f 8353//4454 8354//4454 8427//4454
f 8354//4454 8428//4454 8427//4454
f 8354//4454 8355//4454 8428//4454
f 8355//4454 8429//4454 8428//4454
f 8355//4454 8356//4454 8429//4454
f 8356//4454 8430//4454 8429//4454
f 8356//4454 8357//4454 8430//4454
f 8357//4454 8431//4454 8430//4454
f 8357//4454 8358//4454 8431//4454
f 8358//4454 8432//4454 8431//4454
f 8358//4454 8359//4454 8432//4454
f 8359//4454 8433//4454 8432//4454
f 8359//4454 8360//4454 8433//4454
f 8360//4454 8434//4454 8433//4454
f 8360//4454 8361//4454 8434//4454
f 8361//4454 8435//4454 8434//4454
f 8361//4454 8362//4454 8435//4454
f 8362//4454 8436//4454 8435//4454
f 8362//4454 8363//4454 8436//4454
f 8363//4454 8437//4454 8436//4454
f 8363//4454 8364//4454 8437//4454
f 8364//4454 8438//4454 8437//4454
f 8364//4454 8365//4454 8438//4454
f 8365//4454 8439//4454 8438//4454
f 8365//4454 8366//4454 8439//4454
f 8366//4454 8440//4454 8439//4454
f 8366//4454 8367//4454 8440//4454
f 8367//4454 8441//4454 8440//4454
f 8367//4454 8368//4454 8441//4454
f 8368//4454 8442//4454 8441//4454
f 8368//4454 8369//4454 8442//4454
f 8369//4454 8443//4454 8442//4454
f 8369//4454 8370//4454 8443//4454
f 8370//4454 8444//4454 8443//4454
f 8370//4454 8371//4454 8444//4454
f 8371//4454 8445//4454 8444//4454
f 8371//4454 8372//4454 8445//4454
f 8372//4454 8446//4454 8445//4454
f 8372//4454 8373//4454 8446//4454
f 8373//4454 8447//4454 8446//4454
f 8373//4454 8374//4454 8447//4454
f 8374//4454 8448//4454 8447//4454
f 8374//4454 8375//4454 8448//4454
f 8375//4454 8449//4454 8448//4454
f 8375//4454 8376//4454 8449//4454
f 8376//4454 8450//4454 8449//4454
f 8376//4454 8377//4454 8450//4454
f 8377//4454 8451//4454 8450//4454
f 8377//4454 8378//4454 8451//4454
f 8378//4454 8452//4454 8451//4454
f 8378//4454 8379//4454 8452//4454
f 8379//4454 8453//4454 8452//4454
f 8379//4454 8380//4454 8453//4454
f 8380//4454 8454//4454 8453//4454
f 8380//4454 8381//4454 8454//4454
f 8381//4454 8455//4454 8454//4454
f 8381//4454 8382//4454 8455//4454
f 8382//4454 8456//4454 8455//4454
f 8382//4454 8383//4454 8456//4454
f 8383//4454 8457//4454 8456//4454
f 8383//4454 8384//4454 8457//4454
f 8384//4454 8458//4454 8457//4454
f 8384//4454 8385//4454 8458//4454
f 8385//4454 8459//4454 8458//4454
f 8385//4454 8386//4454 8459//4454
f 8386//4454 8460//4454 8459//4454
f 8386//4454 8387//4454 8460//4454
f 8387//4454 8461//4454 8460//4454
f 8387//4454 8388//4454 8461//4454
f 8388//4454 8462//4454 8461//4454
f 8388//4454 8389//4454 8462//4454
f 8389//4454 8463//4454 8462//4454
f 8389//4454 8390//4454 8463//4454
f 8390//4454 8464//4454 8463//4454
f 8390//4454 8391//4454 8464//4454
f 8391//4454 8465//4454 8464//4454
f 8391//4454 8392//4454 8465//4454
f 8392//4454 8466//4454 8465//4454
f 8392//4454 8393//4454 8466//4454
f 8393//4454 8467//4454 8466//4454
f 8393//4454 8394//4454 8467//4454
f 8394//4454 8468//4454 8467//4454
f 8394//4454 8395//4454 8468//4454
f 8396//4454 8470//4454 8469//4454
f 8396//4454 8397//4454 8470//4454
f 8397//4454 8471//4454 8470//4454
f 8397//4454 8398//4454 8471//4454
f 8398//4454 8472//4454 8471//4454
f 8398//4454 8399//4454 8472//4454
f 8399//4454 8473//4454 8472//4454
f 8399//4454 8400//4454 8473//4454
f 8400//4454 8474//4454 8473//4454
f 8400//4454 8401//4454 8474//4454
f 8401//4454 8475//4454 8474//4454
f 8401//4454 8402//4454 8475//4454
f 8402//4454 8476//4454 8475//4454
f 8402//4454 8403//4454 8476//4454
f 8403//4454 8477//4454 8476//4454
f 8403//4454 8404//4454 8477//4454
f 8404//4454 8478//4454 8477//4454
f 8404//4454 8405//4454 8478//4454
f 8405//4454 8479//4454 8478//4454
f 8405//4454 8406//4454 8479//4454
f 8406//4454 8480//4454 8479//4454
f 8406//4454 8407//4454 8480//4454
f 8407//4454 8481//4454 8480//4454
f 8407//4454 8408//4454 8481//4454
f 8408//4454 8482//4454 8481//4454
f 8408//4454 8409//4454 8482//4454
f 8409//4454 8483//4454 8482//4454
f 8409//4454 8410//4454 8483//4454
f 8410//4454 8484//4454 8483//4454
f 8410//4454 8411//4454 8484//4454
f 8411//4454 8485//4454 8484//4454
f 8411//4454 8412//4454 8485//4454
f 8412//4454 8486//4454 8485//4454
f 8412//4454 8413//4454 8486//4454
f 8413//4454 8487//4454 8486//4454
f 8413//4454 8414//4454 8487//4454
f 8414//4454 8488//4454 8487//4454
f 8414//4454 8415//4454 8488//4454
f 8415//4454 8489//4454 8488//4454
f 8415//4454 8416//4454 8489//4454
f 8416//4454 8490//4454 8489//4454
f 8416//4454 8417//4454 8490//4454
f 8417//4454 8491//4454 8490//4454
f 8417//4454 8418//4454 8491//4454
f 8418//4454 8492//4454 8491//4454
f 8418//4454 8419//4454 8492//4454
f 8419//4454 8493//4454 8492//4454
f 8419//4454 8420//4454 8493//4454
f 8420//4454 8494//4454 8493//4454
f 8420//4454 8421//4454 8494//4454
f 8421//4454 8495//4454 8494//4454
f 8421//4454 8422//4454 8495//4454
f 8422//4454 8496//4454 8495//4454
f 8422//4454 8423//4454 8496//4454
f 8423//4454 8497//4454 8496//4454
f 8423//4454 8424//4454 8497//4454
f 8424//4454 8498//4454 8497//4454
f 8424//4454 8425//4454 8498//4454
f 8425//4454 8499//4454 8498//4454
f 8425//4454 8426//4454 8499//4454
f 8426//4454 8500//4454 8499//4454
f 8426//4454 8427//4454 8500//4454
f 8427//4454 8501//4454 8500//4454
f 8427//4454 8428//4454 8501//4454
f 8428//4454 8502//4454 8501//4454
f 8428//4454 8429//4454 8502//4454
f 8429//4454 8503//4454 8502//4454
f 8429//4454 8430//4454 8503//4454
f 8430//4454 8504//4454 8503//4454
f 8430//4454 8431//4454 8504//4454
f 8431//4454 8505//4454 8504//4454
f 8431//4454 8432//4454 8505//4454
f 8432//4454 8506//4454 8505//4454
f 8432//4454 8433//4454 8506//4454
f 8433//4454 8507//4454 8506//4454
f 8433//4454 8434//4454 8507//4454
f 8434//4454 8508//4454 8507//4454
f 8434//4454 8435//4454 8508//4454
f 8435//4454 8509//4454 8508//4454
f 8435//4454 8436//4454 8509//4454
f 8436//4454 8510//4454 8509//4454
f 8436//4454 8437//4454 8510//4454
f 8437//4454 8511//4454 8510//4454
f 8437//4454 8438//4454 8511//4454
f 8438//4454 8512//4454 8511//4454
f 8438//4454 8439//4454 8512//4454
f 8439//4454 8513//4454 8512//4454
f 8439//4454 8440//4454 8513//4454
f 8440//4454 8514//4454 8513//4454
f 8440//4454 8441//4454 8514//4454
f 8441//4454 8515//4454 8514//4454
f 8441//4454 8442//4454 8515//4454
f 8442//4454 8516//4454 8515//4454
f 8442//4454 8443//4454 8516//4454
f 8443//4454 8517//4454 8516//4454
f 8443//4454 8444//4454 8517//4454
f 8444//4454 8518//4454 8517//4454
f 8444//4454 8445//4454 8518//4454
f 8445//4454 8519//4454 8518//4454
f 8445//4454 8446//4454 8519//4454
f 8446//4454 8520//4454 8519//4454
f 8446//4454 8447//4454 8520//4454
f 8447//4454 8521//4454 8520//4454
f 8447//4454 8448//4454 8521//4454
f 8448//4454 8522//4454 8521//4454
f 8448//4454 8449//4454 8522//4454
f 8449//4454 8523//4454 8522//4454
f 8449//4454 8450//4454 8523//4454
f 8450//4454 8524//4454 8523//4454
f 8450//4454 8451//4454 8524//4454
f 8451//4454 8525//4454 8524//4454
f 8451//4454 8452//4454 8525//4454
f 8452//4454 8526//4454 8525//4454
f 8452//4454 8453//4454 8526//4454
f 8453//4454 8527//4454 8526//4454
f 8453//4454 8454//4454 8527//4454
f 8454//4454 8528//4454 8527//4454
f 8454//4454 8455//4454 8528//4454
f 8455//4454 8529//4454 8528//4454
f 8455//4454 8456//4454 8529//4454
f 8456//4454 8530//4454 8529//4454
f 8456//4454 8457//4454 8530//4454
f 8457//4454 8531//4454 8530//4454
f 8457//4454 8458//4454 8531//4454
f 8458//4454 8532//4454 8531//4454
f 8458//4454 8459//4454 8532//4454
f 8459//4454 8533//4454 8532//4454
f 8459//4454 8460//4454 8533//4454
f 8460//4454 8534//4454 8533//4454
f 8460//4454 8461//4454 8534//4454
f 8461//4454 8535//4454 8534//4454
f 8461//4454 8462//4454 8535//4454
f 8462//4454 8536//4454 8535//4454
f 8462//4454 8463//4454 8536//4454
f 8463//4454 8537//4454 8536//4454
f 8463//4454 8464//4454 8537//4454
f 8464//4454 8538//4454 8537//4454
f 8464//4454 8465//4454 8538//4454
f 8465//4454 8539//4454 8538//4454
f 8465//4454 8466//4454 8539//4454
f 8466//4454 8540//4454 8539//4454
f 8466//4454 8467//4454 8540//4454
f 8467//4454 8541//4454 8540//4454
f 8467//4454 8468//4454 8541//4454
f 8469//4454 8543//4454 8542//4454
f 8469//4454 8470//4454 8543//4454
f 8470//4454 8544//4454 8543//4454
f 8470//4454 8471//4454 8544//4454
f 8471//4454 8545//4454 8544//4454
f 8471//4454 8472//4454 8545//4454
f 8472//4454 8546//4454 8545//4454
f 8472//4454 8473//4454 8546//4454
f 8473//4454 8547//4454 8546//4454
f 8473//4454 8474//4454 8547//4454
f 8474//4454 8548//4454 8547//4454
f 8474//4454 8475//4454 8548//4454
f 8475//4454 8549//4454 8548//4454
f 8475//4454 8476//4454 8549//4454
f 8476//4454 8550//4454 8549//4454
f 8476//4454 8477//4454 8550//4454
f 8477//4454 8551//4454 8550//4454
f 8477//4454 8478//4454 8551//4454
f 8478//4454 8552//4454 8551//4454
f 8478//4454 8479//4454 8552//4454
f 8479//4454 8553//4454 8552//4454
f 8479//4454 8480//4454 8553//4454
f 8480//4454 8554//4454 8553//4454
f 8480//4454 8481//4454 8554//4454
f 8481//4454 8555//4454 8554//4454
f 8481//4454 8482//4454 8555//4454
f 8482//4454 8556//4454 8555//4454
f 8482//4454 8483//4454 8556//4454
f 8483//4454 8557//4454 8556//4454
f 8483//4454 8484//4454 8557//4454
f 8484//4454 8558//4454 8557//4454
f 8484//4454 8485//4454 8558//4454
f 8485//4454 8559//4454 8558//4454
f 8485//4454 8486//4454 8559//4454
f 8486//4454 8560//4454 8559//4454
f 8486//4454 8487//4454 8560//4454
f 8487//4454 8561//4454 8560//4454
f 8487//4454 8488//4454 8561//4454
f 8488//4454 8562//4454 8561//4454
f 8488//4454 8489//4454 8562//4454
f 8489//4454 8563//4454 8562//4454
f 8489//4454 8490//4454 8563//4454
f 8490//4454 8564//4454 8563//4454
f 8490//4454 8491//4454 8564//4454
f 8491//4454 8565//4454 8564//4454
f 8491//4454 8492//4454 8565//4454
f 8492//4454 8566//4454 8565//4454
f 8492//4454 8493//4454 8566//4454
f 8493//4454 8567//4454 8566//4454
f 8493//4454 8494//4454 8567//4454
f 8494//4454 8568//4454 8567//4454
f 8494//4454 8495//4454 8568//4454
f 8495//4454 8569//4454 8568//4454
f 8495//4454 8496//4454 8569//4454
f 8496//4454 8570//4454 8569//4454
f 8496//4454 8497//4454 8570//4454
f 8497//4454 8571//4454 8570//4454
f 8497//4454 8498//4454 8571//4454
f 8498//4454 8572//4454 8571//4454
f 8498//4454 8499//4454 8572//4454
f 8499//4454 8573//4454 8572//4454
f 8499//4454 8500//4454 8573//4454
f 8500//4454 8574//4454 8573//4454
f 8500//4454 8501//4454 8574//4454
f 8501//4454 8575//4454 8574//4454
f 8501//4454 8502//4454 8575//4454
f 8502//4454 8576//4454 8575//4454
f 8502//4454 8503//4454 8576//4454
f 8503//4454 8577//4454 8576//4454
f 8503//4454 8504//4454 8577//4454
f 8504//4454 8578//4454 8577//4454
f 8504//4454 8505//4454 8578//4454
f 8505//4454 8579//4454 8578//4454
f 8505//4454 8506//4454 8579//4454
f 8506//4454 8580//4454 8579//4454
f 8506//4454 8507//4454 8580//4454
f 8507//4454 8581//4454 8580//4454
f 8507//4454 8508//4454 8581//4454
f 8508//4454 8582//4454 8581//4454
f 8508//4454 8509//4454 8582//4454
f 8509//4454 8583//4454 8582//4454
f 8509//4454 8510//4454 8583//4454
f 8510//4454 8584//4454 8583//4454
f 8510//4454 8511//4454 8584//4454
f 8511//4454 8585//4454 8584//4454
f 8511//4454 8512//4454 8585//4454
f 8512//4454 8586//4454 8585//4454
f 8512//4454 8513//4454 8586//4454
f 8513//4454 8587//4454 8586//4454
f 8513//4454 8514//4454 8587//4454
f 8514//4454 8588//4454 8587//4454
f 8514//4454 8515//4454 8588//4454
f 8515//4454 8589//4454 8588//4454
f 8515//4454 8516//4454 8589//4454
f 8516//4454 8590//4454 8589//4454
f 8516//4454 8517//4454 8590//4454
f 8517//4454 8591//4454 8590//4454
f 8517//4454 8518//4454 8591//4454
f 8518//4454 8592//4454 8591//4454
f 8518//4454 8519//4454 8592//4454
f 8519//4454 8593//4454 8592//4454
f 8519//4454 8520//4454 8593//4454
f 8520//4454 8594//4454 8593//4454
f 8520//4454 8521//4454 8594//4454
f 8521//4454 8595//4454 8594//4454
f 8521//4454 8522//4454 8595//4454
f 8522//4454 8596//4454 8595//4454
f 8522//4454 8523//4454 8596//4454
f 8523//4454 8597//4454 8596//4454
f 8523//4454 8524//4454 8597//4454
f 8524//4454 8598//4454 8597//4454
f 8524//4454 8525//4454 8598//4454
f 8525//4454 8599//4454 8598//4454
f 8525//4454 8526//4454 8599//4454
f 8526//4454 8600//4454 8599//4454
f 8526//4454 8527//4454 8600//4454
f 8527//4454 8601//4454 8600//4454
f 8527//4454 8528//4454 8601//4454
f 8528//4454 8602//4454 8601//4454
f 8528//4454 8529//4454 8602//4454
f 8529//4454 8603//4454 8602//4454
f 8529//4454 8530//4454 8603//4454
f 8530//4454 8604//4454 8603//4454
f 8530//4454 8531//4454 8604//4454
f 8531//4454 8605//4454 8604//4454
f 8531//4454 8532//4454 8605//4454
f 8532//4454 8606//4454 8605//4454
f 8532//4454 8533//4454 8606//4454
f 8533//4454 8607//4454 8606//4454
f 8533//4454 8534//4454 8607//4454
f 8534//4454 8608//4454 8607//4454
f 8534//4454 8535//4454 8608//4454
f 8535//4454 8609//4454 8608//4454
f 8535//4454 8536//4454 8609//4454
f 8536//4454 8610//4454 8609//4454
f 8536//4454 8537//4454 8610//4454
f 8537//4454 8611//4454 8610//4454
f 8537//4454 8538//4454 8611//4454
f 8538//4454 8612//4454 8611//4454
f 8538//4454 8539//4454 8612//4454
f 8539//4454 8613//4454 8612//4454
f 8539//4454 8540//4454 8613//4454
f 8540//4454 8614//4454 8613//4454
f 8540//4454 8541//4454 8614//4454
f 8542//4454 8616//4454 8615//4454
f 8542//4454 8543//4454 8616//4454
f 8543//4454 8617//4454 8616//4454
f 8543//4454 8544//4454 8617//4454
f 8544//4454 8618//4454 8617//4454
f 8544//4454 8545//4454 8618//4454
f 8545//4454 8619//4454 8618//4454
f 8545//4454 8546//4454 8619//4454
f 8546//4454 8620//4454 8619//4454
f 8546//4454 8547//4454 8620//4454
f 8547//4454 8621//4454 8620//4454
f 8547//4454 8548//4454 8621//4454
f 8548//4454 8622//4454 8621//4454
f 8548//4454 8549//4454 8622//4454
f 8549//4454 8623//4454 8622//4454
f 8549//4454 8550//4454 8623//4454
f 8550//4454 8624//4454 8623//4454
f 8550//4454 8551//4454 8624//4454
f 8551//4454 8625//4454 8624//4454
f 8551//4454 8552//4454 8625//4454
f 8552//4454 8626//4454 8625//4454
f 8552//4454 8553//4454 8626//4454
f 8553//4454 8627//4454 8626//4454
f 8553//4454 8554//4454 8627//4454
f 8554//4454 8628//4454 8627//4454
f 8554//4454 8555//4454 8628//4454
f 8555//4454 8629//4454 8628//4454
f 8555//4454 8556//4454 8629//4454
f 8556//4454 8630//4454 8629//4454
f 8556//4454 8557//4454 8630//4454
f 8557//4454 8631//4454 8630//4454
f 8557//4454 8558//4454 8631//4454
f 8558//4454 8632//4454 8631//4454
f 8558//4454 8559//4454 8632//4454
f 8559//4454 8633//4454 8632//4454
f 8559//4454 8560//4454 8633//4454
f 8560//4454 8634//4454 8633//4454
f 8560//4454 8561//4454 8634//4454
f 8561//4454 8635//4454 8634//4454
f 8561//4454 8562//4454 8635//4454
f 8562//4454 8636//4454 8635//4454
f 8562//4454 8563//4454 8636//4454
f 8563//4454 8637//4454 8636//4454
f 8563//4454 8564//4454 8637//4454
f 8564//4454 8638//4454 8637//4454
f 8564//4454 8565//4454 8638//4454
f 8565//4454 8639//4454 8638//4454
f 8565//4454 8566//4454 8639//4454
f 8566//4454 8640//4454 8639//4454
f 8566//4454 8567//4454 8640//4454
f 8567//4454 8641//4454 8640//4454
f 8567//4454 8568//4454 8641//4454
f 8568//4454 8642//4454 8641//4454
f 8568//4454 8569//4454 8642//4454
f 8569//4454 8643//4454 8642//4454
f 8569//4454 8570//4454 8643//4454
f 8570//4454 8644//4454 8643//4454
f 8570//4454 8571//4454 8644//4454
f 8571//4454 8645//4454 8644//4454
f 8571//4454 8572//4454 8645//4454
f 8572//4454 8646//4454 8645//4454
f 8572//4454 8573//4454 8646//4454
f 8573//4454 8647//4454 8646//4454
f 8573//4454 8574//4454 8647//4454
f 8574//4454 8648//4454 8647//4454
f 8574//4454 8575//4454 8648//4454
f 8575//4454 8649//4454 8648//4454
f 8575//4454 8576//4454 8649//4454
f 8576//4454 8650//4454 8649//4454
f 8576//4454 8577//4454 8650//4454
f 8577//4454 8651//4454 8650//4454
f 8577//4454 8578//4454 8651//4454
f 8578//4454 8652//4454 8651//4454
f 8578//4454 8579//4454 8652//4454
f 8579//4454 8653//4454 8652//4454
f 8579//4454 8580//4454 8653//4454
f 8580//4454 8654//4454 8653//4454
f 8580//4454 8581//4454 8654//4454
f 8581//4454 8655//4454 8654//4454
f 8581//4454 8582//4454 8655//4454
f 8582//4454 8656//4454 8655//4454
f 8582//4454 8583//4454 8656//4454
f 8583//4454 8657//4454 8656//4454
f 8583//4454 8584//4454 8657//4454
f 8584//4454 8658//4454 8657//4454
f 8584//4454 8585//4454 8658//4454
f 8585//4454 8659//4454 8658//4454
f 8585//4454 8586//4454 8659//4454
f 8586//4454 8660//4454 8659//4454
f 8586//4454 8587//4454 8660//4454
f 8587//4454 8661//4454 8660//4454
f 8587//4454 8588//4454 8661//4454
f 8588//4454 8662//4454 8661//4454
f 8588//4454 8589//4454 8662//4454
f 8589//4454 8663//4454 8662//4454
f 8589//4454 8590//4454 8663//4454
f 8590//4454 8664//4454 8663//4454
f 8590//4454 8591//4454 8664//4454
f 8591//4454 8665//4454 8664//4454
f 8591//4454 8592//4454 8665//4454
f 8592//4454 8666//4454 8665//4454
f 8592//4454 8593//4454 8666//4454
f 8593//4454 8667//4454 8666//4454
f 8593//4454 8594//4454 8667//4454
f 8594//4454 8668//4454 8667//4454
f 8594//4454 8595//4454 8668//4454
f 8595//4454 8669//4454 8668//4454
f 8595//4454 8596//4454 8669//4454
f 8596//4454 8670//4454 8669//4454
f 8596//4454 8597//4454 8670//4454
f 8597//4454 8671//4454 8670//4454
f 8597//4454 8598//4454 8671//4454
f 8598//4454 8672//4454 8671//4454
f 8598//4454 8599//4454 8672//4454
f 8599//4454 8673//4454 8672//4454
f 8599//4454 8600//4454 8673//4454
f 8600//4454 8674//4454 8673//4454
f 8600//4454 8601//4454 8674//4454
f 8601//4454 8675//4454 8674//4454
f 8601//4454 8602//4454 8675//4454
f 8602//4454 8676//4454 8675//4454
f 8602//4454 8603//4454 8676//4454
f 8603//4454 8677//4454 8676//4454
f 8603//4454 8604//4454 8677//4454
f 8604//4454 8678//4454 8677//4454
f 8604//4454 8605//4454 8678//4454
f 8605//4454 8679//4454 8678//4454
f 8605//4454 8606//4454 8679//4454
f 8606//4454 8680//4454 8679//4454
f 8606//4454 8607//4454 8680//4454
f 8607//4454 8681//4454 8680//4454
f 8607//4454 8608//4454 8681//4454
f 8608//4454 8682//4454 8681//4454
f 8608//4454 8609//4454 8682//4454
f 8609//4454 8683//4454 8682//4454
f 8609//4454 8610//4454 8683//4454
f 8610//4454 8684//4454 8683//4454
f 8610//4454 8611//4454 8684//4454
f 8611//4454 8685//4454 8684//4454
f 8611//4454 8612//4454 8685//4454
f 8612//4454 8686//4454 8685//4454
f 8612//4454 8613//4454 8686//4454
f 8613//4454 8687//4454 8686//4454
f 8613//4454 8614//4454 8687//4454
f 8615//4454 8689//4454 8688//4454
f 8615//4454 8616//4454 8689//4454
f 8616//4454 8690//4454 8689//4454
f 8616//4454 8617//4454 8690//4454
f 8617//4454 8691//4454 8690//4454
f 8617//4454 8618//4454 8691//4454
f 8618//4454 8692//4454 8691//4454
f 8618//4454 8619//4454 8692//4454
f 8619//4454 8693//4454 8692//4454
f 8619//4454 8620//4454 8693//4454
f 8620//4454 8694//4454 8693//4454
f 8620//4454 8621//4454 8694//4454
f 8621//4454 8695//4454 8694//4454
f 8621//4454 8622//4454 8695//4454
f 8622//4454 8696//4454 8695//4454
f 8622//4454 8623//4454 8696//4454
f 8623//4454 8697//4454 8696//4454
f 8623//4454 8624//4454 8697//4454
f 8624//4454 8698//4454 8697//4454
f 8624//4454 8625//4454 8698//4454
f 8625//4454 8699//4454 8698//4454
f 8625//4454 8626//4454 8699//4454
f 8626//4454 8700//4454 8699//4454
f 8626//4454 8627//4454 8700//4454
f 8627//4454 8701//4454 8700//4454
f 8627//4454 8628//4454 8701//4454
f 8628//4454 8702//4454 8701//4454
f 8628//4454 8629//4454 8702//4454
f 8629//4454 8703//4454 8702//4454
f 8629//4454 8630//4454 8703//4454
f 8630//4454 8704//4454 8703//4454
f 8630//4454 8631//4454 8704//4454
f 8631//4454 8705//4454 8704//4454
f 8631//4454 8632//4454 8705//4454
f 8632//4454 8706//4454 8705//4454
f 8632//4454 8633//4454 8706//4454
f 8633//4454 8707//4454 8706//4454
f 8633//4454 8634//4454 8707//4454
f 8634//4454 8708//4454 8707//4454
f 8634//4454 8635//4454 8708//4454
f 8635//4454 8709//4454 8708//4454
f 8635//4454 8636//4454 8709//4454
f 8636//4454 8710//4454 8709//4454
f 8636//4454 8637//4454 8710//4454
f 8637//4454 8711//4454 8710//4454
f 8637//4454 8638//4454 8711//4454
f 8638//4454 8712//4454 8711//4454
f 8638//4454 8639//4454 8712//4454
f 8639//4454 8713//4454 8712//4454
f 8639//4454 8640//4454 8713//4454
f 8640//4454 8714//4454 8713//4454
f 8640//4454 8641//4454 8714//4454
f 8641//4454 8715//4454 8714//4454
f 8641//4454 8642//4454 8715//4454
f 8642//4454 8716//4454 8715//4454
f 8642//4454 8643//4454 8716//4454
f 8643//4454 8717//4454 8716//4454
f 8643//4454 8644//4454 8717//4454
f 8644//4454 8718//4454 8717//4454
f 8644//4454 8645//4454 8718//4454
f 8645//4454 8719//4454 8718//4454
f 8645//4454 8646//4454 8719//4454
f 8646//4454 8720//4454 8719//4454
f 8646//4454 8647//4454 8720//4454
f 8647//4454 8721//4454 8720//4454
f 8647//4454 8648//4454 8721//4454
f 8648//4454 8722//4454 8721//4454
f 8648//4454 8649//4454 8722//4454
f 8649//4454 8723//4454 8722//4454
f 8649//4454 8650//4454 8723//4454
f 8650//4454 8724//4454 8723//4454
f 8650//4454 8651//4454 8724//4454
f 8651//4454 8725//4454 8724//4454
f 8651//4454 8652//4454 8725//4454
f 8652//4454 8726//4454 8725//4454
f 8652//4454 8653//4454 8726//4454
f 8653//4454 8727//4454 8726//4454
f 8653//4454 8654//4454 8727//4454
f 8654//4454 8728//4454 8727//4454
f 8654//4454 8655//4454 8728//4454
f 8655//4454 8729//4454 8728//4454
f 8655//4454 8656//4454 8729//4454
f 8656//4454 8730//4454 8729//4454
f 8656//4454 8657//4454 8730//4454
f 8657//4454 8731//4454 8730//4454
f 8657//4454 8658//4454 8731//4454
f 8658//4454 8732//4454 8731//4454
f 8658//4454 8659//4454 8732//4454
f 8659//4454 8733//4454 8732//4454
f 8659//4454 8660//4454 8733//4454
f 8660//4454 8734//4454 8733//4454
f 8660//4454 8661//4454 8734//4454
f 8661//4454 8735//4454 8734//4454
f 8661//4454 8662//4454 8735//4454
f 8662//4454 8736//4454 8735//4454
f 8662//4454 8663//4454 8736//4454
f 8663//4454 8737//4454 8736//4454
f 8663//4454 8664//4454 8737//4454
f 8664//4454 8738//4454 8737//4454
f 8664//4454 8665//4454 8738//4454
f 8665//4454 8739//4454 8738//4454
f 8665//4454 8666//4454 8739//4454
f 8666//4454 8740//4454 8739//4454
f 8666//4454 8667//4454 8740//4454
f 8667//4454 8741//4454 8740//4454
f 8667//4454 8668//4454 8741//4454
f 8668//4454 8742//4454 8741//4454
f 8668//4454 8669//4454 8742//4454
f 8669//4454 8743//4454 8742//4454
f 8669//4454 8670//4454 8743//4454
f 8670//4454 8744//4454 8743//4454
f 8670//4454 8671//4454 8744//4454
f 8671//4454 8745//4454 8744//4454
f 8671//4454 8672//4454 8745//4454
f 8672//4454 8746//4454 8745//4454
f 8672//4454 8673//4454 8746//4454
f 8673//4454 8747//4454 8746//4454
f 8673//4454 8674//4454 8747//4454
f 8674//4454 8748//4454 8747//4454
f 8674//4454 8675//4454 8748//4454
f 8675//4454 8749//4454 8748//4454
f 8675//4454 8676//4454 8749//4454
f 8676//4454 8750//4454 8749//4454
f 8676//4454 8677//4454 8750//4454
f 8677//4454 8751//4454 8750//4454
f 8677//4454 8678//4454 8751//4454
f 8678//4454 8752//4454 8751//4454
f 8678//4454 8679//4454 8752//4454
f 8679//4454 8753//4454 8752//4454
f 8679//4454 8680//4454 8753//4454
f 8680//4454 8754//4454 8753//4454
f 8680//4454 8681//4454 8754//4454
f 8681//4454 8755//4454 8754//4454
f 8681//4454 8682//4454 8755//4454
f 8682//4454 8756//4454 8755//4454
f 8682//4454 8683//4454 8756//4454
f 8683//4454 8757//4454 8756//4454
f 8683//4454 8684//4454 8757//4454
f 8684//4454 8758//4454 8757//4454
f 8684//4454 8685//4454 8758//4454
f 8685//4454 8759//4454 8758//4454
f 8685//4454 8686//4454 8759//4454
f 8686//4454 8760//4454 8759//4454
f 8686//4454 8687//4454 8760//4454
f 8688//4454 8762//4454 8761//4454
f 8688//4454 8689//4454 8762//4454
f 8689//4454 8763//4454 8762//4454
f 8689//4454 8690//4454 8763//4454
f 8690//4454 8764//4454 8763//4454
f 8690//4454 8691//4454 8764//4454
f 8691//4454 8765//4454 8764//4454
f 8691//4454 8692//4454 8765//4454
f 8692//4454 8766//4454 8765//4454
f 8692//4454 8693//4454 8766//4454
f 8693//4454 8767//4454 8766//4454
f 8693//4454 8694//4454 8767//4454
f 8694//4454 8768//4454 8767//4454
f 8694//4454 8695//4454 8768//4454
f 8695//4454 8769//4454 8768//4454
f 8695//4454 8696//4454 8769//4454
f 8696//4454 8770//4454 8769//4454
f 8696//4454 8697//4454 8770//4454
f 8697//4454 8771//4454 8770//4454
f 8697//4454 8698//4454 8771//4454
f 8698//4454 8772//4454 8771//4454
f 8698//4454 8699//4454 8772//4454
f 8699//4454 8773//4454 8772//4454
f 8699//4454 8700//4454 8773//4454
f 8700//4454 8774//4454 8773//4454
f 8700//4454 8701//4454 8774//4454
f 8701//4454 8775//4454 8774//4454
f 8701//4454 8702//4454 8775//4454
f 8702//4454 8776//4454 8775//4454
f 8702//4454 8703//4454 8776//4454
f 8703//4454 8777//4454 8776//4454
f 8703//4454 8704//4454 8777//4454
f 8704//4454 8778//4454 8777//4454
f 8704//4454 8705//4454 8778//4454
f 8705//4454 8779//4454 8778//4454
f 8705//4454 8706//4454 8779//4454
f 8706//4454 8780//4454 8779//4454
f 8706//4454 8707//4454 8780//4454
f 8707//4454 8781//4454 8780//4454
f 8707//4454 8708//4454 8781//4454
f 8708//4454 8782//4454 8781//4454
f 8708//4454 8709//4454 8782//4454
f 8709//4454 8783//4454 8782//4454
f 8709//4454 8710//4454 8783//4454
f 8710//4454 8784//4454 8783//4454
f 8710//4454 8711//4454 8784//4454
f 8711//4454 8785//4454 8784//4454
f 8711//4454 8712//4454 8785//4454
f 8712//4454 8786//4454 8785//4454
f 8712//4454 8713//4454 8786//4454
f 8713//4454 8787//4454 8786//4454
f 8713//4454 8714//4454 8787//4454
f 8714//4454 8788//4454 8787//4454
f 8714//4454 8715//4454 8788//4454
f 8715//4454 8789//4454 8788//4454
f 8715//4454 8716//4454 8789//4454
f 8716//4454 8790//4454 8789//4454
f 8716//4454 8717//4454 8790//4454
f 8717//4454 8791//4454 8790//4454
f 8717//4454 8718//4454 8791//4454
f 8718//4454 8792//4454 8791//4454
f 8718//4454 8719//4454 8792//4454
f 8719//4454 8793//4454 8792//4454
f 8719//4454 8720//4454 8793//4454
f 8720//4454 8794//4454 8793//4454
f 8720//4454 8721//4454 8794//4454
f 8721//4454 8795//4454 8794//4454
f 8721//4454 8722//4454 8795//4454
f 8722//4454 8796//4454 8795//4454
f 8722//4454 8723//4454 8796//4454
f 8723//4454 8797//4454 8796//4454
f 8723//4454 8724//4454 8797//4454
f 8724//4454 8798//4454 8797//4454
f 8724//4454 8725//4454 8798//4454
f 8725//4454 8799//4454 8798//4454
f 8725//4454 8726//4454 8799//4454
f 8726//4454 8800//4454 8799//4454
f 8726//4454 8727//4454 8800//4454
f 8727//4454 8801//4454 8800//4454
f 8727//4454 8728//4454 8801//4454
f 8728//4454 8802//4454 8801//4454
f 8728//4454 8729//4454 8802//4454
f 8729//4454 8803//4454 8802//4454
f 8729//4454 8730//4454 8803//4454
f 8730//4454 8804//4454 8803//4454
f 8730//4454 8731//4454 8804//4454
f 8731//4454 8805//4454 8804//4454
f 8731//4454 8732//4454 8805//4454
f 8732//4454 8806//4454 8805//4454
f 8732//4454 8733//4454 8806//4454
f 8733//4454 8807//4454 8806//4454
f 8733//4454 8734//4454 8807//4454
f 8734//4454 8808//4454 8807//4454
f 8734//4454 8735//4454 8808//4454
f 8735//4454 8809//4454 8808//4454
f 8735//4454 8736//4454 8809//4454
f 8736//4454 8810//4454 8809//4454
f 8736//4454 8737//4454 8810//4454
f 8737//4454 8811//4454 8810//4454
f 8737//4454 8738//4454 8811//4454
f 8738//4454 8812//4454 8811//4454
f 8738//4454 8739//4454 8812//4454
f 8739//4454 8813//4454 8812//4454
f 8739//4454 8740//4454 8813//4454
f 8740//4454 8814//4454 8813//4454
f 8740//4454 8741//4454 8814//4454
f 8741//4454 8815//4454 8814//4454
f 8741//4454 8742//4454 8815//4454
f 8742//4454 8816//4454 8815//4454
f 8742//4454 8743//4454 8816//4454
f 8743//4454 8817//4454 8816//4454
f 8743//4454 8744//4454 8817//4454
f 8744//4454 8818//4454 8817//4454
f 8744//4454 8745//4454 8818//4454
f 8745//4454 8819//4454 8818//4454
f 8745//4454 8746//4454 8819//4454
f 8746//4454 8820//4454 8819//4454
f 8746//4454 8747//4454 8820//4454
f 8747//4454 8821//4454 8820//4454
f 8747//4454 8748//4454 8821//4454
f 8748//4454 8822//4454 8821//4454
f 8748//4454 8749//4454 8822//4454
f 8749//4454 8823//4454 8822//4454
f 8749//4454 8750//4454 8823//4454
f 8750//4454 8824//4454 8823//4454
f 8750//4454 8751//4454 8824//4454
f 8751//4454 8825//4454 8824//4454
f 8751//4454 8752//4454 8825//4454
f 8752//4454 8826//4454 8825//4454
f 8752//4454 8753//4454 8826//4454
f 8753//4454 8827//4454 8826//4454
f 8753//4454 8754//4454 8827//4454
f 8754//4454 8828//4454 8827//4454
f 8754//4454 8755//4454 8828//4454
f 8755//4454 8829//4454 8828//4454
f 8755//4454 8756//4454 8829//4454
f 8756//4454 8830//4454 8829//4454
f 8756//4454 8757//4454 8830//4454
f 8757//4454 8831//4454 8830//4454
f 8757//4454 8758//4454 8831//4454
f 8758//4454 8832//4454 8831//4454
f 8758//4454 8759//4454 8832//4454
f 8759//4454 8833//4454 8832//4454
f 8759//4454 8760//4454 8833//4454
f 8761//4454 8835//4454 8834//4454
f 8761//4454 8762//4454 8835//4454
f 8762//4454 8836//4454 8835//4454
f 8762//4454 8763//4454 8836//4454
f 8763//4454 8837//4454 8836//4454
f 8763//4454 8764//4454 8837//4454
f 8764//4454 8838//4454 8837//4454
f 8764//4454 8765//4454 8838//4454
f 8765//4454 8839//4454 8838//4454
f 8765//4454 8766//4454 8839//4454
f 8766//4454 8840//4454 8839//4454
f 8766//4454 8767//4454 8840//4454
f 8767//4454 8841//4454 8840//4454
f 8767//4454 8768//4454 8841//4454
f 8768//4454 8842//4454 8841//4454
f 8768//4454 8769//4454 8842//4454
f 8769//4454 8843//4454 8842//4454
f 8769//4454 8770//4454 8843//4454
f 8770//4454 8844//4454 8843//4454
f 8770//4454 8771//4454 8844//4454
f 8771//4454 8845//4454 8844//4454
f 8771//4454 8772//4454 8845//4454
f 8772//4454 8846//4454 8845//4454
f 8772//4454 8773//4454 8846//4454
f 8773//4454 8847//4454 8846//4454
f 8773//4454 8774//4454 8847//4454
f 8774//4454 8848//4454 8847//4454
f 8774//4454 8775//4454 8848//4454
f 8775//4454 8849//4454 8848//4454
f 8775//4454 8776//4454 8849//4454
f 8776//4454 8850//4454 8849//4454
f 8776//4454 8777//4454 8850//4454
f 8777//4454 8851//4454 8850//4454
f 8777//4454 8778//4454 8851//4454
f 8778//4454 8852//4454 8851//4454
f 8778//4454 8779//4454 8852//4454
f 8779//4454 8853//4454 8852//4454
f 8779//4454 8780//4454 8853//4454
f 8780//4454 8854//4454 8853//4454
f 8780//4454 8781//4454 8854//4454
f 8781//4454 8855//4454 8854//4454
f 8781//4454 8782//4454 8855//4454
f 8782//4454 8856//4454 8855//4454
f 8782//4454 8783//4454 8856//4454
f 8783//4454 8857//4454 8856//4454
f 8783//4454 8784//4454 8857//4454
f 8784//4454 8858//4454 8857//4454
f 8784//4454 8785//4454 8858//4454
f 8785//4454 8859//4454 8858//4454
f 8785//4454 8786//4454 8859//4454
f 8786//4454 8860//4454 8859//4454
f 8786//4454 8787//4454 8860//4454
f 8787//4454 8861//4454 8860//4454
f 8787//4454 8788//4454 8861//4454
f 8788//4454 8862//4454 8861//4454
f 8788//4454 8789//4454 8862//4454
f 8789//4454 8863//4454 8862//4454
f 8789//4454 8790//4454 8863//4454
f 8790//4454 8864//4454 8863//4454
f 8790//4454 8791//4454 8864//4454
f 8791//4454 8865//4454 8864//4454
f 8791//4454 8792//4454 8865//4454
f 8792//4454 8866//4454 8865//4454
f 8792//4454 8793//4454 8866//4454
f 8793//4454 8867//4454 8866//4454
f 8793//4454 8794//4454 8867//4454
f 8794//4454 8868//4454 8867//4454
f 8794//4454 8795//4454 8868//4454
f 8795//4454 8869//4454 8868//4454
f 8795//4454 8796//4454 8869//4454
f 8796//4454 8870//4454 8869//4454
f 8796//4454 8797//4454 8870//4454
f 8797//4454 8871//4454 8870//4454
f 8797//4454 8798//4454 8871//4454
f 8798//4454 8872//4454 8871//4454
f 8798//4454 8799//4454 8872//4454
f 8799//4454 8873//4454 8872//4454
f 8799//4454 8800//4454 8873//4454
f 8800//4454 8874//4454 8873//4454
f 8800//4454 8801//4454 8874//4454
f 8801//4454 8875//4454 8874//4454
f 8801//4454 8802//4454 8875//4454
f 8802//4454 8876//4454 8875//4454
f 8802//4454 8803//4454 8876//4454
f 8803//4454 8877//4454 8876//4454
f 8803//4454 8804//4454 8877//4454
f 8804//4454 8878//4454 8877//4454
f 8804//4454 8805//4454 8878//4454
f 8805//4454 8879//4454 8878//4454
f 8805//4454 8806//4454 8879//4454
f 8806//4454 8880//4454 8879//4454
f 8806//4454 8807//4454 8880//4454
f 8807//4454 8881//4454 8880//4454
f 8807//4454 8808//4454 8881//4454
f 8808//4454 8882//4454 8881//4454
f 8808//4454 8809//4454 8882//4454
f 8809//4454 8883//4454 8882//4454
f 8809//4454 8810//4454 8883//4454
f 8810//4454 8884//4454 8883//4454
f 8810//4454 8811//4454 8884//4454
f 8811//4454 8885//4454 8884//4454
f 8811//4454 8812//4454 8885//4454
f 8812//4454 8886//4454 8885//4454
f 8812//4454 8813//4454 8886//4454
f 8813//4454 8887//4454 8886//4454
f 8813//4454 8814//4454 8887//4454
f 8814//4454 8888//4454 8887//4454
f 8814//4454 8815//4454 8888//4454
f 8815//4454 8889//4454 8888//4454
f 8815//4454 8816//4454 8889//4454
f 8816//4454 8890//4454 8889//4454
f 8816//4454 8817//4454 8890//4454
f 8817//4454 8891//4454 8890//4454
f 8817//4454 8818//4454 8891//4454
f 8818//4454 8892//4454 8891//4454
f 8818//4454 8819//4454 8892//4454
f 8819//4454 8893//4454 8892//4454
f 8819//4454 8820//4454 8893//4454
f 8820//4454 8894//4454 8893//4454
f 8820//4454 8821//4454 8894//4454
f 8821//4454 8895//4454 8894//4454
f 8821//4454 8822//4454 8895//4454
f 8822//4454 8896//4454 8895//4454
f 8822//4454 8823//4454 8896//4454
f 8823//4454 8897//4454 8896//4454
f 8823//4454 8824//4454 8897//4454
f 8824//4454 8898//4454 8897//4454
f 8824//4454 8825//4454 8898//4454
f 8825//4454 8899//4454 8898//4454
f 8825//4454 8826//4454 8899//4454
f 8826//4454 8900//4454 8899//4454
f 8826//4454 8827//4454 8900//4454
f 8827//4454 8901//4454 8900//4454
f 8827//4454 8828//4454 8901//4454
f 8828//4454 8902//4454 8901//4454
f 8828//4454 8829//4454 8902//4454
f 8829//4454 8903//4454 8902//4454
f 8829//4454 8830//4454 8903//4454
f 8830//4454 8904//4454 8903//4454
f 8830//4454 8831//4454 8904//4454
f 8831//4454 8905//4454 8904//4454
f 8831//4454 8832//4454 8905//4454
f 8832//4454 8906//4454 8905//4454
f 8832//4454 8833//4454 8906//4454
g FarmSkirts
f 1//4455 4455//4455 2//4455
f 1//4455 4454//4455 4455//4455
f 2//4455 4456//4455 3//4455
f 2//4455 4455//4455 4456//4455
f 3//4455 4457//4455 4//4455
f 3//4455 4456//4455 4457//4455
f 4//4455 4458//4455 5//4455
f 4//4455 4457//4455 4458//4455
f 5//4455 4459//4455 6//4455
f 5//4455 4458//4455 4459//4455
f 6//4455 4460//4455 7//4455
f 6//4455 4459//4455 4460//4455
f 7//4455 4461//4455 8//4455
f 7//4455 4460//4455 4461//4455
f 8//4455 4462//4455 9//4455
f 8//4455 4461//4455 4462//4455
f 9//4455 4463//4455 10//4455
f 9//4455 4462//4455 4463//4455
f 10//4455 4464//4455 11//4455
f 10//4455 4463//4455 4464//4455
f 11//4455 4465//4455 12//4455
f 11//4455 4464//4455 4465//4455
f 12//4455 4466//4455 13//4455
f 12//4455 4465//4455 4466//4455
f 13//4455 4467//4455 14//4455
f 13//4455 4466//4455 4467//4455
f 14//4455 4468//4455 15//4455
f 14//4455 4467//4455 4468//4455
f 15//4455 4469//4455 16//4455
f 15//4455 4468//4455 4469//4455
f 16//4455 4470//4455 17//4455
f 16//4455 4469//4455 4470//4455
f 17//4455 4471//4455 18//4455
f 17//4455 4470//4455 4471//4455
f 18//4455 4472//4455 19//4455
f 18//4455 4471//4455 4472//4455
f 19//4455 4473//4455 20//4455
f 19//4455 4472//4455 4473//4455
f 20//4455 4474//4455 21//4455
f 20//4455 4473//4455 4474//4455
f 21//4455 4475//4455 22//4455
f 21//4455 4474//4455 4475//4455
f 22//4455 4476//4455 23//4455
f 22//4455 4475//4455 4476//4455
f 23//4455 4477//4455 24//4455
f 23//4455 4476//4455 4477//4455
f 24//4455 4478//4455 25//4455
f 24//4455 4477//4455 4478//4455
f 25//4455 4479//4455 26//4455
f 25//4455 4478//4455 4479//4455
f 26//4455 4480//4455 27//4455
f 26//4455 4479//4455 4480//4455
f 27//4455 4481//4455 28//4455
f 27//4455 4480//4455 4481//4455
f 28//4455 4482//4455 29//4455
f 28//4455 4481//4455 4482//4455
f 29//4455 4483//4455 30//4455
f 29//4455 4482//4455 4483//4455
f 30//4455 4484//4455 31//4455
f 30//4455 4483//4455 4484//4455
f 31//4455 4485//4455 32//4455
f 31//4455 4484//4455 4485//4455
f 32//4455 4486//4455 33//4455
f 32//4455 4485//4455 4486//4455
f 33//4455 4487//4455 34//4455
f 33//4455 4486//4455 4487//4455
f 34//4455 4488//4455 35//4455
f 34//4455 4487//4455 4488//4455
f 35//4455 4489//4455 36//4455
f 35//4455 4488//4455 4489//4455
f 36//4455 4490//4455 37//4455
f 36//4455 4489//4455 4490//4455
f 37//4455 4491//4455 38//4455
f 37//4455 4490//4455 4491//4455
f 38//4455 4492//4455 39//4455
f 38//4455 4491//4455 4492//4455
f 39//4455 4493//4455 40//4455
f 39//4455 4492//4455 4493//4455
f 40//4455 4494//4455 41//4455
f 40//4455 4493//4455 4494//4455
f 41//4455 4495//4455 42//4455
f 41//4455 4494//4455 4495//4455
f 42//4455 4496//4455 43//4455
f 42//4455 4495//4455 4496//4455
f 43//4455 4497//4455 44//4455
f 43//4455 4496//4455 4497//4455
f 44//4455 4498//4455 45//4455
f 44//4455 4497//4455 4498//4455
f 45//4455 4499//4455 46//4455
f 45//4455 4498//4455 4499//4455
f 46//4455 4500//4455 47//4455
f 46//4455 4499//4455 4500//4455
f 47//4455 4501//4455 48//4455
f 47//4455 4500//4455 4501//4455
f 48//4455 4502//4455 49//4455
f 48//4455 4501//4455 4502//4455
f 49//4455 4503//4455 50//4455
f 49//4455 4502//4455 4503//4455
f 50//4455 4504//4455 51//4455
f 50//4455 4503//4455 4504//4455
f 51//4455 4505//4455 52//4455
f 51//4455 4504//4455 4505//4455
f 52//4455 4506//4455 53//4455
f 52//4455 4505//4455 4506//4455
f 53//4455 4507//4455 54//4455
f 53//4455 4506//4455 4507//4455
f 54//4455 4508//4455 55//4455
f 54//4455 4507//4455 4508//4455
f 55//4455 4509//4455 56//4455
f 55//4455 4508//4455 4509//4455
f 56//4455 4510//4455 57//4455
f 56//4455 4509//4455 4510//4455
f 57//4455 4511//4455 58//4455
f 57//4455 4510//4455 4511//4455
f 58//4455 4512//4455 59//4455
f 58//4455 4511//4455 4512//4455
f 59//4455 4513//4455 60//4455
f 59//4455 4512//4455 4513//4455
f 60//4455 4514//4455 61//4455
f 60//4455 4513//4455 4514//4455
f 61//4455 4515//4455 62//4455
f 61//4455 4514//4455 4515//4455
f 62//4455 4516//4455 63//4455
f 62//4455 4515//4455 4516//4455
f 63//4455 4517//4455 64//4455
f 63//4455 4516//4455 4517//4455
f 64//4455 4518//4455 65//4455
f 64//4455 4517//4455 4518//4455
f 65//4455 4519//4455 66//4455
f 65//4455 4518//4455 4519//4455
f 66//4455 4520//4455 67//4455
f 66//4455 4519//4455 4520//4455
f 67//4455 4521//4455 68//4455
f 67//4455 4520//4455 4521//4455
f 68//4455 4522//4455 69//4455
f 68//4455 4521//4455 4522//4455
f 69//4455 4523//4455 70//4455
f 69//4455 4522//4455 4523//4455
f 70//4455 4524//4455 71//4455
f 70//4455 4523//4455 4524//4455
f 71//4455 4525//4455 72//4455
f 71//4455 4524//4455 4525//4455
f 72//4455 4526//4455 73//4455
f 72//4455 4525//4455 4526//4455
f 4381//4456 4382//4456 8835//4456
f 4381//4456 8835//4456 8834//4456
f 4382//4456 4383//4456 8836//4456
f 4382//4456 8836//4456 8835//4456
f 4383//4456 4384//4456 8837//4456
f 4383//4456 8837//4456 8836//4456
f 4384//4456 4385//4456 8838//4456
f 4384//4456 8838//4456 8837//4456
f 4385//4456 4386//4456 8839//4456
f 4385//4456 8839//4456 8838//4456
f 4386//4456 4387//4456 8840//4456
f 4386//4456 8840//4456 8839//4456
f 4387//4456 4388//4456 8841//4456
f 4387//4456 8841//4456 8840//4456
f 4388//4456 4389//4456 8842//4456
f 4388//4456 8842//4456 8841//4456
f 4389//4456 4390//4456 8843//4456
f 4389//4456 8843//4456 8842//4456
f 4390//4456 4391//4456 8844//4456
f 4390//4456 8844//4456 8843//4456
f 4391//4456 4392//4456 8845//4456
f 4391//4456 8845//4456 8844//4456
f 4392//4456 4393//4456 8846//4456
f 4392//4456 8846//4456 8845//4456
f 4393//4456 4394//4456 8847//4456
f 4393//4456 8847//4456 8846//4456
f 4394//4456 4395//4456 8848//4456
f 4394//4456 8848//4456 8847//4456
f 4395//4456 4396//4456 8849//4456
f 4395//4456 8849//4456 8848//4456
f 4396//4456 4397//4456 8850//4456
f 4396//4456 8850//4456 8849//4456
f 4397//4456 4398//4456 8851//4456
f 4397//4456 8851//4456 8850//4456
f 4398//4456 4399//4456 8852//4456
f 4398//4456 8852//4456 8851//4456
f 4399//4456 4400//4456 8853//4456
f 4399//4456 8853//4456 8852//4456
f 4400//4456 4401//4456 8854//4456
f 4400//4456 8854//4456 8853//4456
f 4401//4456 4402//4456 8855//4456
f 4401//4456 8855//4456 8854//4456
f 4402//4456 4403//4456 8856//4456
f 4402//4456 8856//4456 8855//4456
f 4403//4456 4404//4456 8857//4456
f 4403//4456 8857//4456 8856//4456
f 4404//4456 4405//4456 8858//4456
f 4404//4456 8858//4456 8857//4456
f 4405//4456 4406//4456 8859//4456
f 4405//4456 8859//4456 8858//4456
f 4406//4456 4407//4456 8860//4456
f 4406//4456 8860//4456 8859//4456
f 4407//4456 4408//4456 8861//4456
f 4407//4456 8861//4456 8860//4456
f 4408//4456 4409//4456 8862//4456
f 4408//4456 8862//4456 8861//4456
f 4409//4456 4410//4456 8863//4456
f 4409//4456 8863//4456 8862//4456
f 4410//4456 4411//4456 8864//4456
f 4410//4456 8864//4456 8863//4456
f 4411//4456 4412//4456 8865//4456
f 4411//4456 8865//4456 8864//4456
f 4412//4456 4413//4456 8866//4456
f 4412//4456 8866//4456 8865//4456
f 4413//4456 4414//4456 8867//4456
f 4413//4456 8867//4456 8866//4456
f 4414//4456 4415//4456 8868//4456
f 4414//4456 8868//4456 8867//4456
f 4415//4456 4416//4456 8869//4456
f 4415//4456 8869//4456 8868//4456
f 4416//4456 4417//4456 8870//4456
f 4416//4456 8870//4456 8869//4456
f 4417//4456 4418//4456 8871//4456
f 4417//4456 8871//4456 8870//4456
f 4418//4456 4419//4456 8872//4456
f 4418//4456 8872//4456 8871//4456
f 4419//4456 4420//4456 8873//4456
f 4419//4456 8873//4456 8872//4456
f 4420//4456 4421//4456 8874//4456
f 4420//4456 8874//4456 8873//4456
f 4421//4456 4422//4456 8875//4456
f 4421//4456 8875//4456 8874//4456
f 4422//4456 4423//4456 8876//4456
f 4422//4456 8876//4456 8875//4456
f 4423//4456 4424//4456 8877//4456
f 4423//4456 8877//4456 8876//4456
f 4424//4456 4425//4456 8878//4456
f 4424//4456 8878//4456 8877//4456
f 4425//4456 4426//4456 8879//4456
f 4425//4456 8879//4456 8878//4456
f 4426//4456 4427//4456 8880//4456
f 4426//4456 8880//4456 8879//4456
f 4427//4456 4428//4456 8881//4456
f 4427//4456 8881//4456 8880//4456
f 4428//4456 4429//4456 8882//4456
f 4428//4456 8882//4456 8881//4456
f 4429//4456 4430//4456 8883//4456
f 4429//4456 8883//4456 8882//4456
f 4430//4456 4431//4456 8884//4456
f 4430//4456 8884//4456 8883//4456
f 4431//4456 4432//4456 8885//4456
f 4431//4456 8885//4456 8884//4456
f 4432//4456 4433//4456 8886//4456
f 4432//4456 8886//4456 8885//4456
f 4433//4456 4434//4456 8887//4456
f 4433//4456 8887//4456 8886//4456
f 4434//4456 4435//4456 8888//4456
f 4434//4456 8888//4456 8887//4456
f 4435//4456 4436//4456 8889//4456
f 4435//4456 8889//4456 8888//4456
f 4436//4456 4437//4456 8890//4456
f 4436//4456 8890//4456 8889//4456
f 4437//4456 4438//4456 8891//4456
f 4437//4456 8891//4456 8890//4456
f 4438//4456 4439//4456 8892//4456
f 4438//4456 8892//4456 8891//4456
f 4439//4456 4440//4456 8893//4456
f 4439//4456 8893//4456 8892//4456
f 4440//4456 4441//4456 8894//4456
f 4440//4456 8894//4456 8893//4456
f 4441//4456 4442//4456 8895//4456
f 4441//4456 8895//4456 8894//4456
f 4442//4456 4443//4456 8896//4456
f 4442//4456 8896//4456 8895//4456
f 4443//4456 4444//4456 8897//4456
f 4443//4456 8897//4456 8896//4456
f 4444//4456 4445//4456 8898//4456
f 4444//4456 8898//4456 8897//4456
f 4445//4456 4446//4456 8899//4456
f 4445//4456 8899//4456 8898//4456
f 4446//4456 4447//4456 8900//4456
f 4446//4456 8900//4456 8899//4456
f 4447//4456 4448//4456 8901//4456
f 4447//4456 8901//4456 8900//4456
f 4448//4456 4449//4456 8902//4456
f 4448//4456 8902//4456 8901//4456
f 4449//4456 4450//4456 8903//4456
f 4449//4456 8903//4456 8902//4456
f 4450//4456 4451//4456 8904//4456
f 4450//4456 8904//4456 8903//4456
f 4451//4456 4452//4456 8905//4456
f 4451//4456 8905//4456 8904//4456
f 4452//4456 4453//4456 8906//4456
f 4452//4456 8906//4456 8905//4456
f 1//4457 74//4457 4527//4457
f 1//4457 4527//4457 4454//4457
f 74//4457 147//4457 4600//4457
f 74//4457 4600//4457 4527//4457
f 147//4457 220//4457 4673//4457
f 147//4457 4673//4457 4600//4457
f 220//4457 293//4457 4746//4457
f 220//4457 4746//4457 4673//4457
f 293//4457 366//4457 4819//4457
f 293//4457 4819//4457 4746//4457
f 366//4457 439//4457 4892//4457
f 366//4457 4892//4457 4819//4457
f 439//4457 512//4457 4965//4457
f 439//4457 4965//4457 4892//4457
f 512//4457 585//4457 5038//4457
f 512//4457 5038//4457 4965//4457
f 585//4457 658//4457 5111//4457
f 585//4457 5111//4457 5038//4457
f 658//4457 731//4457 5184//4457
f 658//4457 5184//4457 5111//4457
f 731//4457 804//4457 5257//4457
f 731//4457 5257//4457 5184//4457
f 804//4457 877//4457 5330//4457
f 804//4457 5330//4457 5257//4457
f 877//4457 950//4457 5403//4457
f 877//4457 5403//4457 5330//4457
f 950//4457 1023//4457 5476//4457
f 950//4457 5476//4457 5403//4457
f 1023//4457 1096//4457 5549//4457
f 1023//4457 5549//4457 5476//4457
f 1096//4457 1169//4457 5622//4457
f 1096//4457 5622//4457 5549//4457
f 1169//4457 1242//4457 5695//4457
f 1169//4457 5695//4457 5622//4457
f 1242//4457 1315//4457 5768//4457
f 1242//4457 5768//4457 5695//4457
f 1315//4457 1388//4457 5841//4457
f 1315//4457 5841//4457 5768//4457
f 1388//4457 1461//4457 5914//4457
f 1388//4457 5914//4457 5841//4457
f 1461//4457 1534//4457 5987//4457
f 1461//4457 5987//4457 5914//4457
f 1534//4457 1607//4457 6060//4457
f 1534//4457 6060//4457 5987//4457
f 1607//4457 1680//4457 6133//4457
f 1607//4457 6133//4457 6060//4457
f 1680//4457 1753//4457 6206//4457
f 1680//4457 6206//4457 6133//4457
f 1753//4457 1826//4457 6279//4457
f 1753//4457 6279//4457 6206//4457
f 1826//4457 1899//4457 6352//4457
f 1826//4457 6352//4457 6279//4457
f 1899//4457 1972//4457 6425//4457
f 1899//4457 6425//4457 6352//4457
f 1972//4457 2045//4457 6498//4457
f 1972//4457 6498//4457 6425//4457
f 2045//4457 2118//4457 6571//4457
f 2045//4457 6571//4457 6498//4457
f 2118//4457 2191//4457 6644//4457
f 2118//4457 6644//4457 6571//4457
f 2191//4457 2264//4457 6717//4457
f 2191//4457 6717//4457 6644//4457
f 2264//4457 2337//4457 6790//4457
f 2264//4457 6790//4457 6717//4457
f 2337//4457 2410//4457 6863//4457
f 2337//4457 6863//4457 6790//4457
f 2410//4457 2483//4457 6936//4457
f 2410//4457 6936//4457 6863//4457
f 2483//4457 2556//4457 7009//4457
f 2483//4457 7009//4457 6936//4457
f 2556//4457 2629//4457 7082//4457
f 2556//4457 7082//4457 7009//4457
f 2629//4457 2702//4457 7155//4457
f 2629//4457 7155//4457 7082//4457
f 2702//4457 2775//4457 7228//4457
f 2702//4457 7228//4457 7155//4457
f 2775//4457 2848//4457 7301//4457
f 2775//4457 7301//4457 7228//4457
f 2848//4457 2921//4457 7374//4457
f 2848//4457 7374//4457 7301//4457
f 2921//4457 2994//4457 7447//4457
f 2921//4457 7447//4457 7374//4457
f 2994//4457 3067//4457 7520//4457
f 2994//4457 7520//4457 7447//4457
f 3067//4457 3140//4457 7593//4457
f 3067//4457 7593//4457 7520//4457
f 3140//4457 3213//4457 7666//4457
f 3140//4457 7666//4457 7593//4457
f 3213//4457 3286//4457 7739//4457
f 3213//4457 7739//4457 7666//4457
f 3286//4457 3359//4457 7812//4457
f 3286//4457 7812//4457 7739//4457
f 3359//4457 3432//4457 7885//4457
f 3359//4457 7885//4457 7812//4457
f 3432//4457 3505//4457 7958//4457
f 3432//4457 7958//4457 7885//4457
f 3505//4457 3578//4457 8031//4457
f 3505//4457 8031//4457 7958//4457
f 3578//4457 3651//4457 8104//4457
f 3578//4457 8104//4457 8031//4457
f 3651//4457 3724//4457 8177//4457
f 3651//4457 8177//4457 8104//4457
f 3724//4457 3797//4457 8250//4457
f 3724//4457 8250//4457 8177//4457
f 3797//4457 3870//4457 8323//4457
f 3797//4457 8323//4457 8250//4457
f 3870//4457 3943//4457 8396//4457
f 3870//4457 8396//4457 8323//4457
f 3943//4457 4016//4457 8469//4457
f 3943//4457 8469//4457 8396//4457
f 4016//4457 4089//4457 8542//4457
f 4016//4457 8542//4457 8469//4457
f 4089//4457 4162//4457 8615//4457
f 4089//4457 8615//4457 8542//4457
f 4162//4457 4235//4457 8688//4457
f 4162//4457 8688//4457 8615//4457
f 4235//4457 4308//4457 8761//4457
f 4235//4457 8761//4457 8688//4457
f 4308//4457 4381//4457 8834//4457
f 4308//4457 8834//4457 8761//4457
f 73//4458 4599//4458 146//4458
f 73//4458 4526//4458 4599//4458
f 146//4458 4672//4458 219//4458
f 146//4458 4599//4458 4672//4458
f 219//4458 4745//4458 292//4458
f 219//4458 4672//4458 4745//4458
f 292//4458 4818//4458 365//4458
f 292//4458 4745//4458 4818//4458
f 365//4458 4891//4458 438//4458
f 365//4458 4818//4458 4891//4458
f 438//4458 4964//4458 511//4458
f 438//4458 4891//4458 4964//4458
f 511//4458 5037//4458 584//4458
f 511//4458 4964//4458 5037//4458
f 584//4458 5110//4458 657//4458
f 584//4458 5037//4458 5110//4458
f 657//4458 5183//4458 730//4458
f 657//4458 5110//4458 5183//4458
f 730//4458 5256//4458 803//4458
f 730//4458 5183//4458 5256//4458
f 803//4458 5329//4458 876//4458
f 803//4458 5256//4458 5329//4458
f 876//4458 5402//4458 949//4458
f 876//4458 5329//4458 5402//4458
f 949//4458 5475//4458 1022//4458
f 949//4458 5402//4458 5475//4458
f 1022//4458 5548//4458 1095//4458
f 1022//4458 5475//4458 5548//4458
f 1095//4458 5621//4458 1168//4458
f 1095//4458 5548//4458 5621//4458
f 1168//4458 5694//4458 1241//4458
f 1168//4458 5621//4458 5694//4458
f 1241//4458 5767//4458 1314//4458
f 1241//4458 5694//4458 5767//4458
f 1314//4458 5840//4458 1387//4458
f 1314//4458 5767//4458 5840//4458
f 1387//4458 5913//4458 1460//4458
f 1387//4458 5840//4458 5913//4458
f 1460//4458 5986//4458 1533//4458
f 1460//4458 5913//4458 5986//4458
f 1533//4458 6059//4458 1606//4458
f 1533//4458 5986//4458 6059//4458
f 1606//4458 6132//4458 1679//4458
f 1606//4458 6059//4458 6132//4458
f 1679//4458 6205//4458 1752//4458
f 1679//4458 6132//4458 6205//4458
f 1752//4458 6278//4458 1825//4458
f 1752//4458 6205//4458 6278//4458
f 1825//4458 6351//4458 1898//4458
f 1825//4458 6278//4458 6351//4458
f 1898//4458 6424//4458 1971//4458
f 1898//4458 6351//4458 6424//4458
f 1971//4458 6497//4458 2044//4458
f 1971//4458 6424//4458 6497//4458
f 2044//4458 6570//4458 2117//4458
f 2044//4458 6497//4458 6570//4458
f 2117//4458 6643//4458 2190//4458
f 2117//4458 6570//4458 6643//4458
f 2190//4458 6716//4458 2263//4458
f 2190//4458 6643//4458 6716//4458
f 2263//4458 6789//4458 2336//4458
f 2263//4458 6716//4458 6789//4458
f 2336//4458 6862//4458 2409//4458
f 2336//4458 6789//4458 6862//4458
f 2409//4458 6935//4458 2482//4458
f 2409//4458 6862//4458 6935//4458
f 2482//4458 7008//4458 2555//4458
f 2482//4458 6935//4458 7008//4458
f 2555//4458 7081//4458 2628//4458
f 2555//4458 7008//4458 7081//4458
f 2628//4458 7154//4458 2701//4458
f 2628//4458 7081//4458 7154//4458
f 2701//4458 7227//4458 2774//4458
f 2701//4458 7154//4458 7227//4458
f 2774//4458 7300//4458 2847//4458
f 2774//4458 7227//4458 7300//4458
f 2847//4458 7373//4458 2920//4458
f 2847//4458 7300//4458 7373//4458
f 2920//4458 7446//4458 2993//4458
f 2920//4458 7373//4458 7446//4458
f 2993//4458 7519//4458 3066//4458
f 2993//4458 7446//4458 7519//4458
f 3066//4458 7592//4458 3139//4458
f 3066//4458 7519//4458 7592//4458
f 3139//4458 7665//4458 3212//4458
f 3139//4458 7592//4458 7665//4458
f 3212//4458 7738//4458 3285//4458
f 3212//4458 7665//4458 7738//4458
f 3285//4458 7811//4458 3358//4458
f 3285//4458 7738//4458 7811//4458
f 3358//4458 7884//4458 3431//4458
f 3358//4458 7811//4458 7884//4458
f 3431//4458 7957//4458 3504//4458
f 3431//4458 7884//4458 7957//4458
f 3504//4458 8030//4458 3577//4458
f 3504//4458 7957//4458 8030//4458
f 3577//4458 8103//4458 3650//4458
f 3577//4458 8030//4458 8103//4458
f 3650//4458 8176//4458 3723//4458
f 3650//4458 8103//4458 8176//4458
f 3723//4458 8249//4458 3796//4458
f 3723//4458 8176//4458 8249//4458
f 3796//4458 8322//4458 3869//4458
f 3796//4458 8249//4458 8322//4458
f 3869//4458 8395//4458 3942//4458
f 3869//4458 8322//4458 8395//4458
f 3942//4458 8468//4458 4015//4458
f 3942//4458 8395//4458 8468//4458
f 4015//4458 8541//4458 4088//4458
f 4015//4458 8468//4458 8541//4458
f 4088//4458 8614//4458 4161//4458
f 4088//4458 8541//4458 8614//4458
f 4161//4458 8687//4458 4234//4458
f 4161//4458 8614//4458 8687//4458
f 4234//4458 8760//4458 4307//4458
f 4234//4458 8687//4458 8760//4458
f 4307//4458 8833//4458 4380//4458
f 4307//4458 8760//4458 8833//4458
f 4380//4458 8906//4458 4453//4458
f 4380//4458 8833//4458 8906//4458
